code,name,market,sector,status,priceStatus,financialStatus,metricSource,action,lastClose,priceJudgement,financialError
1301,極洋,プライム（内国株式）,水産・農林業,自動チェック完了,月次価格取得済み,財務取得済み,irbank:2026/03,ランキング判定に利用,4505,中立,
130A,Ｖｅｒｉｔａｓ　Ｉｎ　Ｓｉｌｉｃｏ,グロース（内国株式）,医薬品,自動チェック完了,月次価格取得済み,財務取得済み,irbank:2026/03,ランキング判定に利用,425,見送り寄り,
1332,ニッスイ,プライム（内国株式）,水産・農林業,自動チェック完了,月次価格取得済み,財務取得済み,irbank:2026/03,ランキング判定に利用,1305,中立,
1333,Ｕｍｉｏｓ,プライム（内国株式）,水産・農林業,自動チェック完了,月次価格取得済み,財務取得済み,irbank:2026/03,ランキング判定に利用,1318,中立,
135A,ＶＲＡＩＮ　Ｓｏｌｕｔｉｏｎ,グロース（内国株式）,情報・通信業,自動チェック完了,月次価格取得済み,財務取得済み,irbank:2026/02,ランキング判定に利用,4115,中立,
1375,ユキグニファクトリー,プライム（内国株式）,水産・農林業,自動チェック完了,月次価格取得済み,財務取得済み,irbank:2026/03,ランキング判定に利用,1183,中立,
1376,カネコ種苗,スタンダード（内国株式）,水産・農林業,自動チェック完了,月次価格取得済み,財務取得済み,irbank:2026/02,ランキング判定に利用,1483,見送り寄り,
1377,サカタのタネ,プライム（内国株式）,水産・農林業,自動チェック完了,月次価格取得済み,財務取得済み,irbank:2026/02,ランキング判定に利用,4275,中立,
1379,ホクト,プライム（内国株式）,水産・農林業,自動チェック完了,月次価格取得済み,財務取得済み,irbank:2026/03,ランキング判定に利用,1911,見送り寄り,
137A,Ｃｏｃｏｌｉｖｅ,グロース（内国株式）,情報・通信業,自動チェック完了,月次価格取得済み,財務取得済み,irbank:2026/02,ランキング判定に利用,804,中立,
1380,秋川牧園,スタンダード（内国株式）,水産・農林業,自動チェック完了,月次価格取得済み,財務取得済み,irbank:2026/03,ランキング判定に利用,1002,見送り寄り,
1381,アクシーズ,スタンダード（内国株式）,水産・農林業,自動チェック完了,月次価格取得済み,財務取得済み,irbank:2026/03,ランキング判定に利用,3515,見送り寄り,
1382,ホーブ,スタンダード（内国株式）,水産・農林業,自動チェック完了,月次価格取得済み,財務取得済み,irbank:2026/03,ランキング判定に利用,1066,未約定,
1383,ベルグアース,スタンダード（内国株式）,水産・農林業,自動チェック完了,月次価格取得済み,財務取得済み,irbank:2026/04,ランキング判定に利用,2929,中立,
1384,ホクリヨウ,スタンダード（内国株式）,水産・農林業,自動チェック完了,月次価格取得済み,財務取得済み,irbank:2026/03,ランキング判定に利用,2021,中立,
138A,光フードサービス,グロース（内国株式）,小売業,自動チェック完了,月次価格取得済み,財務取得済み,irbank:2026/02,ランキング判定に利用,3095,良さそう,
1401,エムビーエス,グロース（内国株式）,建設業,自動チェック完了,月次価格取得済み,財務取得済み,irbank:2026/02,ランキング判定に利用,1290,見送り寄り,
1407,ウエストホールディングス,スタンダード（内国株式）,建設業,自動チェック完了,月次価格取得済み,財務取得済み,irbank:2026/02,ランキング判定に利用,2237,中立,
1414,ショーボンドホールディングス,プライム（内国株式）,建設業,自動チェック完了,月次価格取得済み,財務取得済み,irbank:2026/03,ランキング判定に利用,1270,中立,
1417,ミライト・ワン,プライム（内国株式）,建設業,自動チェック完了,月次価格取得済み,財務取得済み,irbank:2026/03,ランキング判定に利用,3757,中立,
1418,インターライフホールディングス,スタンダード（内国株式）,建設業,自動チェック完了,月次価格取得済み,財務取得済み,irbank:2026/02,ランキング判定に利用,535,中立,
1419,タマホーム,プライム（内国株式）,建設業,自動チェック完了,月次価格取得済み,財務取得済み,irbank:2026/02,ランキング判定に利用,3005,中立,
141A,トライアルホールディングス,グロース（内国株式）,小売業,自動チェック完了,月次価格取得済み,財務取得済み,irbank:2026/03,ランキング判定に利用,3010,中立,
1420,サンヨーホームズ,スタンダード（内国株式）,建設業,自動チェック完了,月次価格取得済み,財務取得済み,irbank:2026/03,ランキング判定に利用,634,中立,
1429,日本アクア,プライム（内国株式）,建設業,自動チェック完了,月次価格取得済み,財務取得済み,irbank:2026/03,ランキング判定に利用,741,中立,
142A,ジンジブ,グロース（内国株式）,サービス業,自動チェック完了,月次価格取得済み,財務取得済み,irbank:2026/03,ランキング判定に利用,763,中立,
1430,ファーストコーポレーション,スタンダード（内国株式）,建設業,自動チェック完了,月次価格取得済み,財務取得済み,irbank:2026/02,ランキング判定に利用,960,中立,
1431,Ｌｉｂ　Ｗｏｒｋ,グロース（内国株式）,建設業,自動チェック完了,月次価格取得済み,財務取得済み,irbank:2026/03,ランキング判定に利用,645,見送り寄り,
1433,ベステラ,プライム（内国株式）,建設業,自動チェック完了,月次価格取得済み,財務取得済み,irbank:2026/04,ランキング判定に利用,1135,中立,
1434,ＪＥＳＣＯホールディングス,スタンダード（内国株式）,建設業,自動チェック完了,月次価格取得済み,財務取得済み,irbank:2026/02,ランキング判定に利用,1810,中立,
1435,ｒｏｂｏｔ　ｈｏｍｅ,スタンダード（内国株式）,不動産業,自動チェック完了,月次価格取得済み,財務取得済み,irbank:2026/03,ランキング判定に利用,163,中立,
1436,グリーンエナジー＆カンパニー,グロース（内国株式）,建設業,自動チェック完了,月次価格取得済み,財務取得済み,irbank:2026/04,ランキング判定に利用,1413,中立,
1438,岐阜造園,スタンダード（内国株式）,建設業,自動チェック完了,月次価格取得済み,財務取得済み,irbank:2026/03,ランキング判定に利用,1910,中立,
143A,イシン,グロース（内国株式）,サービス業,自動チェック完了,月次価格取得済み,財務取得済み,irbank:2026/03,ランキング判定に利用,725,見送り寄り,
1443,技研ホールディングス,スタンダード（内国株式）,建設業,自動チェック完了,月次価格取得済み,財務取得済み,irbank:2026/03,ランキング判定に利用,247,良さそう,
1444,ニッソウ,グロース（内国株式）,建設業,自動チェック完了,月次価格取得済み,財務取得済み,irbank:2026/04,ランキング判定に利用,2881,良さそう,
1446,キャンディル,スタンダード（内国株式）,建設業,自動チェック完了,月次価格取得済み,財務取得済み,irbank:2026/03,ランキング判定に利用,534,良さそう,
1447,ＳＡＡＦホールディングス,グロース（内国株式）,建設業,自動チェック完了,月次価格取得済み,財務取得済み,irbank:2026/03,ランキング判定に利用,439,良さそう,
1450,ＴＡＮＡＫＥＮ,スタンダード（内国株式）,建設業,自動チェック完了,月次価格取得済み,財務取得済み,irbank:2026/03,ランキング判定に利用,1367,見送り寄り,
145A,Ｌ　ｉｓ　Ｂ,グロース（内国株式）,情報・通信業,自動チェック完了,月次価格取得済み,財務取得済み,irbank:2026/03,ランキング判定に利用,805,見送り寄り,
146A,コロンビア・ワークス,スタンダード（内国株式）,不動産業,自動チェック完了,月次価格取得済み,財務取得済み,irbank:2026/03,ランキング判定に利用,3170,中立,
147A,ソラコム,グロース（内国株式）,情報・通信業,自動チェック完了,月次価格取得済み,財務取得済み,irbank:2026/03,ランキング判定に利用,1060,中立,
148A,ハッチ・ワーク,グロース（内国株式）,情報・通信業,自動チェック完了,月次価格取得済み,財務取得済み,irbank:2026/03,ランキング判定に利用,1666,見送り寄り,
1491,中外鉱業,スタンダード（内国株式）,非鉄金属,自動チェック完了,月次価格取得済み,財務取得済み,irbank:2026/03,ランキング判定に利用,728,良さそう,
149A,シンカ,グロース（内国株式）,情報・通信業,自動チェック完了,月次価格取得済み,財務取得済み,irbank:2026/03,ランキング判定に利用,756,良さそう,
150A,ＪＳＨ,グロース（内国株式）,サービス業,自動チェック完了,月次価格取得済み,財務取得済み,irbank:2026/03,ランキング判定に利用,361,見送り寄り,
1514,住石ホールディングス,スタンダード（内国株式）,鉱業,自動チェック完了,月次価格取得済み,財務取得済み,confirmed,ランキング判定に利用,555,良さそう,
1515,日鉄鉱業,プライム（内国株式）,鉱業,自動チェック完了,月次価格取得済み,財務取得済み,irbank:2026/03,ランキング判定に利用,2375,良さそう,
1518,三井松島ホールディングス,プライム（内国株式）,その他製品,自動チェック完了,月次価格取得済み,財務取得済み,irbank:2026/03,ランキング判定に利用,1543,中立,
151A,ダイブ,グロース（内国株式）,サービス業,自動チェック完了,月次価格取得済み,財務取得済み,irbank:2026/03,ランキング判定に利用,636,見送り寄り,
153A,カウリス,グロース（内国株式）,情報・通信業,自動チェック完了,月次価格取得済み,財務取得済み,irbank:2026/03,ランキング判定に利用,1315,見送り寄り,
155A,情報戦略テクノロジー,グロース（内国株式）,情報・通信業,自動チェック完了,月次価格取得済み,財務取得済み,irbank:2026/03,ランキング判定に利用,884,良さそう,
156A,マテリアルグループ,グロース（内国株式）,サービス業,自動チェック完了,月次価格取得済み,財務取得済み,irbank:2026/02,ランキング判定に利用,894,中立,
157A,グリーンモンスター,グロース（内国株式）,サービス業,自動チェック完了,月次価格取得済み,財務取得済み,irbank:2026/03,ランキング判定に利用,918,良さそう,
1605,ＩＮＰＥＸ,プライム（内国株式）,鉱業,自動チェック完了,月次価格取得済み,財務取得済み,irbank:2026/03,ランキング判定に利用,3388,良さそう,
160A,アズパートナーズ,スタンダード（内国株式）,サービス業,自動チェック完了,月次価格取得済み,財務取得済み,irbank:2026/03,ランキング判定に利用,2016,見送り寄り,
1662,石油資源開発,プライム（内国株式）,鉱業,自動チェック完了,月次価格取得済み,財務取得済み,irbank:2026/03,ランキング判定に利用,1670,中立,
1663,Ｋ＆Ｏエナジーグループ,プライム（内国株式）,鉱業,自動チェック完了,月次価格取得済み,財務取得済み,irbank:2026/03,ランキング判定に利用,1845,中立,
166A,タスキホールディングス,グロース（内国株式）,不動産業,自動チェック完了,月次価格取得済み,財務取得済み,irbank:2026/03,ランキング判定に利用,1096,良さそう,
167A,リョーサン菱洋ホールディングス,プライム（内国株式）,卸売業,自動チェック完了,月次価格取得済み,財務取得済み,irbank:2026/03,ランキング判定に利用,2734,中立,
168A,イタミアート,グロース（内国株式）,その他製品,自動チェック完了,月次価格取得済み,財務取得済み,irbank:2026/04,ランキング判定に利用,1066,中立,
1711,ＳＤＳホールディングス,スタンダード（内国株式）,建設業,自動チェック完了,月次価格取得済み,財務取得済み,irbank:2026/03,ランキング判定に利用,238,良さそう,
1716,第一カッター興業,スタンダード（内国株式）,建設業,自動チェック完了,月次価格取得済み,財務取得済み,irbank:2026/03,ランキング判定に利用,1424,中立,
1717,明豊ファシリティワークス,スタンダード（内国株式）,サービス業,自動チェック完了,月次価格取得済み,財務取得済み,irbank:2026/03,ランキング判定に利用,944,見送り寄り,
1718,美樹工業,スタンダード（内国株式）,建設業,自動チェック完了,月次価格取得済み,財務取得済み,irbank:2026/03,ランキング判定に利用,6890,中立,
1719,安藤・間,プライム（内国株式）,建設業,自動チェック完了,月次価格取得済み,財務取得済み,irbank:2026/03,ランキング判定に利用,1826,中立,
1720,東急建設,プライム（内国株式）,建設業,自動チェック完了,月次価格取得済み,財務取得済み,irbank:2026/03,ランキング判定に利用,1199,良さそう,
1721,コムシスホールディングス,プライム（内国株式）,建設業,自動チェック完了,月次価格取得済み,財務取得済み,irbank:2026/03,ランキング判定に利用,5350,中立,
1723,日本電技,スタンダード（内国株式）,建設業,自動チェック完了,月次価格取得済み,財務取得済み,irbank:2026/03,ランキング判定に利用,2421,良さそう,
1724,シンクレイヤ,スタンダード（内国株式）,建設業,自動チェック完了,月次価格取得済み,財務取得済み,irbank:2026/03,ランキング判定に利用,684,見送り寄り,
1726,ビーアールホールディングス,プライム（内国株式）,建設業,自動チェック完了,月次価格取得済み,財務取得済み,irbank:2026/03,ランキング判定に利用,526.0,取得失敗,
1736,オーテック,スタンダード（内国株式）,建設業,自動チェック完了,月次価格取得済み,財務取得済み,irbank:2026/03,ランキング判定に利用,2589,良さそう,
173A,ハンモック,グロース（内国株式）,情報・通信業,自動チェック完了,月次価格取得済み,財務取得済み,irbank:2026/03,ランキング判定に利用,1399,見送り寄り,
1758,太洋基礎工業,スタンダード（内国株式）,建設業,自動チェック完了,月次価格取得済み,財務取得済み,irbank:2026/04,ランキング判定に利用,2426,見送り寄り,
175A,Ｗｉｌｌ　Ｓｍａｒｔ,グロース（内国株式）,情報・通信業,補完チェック完了,月次価格取得済み,財務補完済み,completionEstimate,補完データでチャートと広域判定に利用,588,見送り寄り,BPS、純資産、株数推定が不足
1762,高松コンストラクショングループ,プライム（内国株式）,建設業,自動チェック完了,月次価格取得済み,財務取得済み,irbank:2026/03,ランキング判定に利用,3625,中立,
1764,工藤建設,スタンダード（内国株式）,建設業,自動チェック完了,月次価格取得済み,財務取得済み,irbank:2026/03,ランキング判定に利用,2719,中立,
1766,東建コーポレーション,プライム（内国株式）,建設業,自動チェック完了,月次価格取得済み,財務取得済み,irbank:2026/04,ランキング判定に利用,13120,見送り寄り,
1768,ソネック,スタンダード（内国株式）,建設業,自動チェック完了,月次価格取得済み,財務取得済み,irbank:2026/03,ランキング判定に利用,1058,中立,
1770,藤田エンジニアリング,スタンダード（内国株式）,建設業,自動チェック完了,月次価格取得済み,財務取得済み,irbank:2026/03,ランキング判定に利用,2100,中立,
177A,コージンバイオ,グロース（内国株式）,化学,自動チェック完了,月次価格取得済み,財務取得済み,irbank:2026/03,ランキング判定に利用,856,中立,
1780,ヤマウラ,プライム（内国株式）,建設業,自動チェック完了,月次価格取得済み,財務取得済み,irbank:2026/03,ランキング判定に利用,1484,中立,
1783,ｆａｎｔａｓｉｓｔａ,スタンダード（内国株式）,不動産業,自動チェック完了,月次価格取得済み,財務取得済み,irbank:2026/03,ランキング判定に利用,50,見送り寄り,
1786,オリエンタル白石,プライム（内国株式）,建設業,自動チェック完了,月次価格取得済み,財務取得済み,irbank:2026/03,ランキング判定に利用,355,中立,
1787,ナカボーテック,スタンダード（内国株式）,建設業,自動チェック完了,月次価格取得済み,財務取得済み,irbank:2026/03,ランキング判定に利用,5750,中立,
1788,三東工業社,スタンダード（内国株式）,建設業,自動チェック完了,月次価格取得済み,財務取得済み,irbank:2026/03,ランキング判定に利用,4300,見送り寄り,
1793,大本組,スタンダード（内国株式）,建設業,自動チェック完了,月次価格取得済み,財務取得済み,irbank:2026/03,ランキング判定に利用,1965,良さそう,
1795,マサル,スタンダード（内国株式）,建設業,自動チェック完了,月次価格取得済み,財務取得済み,irbank:2026/03,ランキング判定に利用,4955,良さそう,
1798,守谷商会,スタンダード（内国株式）,建設業,自動チェック完了,月次価格取得済み,財務取得済み,irbank:2026/03,ランキング判定に利用,1130,中立,
1799,第一建設工業,スタンダード（内国株式）,建設業,自動チェック完了,月次価格取得済み,財務取得済み,irbank:2026/03,ランキング判定に利用,3410,中立,
1801,大成建設,プライム（内国株式）,建設業,自動チェック完了,月次価格取得済み,財務取得済み,irbank:2026/03,ランキング判定に利用,14050,良さそう,
1802,大林組,プライム（内国株式）,建設業,自動チェック完了,月次価格取得済み,財務取得済み,irbank:2026/03,ランキング判定に利用,3255,良さそう,
1803,清水建設,プライム（内国株式）,建設業,自動チェック完了,月次価格取得済み,財務取得済み,irbank:2026/03,ランキング判定に利用,2501,良さそう,
1807,佐藤渡辺,スタンダード（内国株式）,建設業,自動チェック完了,月次価格取得済み,財務取得済み,irbank:2026/03,ランキング判定に利用,1819,中立,
1808,長谷工コーポレーション,プライム（内国株式）,建設業,自動チェック完了,月次価格取得済み,財務取得済み,irbank:2026/03,ランキング判定に利用,2836,中立,
1810,松井建設,スタンダード（内国株式）,建設業,自動チェック完了,月次価格取得済み,財務取得済み,irbank:2026/03,ランキング判定に利用,1415,中立,
1811,錢高組,スタンダード（内国株式）,建設業,自動チェック完了,月次価格取得済み,財務取得済み,irbank:2026/03,ランキング判定に利用,8120,中立,
1812,鹿島建設,プライム（内国株式）,建設業,自動チェック完了,月次価格取得済み,財務取得済み,irbank:2026/03,ランキング判定に利用,5840,良さそう,
1813,不動テトラ,プライム（内国株式）,建設業,自動チェック完了,月次価格取得済み,財務取得済み,irbank:2026/03,ランキング判定に利用,2705,中立,
1814,大末建設,プライム（内国株式）,建設業,自動チェック完了,月次価格取得済み,財務取得済み,confirmed,ランキング判定に利用,3455,中立,
1815,鉄建建設,プライム（内国株式）,建設業,自動チェック完了,月次価格取得済み,財務取得済み,irbank:2026/03,ランキング判定に利用,4590,中立,
1820,西松建設,プライム（内国株式）,建設業,自動チェック完了,月次価格取得済み,財務取得済み,irbank:2026/03,ランキング判定に利用,5395,中立,
1822,大豊建設,スタンダード（内国株式）,建設業,自動チェック完了,月次価格取得済み,財務取得済み,irbank:2026/03,ランキング判定に利用,801,良さそう,
1826,佐田建設,スタンダード（内国株式）,建設業,自動チェック完了,月次価格取得済み,財務取得済み,irbank:2026/03,ランキング判定に利用,1046,見送り寄り,
1827,ナカノフドー建設,スタンダード（内国株式）,建設業,自動チェック完了,月次価格取得済み,財務取得済み,irbank:2026/03,ランキング判定に利用,1264,良さそう,
1828,田辺工業,スタンダード（内国株式）,建設業,自動チェック完了,月次価格取得済み,財務取得済み,irbank:2026/03,ランキング判定に利用,2452,中立,
1833,奥村組,プライム（内国株式）,建設業,自動チェック完了,月次価格取得済み,財務取得済み,irbank:2026/03,ランキング判定に利用,5680,良さそう,
1835,東鉄工業,プライム（内国株式）,建設業,自動チェック完了,月次価格取得済み,財務取得済み,irbank:2026/03,ランキング判定に利用,4225,中立,
1840,土屋ホールディングス,スタンダード（内国株式）,建設業,自動チェック完了,月次価格取得済み,財務取得済み,irbank:2026/04,ランキング判定に利用,238,中立,
1844,大盛工業,スタンダード（内国株式）,建設業,自動チェック完了,月次価格取得済み,財務取得済み,irbank:2026/04,ランキング判定に利用,503,中立,
1847,イチケン,スタンダード（内国株式）,建設業,自動チェック完了,月次価格取得済み,財務取得済み,irbank:2026/03,ランキング判定に利用,2630,良さそう,
1848,富士ピー・エス,スタンダード（内国株式）,建設業,自動チェック完了,月次価格取得済み,財務取得済み,irbank:2026/03,ランキング判定に利用,668,良さそう,
184A,学びエイド,グロース（内国株式）,情報・通信業,自動チェック完了,月次価格取得済み,財務取得済み,irbank:2026/04,ランキング判定に利用,303,見送り寄り,
1850,南海辰村建設,スタンダード（内国株式）,建設業,自動チェック完了,月次価格取得済み,財務取得済み,irbank:2026/03,ランキング判定に利用,440,中立,
1852,淺沼組,プライム（内国株式）,建設業,自動チェック完了,月次価格取得済み,財務取得済み,irbank:2026/03,ランキング判定に利用,851,良さそう,
1853,森組,スタンダード（内国株式）,建設業,自動チェック完了,月次価格取得済み,財務取得済み,irbank:2026/03,ランキング判定に利用,326,中立,
1860,戸田建設,プライム（内国株式）,建設業,自動チェック完了,月次価格取得済み,財務取得済み,irbank:2026/03,ランキング判定に利用,1597,良さそう,
1861,熊谷組,プライム（内国株式）,建設業,自動チェック完了,月次価格取得済み,財務取得済み,irbank:2026/03,ランキング判定に利用,1491,中立,
1866,北野建設,スタンダード（内国株式）,建設業,自動チェック完了,月次価格取得済み,財務取得済み,irbank:2026/03,ランキング判定に利用,1182,中立,
1867,植木組,スタンダード（内国株式）,建設業,自動チェック完了,月次価格取得済み,財務取得済み,irbank:2026/03,ランキング判定に利用,2564,良さそう,
186A,アストロスケールホールディングス,グロース（内国株式）,サービス業,補完チェック完了,月次価格取得済み,財務補完済み,completionEstimate,補完データでチャートと広域判定に利用,1073,中立,BPS、純資産、株数推定が不足
1870,矢作建設工業,プライム（内国株式）,建設業,自動チェック完了,月次価格取得済み,財務取得済み,irbank:2026/03,ランキング判定に利用,1868,見送り寄り,
1871,ピーエス・コンストラクション,プライム（内国株式）,建設業,自動チェック完了,月次価格取得済み,財務取得済み,irbank:2026/03,ランキング判定に利用,2197,良さそう,
1873,日本ハウスホールディングス,プライム（内国株式）,建設業,自動チェック完了,月次価格取得済み,財務取得済み,irbank:2026/04,ランキング判定に利用,309,見送り寄り,
1878,大東建託,プライム（内国株式）,不動産業,自動チェック完了,月次価格取得済み,財務取得済み,irbank:2026/03,ランキング判定に利用,3192,良さそう,
1879,新日本建設,プライム（内国株式）,建設業,自動チェック完了,月次価格取得済み,財務取得済み,irbank:2026/03,ランキング判定に利用,2095,中立,
1882,東亜道路工業,プライム（内国株式）,建設業,自動チェック完了,月次価格取得済み,財務取得済み,irbank:2026/03,ランキング判定に利用,1586,中立,
1885,東亜建設工業,プライム（内国株式）,建設業,自動チェック完了,月次価格取得済み,財務取得済み,irbank:2026/03,ランキング判定に利用,2064,良さそう,
1887,日本国土開発,プライム（内国株式）,建設業,自動チェック完了,月次価格取得済み,財務取得済み,irbank:2026/02,ランキング判定に利用,533,中立,
1888,若築建設,プライム（内国株式）,建設業,自動チェック完了,月次価格取得済み,財務取得済み,irbank:2026/03,ランキング判定に利用,3320,中立,
1893,五洋建設,プライム（内国株式）,建設業,自動チェック完了,月次価格取得済み,財務取得済み,irbank:2026/03,ランキング判定に利用,1662,中立,
1897,金下建設,スタンダード（内国株式）,建設業,自動チェック完了,月次価格取得済み,財務取得済み,confirmed,ランキング判定に利用,3180,良さそう,
1898,世紀東急工業,プライム（内国株式）,建設業,自動チェック完了,月次価格取得済み,財務取得済み,irbank:2026/03,ランキング判定に利用,1462,中立,
1899,福田組,プライム（内国株式）,建設業,自動チェック完了,月次価格取得済み,財務取得済み,irbank:2026/03,ランキング判定に利用,3700,見送り寄り,
189A,Ｄ＆Ｍカンパニー,グロース（内国株式）,サービス業,自動チェック完了,月次価格取得済み,財務取得済み,irbank:2026/02,ランキング判定に利用,973,見送り寄り,
1904,大成温調,スタンダード（内国株式）,建設業,自動チェック完了,月次価格取得済み,財務取得済み,irbank:2026/03,ランキング判定に利用,5120,中立,
1905,テノックス,スタンダード（内国株式）,建設業,自動チェック完了,月次価格取得済み,財務取得済み,irbank:2026/03,ランキング判定に利用,1506,良さそう,
1909,日本ドライケミカル,スタンダード（内国株式）,機械,自動チェック完了,月次価格取得済み,財務取得済み,irbank:2026/03,ランキング判定に利用,3695,中立,
190A,Ｃｈｏｒｄｉａ　Ｔｈｅｒａｐｅｕｔｉｃｓ,グロース（内国株式）,医薬品,自動チェック完了,月次価格取得済み,財務取得済み,irbank:2026/02,ランキング判定に利用,78,中立,
1911,住友林業,プライム（内国株式）,建設業,自動チェック完了,月次価格取得済み,財務取得済み,irbank:2026/03,ランキング判定に利用,1360,見送り寄り,
1914,日本基礎技術,スタンダード（内国株式）,建設業,自動チェック完了,月次価格取得済み,財務取得済み,irbank:2026/03,ランキング判定に利用,677,良さそう,
1921,巴コーポレーション,スタンダード（内国株式）,建設業,自動チェック完了,月次価格取得済み,財務取得済み,irbank:2026/03,ランキング判定に利用,1681,中立,
1925,大和ハウス工業,プライム（内国株式）,建設業,自動チェック完了,月次価格取得済み,財務取得済み,irbank:2026/03,ランキング判定に利用,4545,中立,
1926,ライト工業,プライム（内国株式）,建設業,自動チェック完了,月次価格取得済み,財務取得済み,irbank:2026/03,ランキング判定に利用,4070,良さそう,
1928,積水ハウス,プライム（内国株式）,建設業,自動チェック完了,月次価格取得済み,財務取得済み,irbank:2026/04,ランキング判定に利用,3505,中立,
1929,日特建設,プライム（内国株式）,建設業,自動チェック完了,月次価格取得済み,財務取得済み,irbank:2026/03,ランキング判定に利用,1126,良さそう,
192A,インテグループ,グロース（内国株式）,サービス業,自動チェック完了,月次価格取得済み,財務取得済み,irbank:2026/02,ランキング判定に利用,1235,未約定,
1930,北陸電気工事,プライム（内国株式）,建設業,自動チェック完了,月次価格取得済み,財務取得済み,irbank:2026/03,ランキング判定に利用,1617,中立,
1934,ユアテック,プライム（内国株式）,建設業,自動チェック完了,月次価格取得済み,財務取得済み,irbank:2026/03,ランキング判定に利用,2410,中立,
1938,日本リーテック,プライム（内国株式）,建設業,自動チェック完了,月次価格取得済み,財務取得済み,irbank:2026/03,ランキング判定に利用,2588,良さそう,
1939,四電工,プライム（内国株式）,建設業,自動チェック完了,月次価格取得済み,財務取得済み,irbank:2026/03,ランキング判定に利用,1998,良さそう,
1941,中電工,プライム（内国株式）,建設業,自動チェック完了,月次価格取得済み,財務取得済み,irbank:2026/03,ランキング判定に利用,5220,中立,
1942,関電工,プライム（内国株式）,建設業,自動チェック完了,月次価格取得済み,財務取得済み,irbank:2026/03,ランキング判定に利用,6468,中立,
1944,きんでん,プライム（内国株式）,建設業,自動チェック完了,月次価格取得済み,財務取得済み,irbank:2026/03,ランキング判定に利用,7792,中立,
1945,東京エネシス,プライム（内国株式）,建設業,自動チェック完了,月次価格取得済み,財務取得済み,irbank:2026/03,ランキング判定に利用,2070,中立,
1946,トーエネック,プライム（内国株式）,建設業,自動チェック完了,月次価格取得済み,財務取得済み,irbank:2026/03,ランキング判定に利用,2185,見送り寄り,
1948,弘電社,スタンダード（内国株式）,建設業,自動チェック完了,月次価格取得済み,財務取得済み,irbank:2026/03,ランキング判定に利用,11420,良さそう,
194A,ＷＯＬＶＥＳ　ＨＡＮＤ,グロース（内国株式）,サービス業,自動チェック完了,月次価格取得済み,財務取得済み,irbank:2026/03,ランキング判定に利用,1665,良さそう,
1950,日本電設工業,プライム（内国株式）,建設業,自動チェック完了,月次価格取得済み,財務取得済み,irbank:2026/03,ランキング判定に利用,4210,良さそう,
1951,エクシオグループ,プライム（内国株式）,建設業,自動チェック完了,月次価格取得済み,財務取得済み,irbank:2026/03,ランキング判定に利用,2700,良さそう,
1952,新日本空調,プライム（内国株式）,建設業,自動チェック完了,月次価格取得済み,財務取得済み,irbank:2026/03,ランキング判定に利用,3705,中立,
1959,クラフティア,プライム（内国株式）,建設業,自動チェック完了,月次価格取得済み,財務取得済み,irbank:2026/03,ランキング判定に利用,9007,中立,
195A,ＭＵＳＣＡＴ　ＧＲＯＵＰ,グロース（内国株式）,サービス業,自動チェック完了,月次価格取得済み,財務取得済み,irbank:2026/03,ランキング判定に利用,679,中立,
1960,サンテック,スタンダード（内国株式）,建設業,自動チェック完了,月次価格取得済み,財務取得済み,irbank:2026/03,ランキング判定に利用,1511,良さそう,
1961,三機工業,プライム（内国株式）,建設業,自動チェック完了,月次価格取得済み,財務取得済み,irbank:2026/03,ランキング判定に利用,2640,良さそう,
1963,日揮ホールディングス,プライム（内国株式）,建設業,自動チェック完了,月次価格取得済み,財務取得済み,irbank:2026/03,ランキング判定に利用,2345.5,良さそう,
1964,中外炉工業,プライム（内国株式）,建設業,自動チェック完了,月次価格取得済み,財務取得済み,irbank:2026/03,ランキング判定に利用,4020,見送り寄り,
1965,テクノ菱和,スタンダード（内国株式）,建設業,自動チェック完了,月次価格取得済み,財務取得済み,irbank:2026/03,ランキング判定に利用,6200,良さそう,
1966,高田工業所,スタンダード（内国株式）,建設業,自動チェック完了,月次価格取得済み,財務取得済み,irbank:2026/03,ランキング判定に利用,1725,見送り寄り,
1967,ヤマト,スタンダード（内国株式）,建設業,自動チェック完了,月次価格取得済み,財務取得済み,irbank:2026/03,ランキング判定に利用,1997,見送り寄り,
1968,太平電業,プライム（内国株式）,建設業,自動チェック完了,月次価格取得済み,財務取得済み,irbank:2026/03,ランキング判定に利用,2519,良さそう,
1969,高砂熱学工業,プライム（内国株式）,建設業,自動チェック完了,月次価格取得済み,財務取得済み,irbank:2026/03,ランキング判定に利用,4883,中立,
196A,ＭＦＳ,グロース（内国株式）,その他金融業,自動チェック完了,月次価格取得済み,財務取得済み,irbank:2026/03,ランキング判定に利用,259,中立,
1972,三晃金属工業,スタンダード（内国株式）,建設業,自動チェック完了,月次価格取得済み,財務取得済み,irbank:2026/03,ランキング判定に利用,1246,見送り寄り,
1975,朝日工業社,プライム（内国株式）,建設業,自動チェック完了,月次価格取得済み,財務取得済み,irbank:2026/03,ランキング判定に利用,4560,中立,
1976,明星工業,プライム（内国株式）,建設業,自動チェック完了,月次価格取得済み,財務取得済み,irbank:2026/03,ランキング判定に利用,1821,中立,
1979,大氣社,プライム（内国株式）,建設業,自動チェック完了,月次価格取得済み,財務取得済み,irbank:2026/03,ランキング判定に利用,4705,中立,
197A,タウンズ,スタンダード（内国株式）,医薬品,自動チェック完了,月次価格取得済み,財務取得済み,irbank:2026/03,ランキング判定に利用,467,見送り寄り,
1980,ダイダン,プライム（内国株式）,建設業,自動チェック完了,月次価格取得済み,財務取得済み,irbank:2026/03,ランキング判定に利用,2798,見送り寄り,
1981,協和日成,スタンダード（内国株式）,建設業,自動チェック完了,月次価格取得済み,財務取得済み,irbank:2026/03,ランキング判定に利用,1315,見送り寄り,
1982,日比谷総合設備,プライム（内国株式）,建設業,自動チェック完了,月次価格取得済み,財務取得済み,irbank:2026/03,ランキング判定に利用,3055,良さそう,
198A,ＰｏｓｔＰｒｉｍｅ,グロース（内国株式）,情報・通信業,自動チェック完了,月次価格取得済み,財務取得済み,irbank:2026/02,ランキング判定に利用,145,中立,
1992,神田通信機,スタンダード（内国株式）,建設業,自動チェック完了,月次価格取得済み,財務取得済み,irbank:2026/03,ランキング判定に利用,2912,中立,
1994,高橋カーテンウォール工業,スタンダード（内国株式）,建設業,自動チェック完了,月次価格取得済み,財務取得済み,irbank:2026/03,ランキング判定に利用,562,良さそう,
1997,暁飯島工業,スタンダード（内国株式）,建設業,自動チェック完了,月次価格取得済み,財務取得済み,irbank:2026/02,ランキング判定に利用,4115,中立,
2001,ニップン,プライム（内国株式）,食料品,自動チェック完了,月次価格取得済み,財務取得済み,irbank:2026/03,ランキング判定に利用,2830,中立,
2002,日清製粉グループ本社,プライム（内国株式）,食料品,自動チェック完了,月次価格取得済み,財務取得済み,irbank:2026/03,ランキング判定に利用,2048.5,中立,
2003,日東富士製粉,スタンダード（内国株式）,食料品,自動チェック完了,月次価格取得済み,財務取得済み,irbank:2026/03,ランキング判定に利用,1771,中立,
2004,昭和産業,プライム（内国株式）,食料品,自動チェック完了,月次価格取得済み,財務取得済み,irbank:2026/03,ランキング判定に利用,3485,良さそう,
2009,鳥越製粉,スタンダード（内国株式）,食料品,自動チェック完了,月次価格取得済み,財務取得済み,irbank:2026/03,ランキング判定に利用,1085,見送り寄り,
2053,中部飼料,プライム（内国株式）,食料品,自動チェック完了,月次価格取得済み,財務取得済み,irbank:2026/03,ランキング判定に利用,1925,良さそう,
2055,日和産業,スタンダード（内国株式）,食料品,自動チェック完了,月次価格取得済み,財務取得済み,irbank:2026/03,ランキング判定に利用,333,中立,
205A,ロゴスホールディングス,グロース（内国株式）,建設業,自動チェック完了,月次価格取得済み,財務取得済み,irbank:2026/02,ランキング判定に利用,1694,中立,
2060,フィード・ワン,プライム（内国株式）,食料品,自動チェック完了,月次価格取得済み,財務取得済み,irbank:2026/03,ランキング判定に利用,1272,中立,
206A,ＰＲＩＳＭ　ＢｉｏＬａｂ,グロース（内国株式）,医薬品,自動チェック完了,月次価格取得済み,財務取得済み,irbank:2026/03,ランキング判定に利用,148,中立,
208A,構造計画研究所ホールディングス,スタンダード（内国株式）,情報・通信業,自動チェック完了,月次価格取得済み,財務取得済み,irbank:2026/03,ランキング判定に利用,2894,見送り寄り,
2108,日本甜菜製糖,プライム（内国株式）,食料品,自動チェック完了,月次価格取得済み,財務取得済み,irbank:2026/03,ランキング判定に利用,4920,良さそう,
2109,ＤＭ三井製糖,プライム（内国株式）,食料品,自動チェック完了,月次価格取得済み,財務取得済み,irbank:2026/03,ランキング判定に利用,3345,中立,
2112,塩水港精糖,スタンダード（内国株式）,食料品,自動チェック完了,月次価格取得済み,財務取得済み,irbank:2026/03,ランキング判定に利用,448,中立,
2114,フジ日本,スタンダード（内国株式）,食料品,自動チェック完了,月次価格取得済み,財務取得済み,irbank:2026/03,ランキング判定に利用,630,中立,
2117,ウェルネオシュガー,プライム（内国株式）,食料品,自動チェック完了,月次価格取得済み,財務取得済み,irbank:2026/03,ランキング判定に利用,2707,中立,
211A,カドス・コーポレーション,スタンダード（内国株式）,建設業,自動チェック完了,月次価格取得済み,財務取得済み,irbank:2026/04,ランキング判定に利用,3790,見送り寄り,
2120,ＬＩＦＵＬＬ,プライム（内国株式）,サービス業,補完チェック完了,月次価格取得済み,財務補完済み,completionEstimate,補完データでチャートと広域判定に利用,199,見送り寄り,BPS、純資産、株数推定が不足
2121,ＭＩＸＩ,プライム（内国株式）,情報・通信業,自動チェック完了,月次価格取得済み,財務取得済み,irbank:2026/03,ランキング判定に利用,2942,中立,
2122,インタースペース,スタンダード（内国株式）,サービス業,自動チェック完了,月次価格取得済み,財務取得済み,irbank:2026/03,ランキング判定に利用,1379,良さそう,
2124,ジェイエイシーリクルートメント,プライム（内国株式）,サービス業,自動チェック完了,月次価格取得済み,財務取得済み,irbank:2026/03,ランキング判定に利用,877,見送り寄り,
2127,日本Ｍ＆Ａセンターホールディングス,プライム（内国株式）,サービス業,自動チェック完了,月次価格取得済み,財務取得済み,irbank:2026/03,ランキング判定に利用,682,見送り寄り,
212A,フィットイージー,プライム（内国株式）,サービス業,自動チェック完了,月次価格取得済み,財務取得済み,irbank:2026/04,ランキング判定に利用,2858,中立,
2130,メンバーズ,プライム（内国株式）,サービス業,自動チェック完了,月次価格取得済み,財務取得済み,irbank:2026/03,ランキング判定に利用,1074,見送り寄り,
2134,北浜キャピタルパートナーズ,スタンダード（内国株式）,サービス業,自動チェック完了,月次価格取得済み,財務取得済み,irbank:2026/03,ランキング判定に利用,27,見送り寄り,
2136,ヒップ,スタンダード（内国株式）,サービス業,自動チェック完了,月次価格取得済み,財務取得済み,irbank:2026/03,ランキング判定に利用,1528,中立,
2138,クルーズ,スタンダード（内国株式）,情報・通信業,自動チェック完了,月次価格取得済み,財務取得済み,irbank:2026/03,ランキング判定に利用,425,見送り寄り,
2139,中広,スタンダード（内国株式）,サービス業,自動チェック完了,月次価格取得済み,財務取得済み,irbank:2026/03,ランキング判定に利用,511,中立,
2146,ＵＴグループ,プライム（内国株式）,サービス業,自動チェック完了,月次価格取得済み,財務取得済み,irbank:2026/03,ランキング判定に利用,178,中立,
2148,アイティメディア,プライム（内国株式）,サービス業,自動チェック完了,月次価格取得済み,財務取得済み,irbank:2026/03,ランキング判定に利用,1181,中立,
2152,幼児活動研究会,スタンダード（内国株式）,サービス業,自動チェック完了,月次価格取得済み,財務取得済み,irbank:2026/03,ランキング判定に利用,1448,見送り寄り,
2153,Ｅ・Ｊホールディングス,プライム（内国株式）,サービス業,自動チェック完了,月次価格取得済み,財務取得済み,irbank:2026/02,ランキング判定に利用,1685,見送り寄り,
2154,オープンアップグループ,プライム（内国株式）,サービス業,自動チェック完了,月次価格取得済み,財務取得済み,irbank:2026/03,ランキング判定に利用,1963,見送り寄り,
2156,セーラー広告,スタンダード（内国株式）,サービス業,自動チェック完了,月次価格取得済み,財務取得済み,irbank:2026/03,ランキング判定に利用,267,見送り寄り,
2157,コシダカホールディングス,プライム（内国株式）,サービス業,自動チェック完了,月次価格取得済み,財務取得済み,irbank:2026/02,ランキング判定に利用,984,見送り寄り,
2158,ＦＲＯＮＴＥＯ,グロース（内国株式）,サービス業,自動チェック完了,月次価格取得済み,財務取得済み,irbank:2026/03,ランキング判定に利用,610,見送り寄り,
215A,タイミー,グロース（内国株式）,サービス業,自動チェック完了,月次価格取得済み,財務取得済み,irbank:2026/04,ランキング判定に利用,1628,中立,
2160,ジーエヌアイグループ,グロース（内国株式）,医薬品,補完チェック完了,月次価格取得済み,財務補完済み,completionEstimate,補完データでチャートと広域判定に利用,2605,中立,BPS、純資産、株数推定が不足
2162,ｎｍｓ　ホールディングス,スタンダード（内国株式）,サービス業,自動チェック完了,月次価格取得済み,財務取得済み,irbank:2026/03,ランキング判定に利用,538,見送り寄り,
2163,アルトナー,プライム（内国株式）,サービス業,自動チェック完了,月次価格取得済み,財務取得済み,irbank:2026/04,ランキング判定に利用,2017,中立,
2164,地域新聞社,スタンダード（内国株式）,サービス業,自動チェック完了,月次価格取得済み,財務取得済み,irbank:2026/02,ランキング判定に利用,156,中立,
2168,パソナグループ,プライム（内国株式）,サービス業,自動チェック完了,月次価格取得済み,財務取得済み,irbank:2026/02,ランキング判定に利用,1532,見送り寄り,
2169,ＣＤＳ,スタンダード（内国株式）,サービス業,自動チェック完了,月次価格取得済み,財務取得済み,irbank:2026/03,ランキング判定に利用,1707,見送り寄り,
2170,リンクアンドモチベーション,プライム（内国株式）,サービス業,補完チェック完了,月次価格取得済み,財務補完済み,completionEstimate,補完データでチャートと広域判定に利用,596,良さそう,BPS、純資産、株数推定が不足
2173,博展,グロース（内国株式）,サービス業,自動チェック完了,月次価格取得済み,財務取得済み,irbank:2026/03,ランキング判定に利用,699,中立,
2175,エス・エム・エス,プライム（内国株式）,サービス業,自動チェック完了,月次価格取得済み,財務取得済み,irbank:2026/03,ランキング判定に利用,2387,中立,
2179,成学社,スタンダード（内国株式）,サービス業,自動チェック完了,月次価格取得済み,財務取得済み,irbank:2026/03,ランキング判定に利用,790,中立,
2180,サニーサイドアップグループ,スタンダード（内国株式）,サービス業,自動チェック完了,月次価格取得済み,財務取得済み,irbank:2026/03,ランキング判定に利用,1306,良さそう,
2181,パーソルホールディングス,プライム（内国株式）,サービス業,自動チェック完了,月次価格取得済み,財務取得済み,irbank:2026/03,ランキング判定に利用,259.7,中立,
2183,リニカル,スタンダード（内国株式）,サービス業,自動チェック完了,月次価格取得済み,財務取得済み,irbank:2026/03,ランキング判定に利用,213,見送り寄り,
2185,シイエム・シイ,スタンダード（内国株式）,サービス業,自動チェック完了,月次価格取得済み,財務取得済み,irbank:2026/03,ランキング判定に利用,1909,中立,
2186,ソーバル,スタンダード（内国株式）,サービス業,自動チェック完了,月次価格取得済み,財務取得済み,irbank:2026/02,ランキング判定に利用,905,見送り寄り,
218A,Ｌｉｂｅｒａｗａｒｅ,グロース（内国株式）,精密機器,自動チェック完了,月次価格取得済み,財務取得済み,irbank:2026/04,ランキング判定に利用,1080,中立,
2193,クックパッド,スタンダード（内国株式）,サービス業,補完チェック完了,月次価格取得済み,財務補完済み,completionEstimate,補完データでチャートと広域判定に利用,116,見送り寄り,BPS、純資産、株数推定が不足
2195,アミタホールディングス,グロース（内国株式）,サービス業,自動チェック完了,月次価格取得済み,財務取得済み,irbank:2026/03,ランキング判定に利用,322,中立,
2198,アイ・ケイ・ケイホールディングス,プライム（内国株式）,サービス業,自動チェック完了,月次価格取得済み,財務取得済み,irbank:2026/04,ランキング判定に利用,733,見送り寄り,
219A,Ｈｅａｒｔｓｅｅｄ,グロース（内国株式）,医薬品,自動チェック完了,月次価格取得済み,財務取得済み,irbank:2026/03,ランキング判定に利用,1557,未約定,
2201,森永製菓,プライム（内国株式）,食料品,自動チェック完了,月次価格取得済み,財務取得済み,irbank:2026/03,ランキング判定に利用,2733.5,中立,
2204,中村屋,スタンダード（内国株式）,食料品,自動チェック完了,月次価格取得済み,財務取得済み,irbank:2026/03,ランキング判定に利用,3220,中立,
2206,江崎グリコ,プライム（内国株式）,食料品,自動チェック完了,月次価格取得済み,財務取得済み,irbank:2026/03,ランキング判定に利用,5362,中立,
2207,ｍｅｉｔｏ,プライム（内国株式）,食料品,自動チェック完了,月次価格取得済み,財務取得済み,irbank:2026/03,ランキング判定に利用,3255,良さそう,
2208,ブルボン,スタンダード（内国株式）,食料品,自動チェック完了,月次価格取得済み,財務取得済み,irbank:2026/03,ランキング判定に利用,3140,良さそう,
2209,井村屋グループ,プライム（内国株式）,食料品,自動チェック完了,月次価格取得済み,財務取得済み,irbank:2026/03,ランキング判定に利用,2402,見送り寄り,
220A,Ｆａｂｅｒ　Ｃｏｍｐａｎｙ,スタンダード（内国株式）,情報・通信業,自動チェック完了,月次価格取得済み,財務取得済み,irbank:2026/03,ランキング判定に利用,942,見送り寄り,
2211,不二家,プライム（内国株式）,食料品,自動チェック完了,月次価格取得済み,財務取得済み,irbank:2026/03,ランキング判定に利用,2449,見送り寄り,
2212,山崎製パン,プライム（内国株式）,食料品,自動チェック完了,月次価格取得済み,財務取得済み,irbank:2026/03,ランキング判定に利用,3319,見送り寄り,
2215,第一屋製パン,スタンダード（内国株式）,食料品,自動チェック完了,月次価格取得済み,財務取得済み,irbank:2026/03,ランキング判定に利用,601,見送り寄り,
2216,カンロ,スタンダード（内国株式）,食料品,自動チェック完了,月次価格取得済み,財務取得済み,irbank:2026/03,ランキング判定に利用,1177,見送り寄り,
2217,モロゾフ,プライム（内国株式）,食料品,自動チェック完了,月次価格取得済み,財務取得済み,irbank:2026/04,ランキング判定に利用,1561,見送り寄り,
2220,亀田製菓,プライム（内国株式）,食料品,自動チェック完了,月次価格取得済み,財務取得済み,irbank:2026/03,ランキング判定に利用,1305,良さそう,
2221,岩塚製菓,スタンダード（内国株式）,食料品,自動チェック完了,月次価格取得済み,財務取得済み,irbank:2026/03,ランキング判定に利用,3070,中立,
2222,寿スピリッツ,プライム（内国株式）,食料品,自動チェック完了,月次価格取得済み,財務取得済み,irbank:2026/03,ランキング判定に利用,2586,中立,
2224,コモ,スタンダード（内国株式）,食料品,自動チェック完了,月次価格取得済み,財務取得済み,irbank:2026/03,ランキング判定に利用,3665,中立,
2226,湖池屋,スタンダード（内国株式）,食料品,自動チェック完了,月次価格取得済み,財務取得済み,irbank:2026/03,ランキング判定に利用,4745,中立,
2229,カルビー,プライム（内国株式）,食料品,自動チェック完了,月次価格取得済み,財務取得済み,irbank:2026/03,ランキング判定に利用,3079,良さそう,
2264,森永乳業,プライム（内国株式）,食料品,自動チェック完了,月次価格取得済み,財務取得済み,irbank:2026/03,ランキング判定に利用,1311,中立,
2266,六甲バター,プライム（内国株式）,食料品,自動チェック完了,月次価格取得済み,財務取得済み,irbank:2026/03,ランキング判定に利用,1118,見送り寄り,
2267,ヤクルト本社,プライム（内国株式）,食料品,自動チェック完了,月次価格取得済み,財務取得済み,irbank:2026/03,ランキング判定に利用,2920,良さそう,
2268,Ｂ－Ｒ　サーティワン　アイスクリーム,スタンダード（内国株式）,食料品,自動チェック完了,月次価格取得済み,財務取得済み,irbank:2026/03,ランキング判定に利用,4070,中立,
2269,明治ホールディングス,プライム（内国株式）,食料品,自動チェック完了,月次価格取得済み,財務取得済み,irbank:2026/03,ランキング判定に利用,3920,中立,
2270,雪印メグミルク,プライム（内国株式）,食料品,自動チェック完了,月次価格取得済み,財務取得済み,irbank:2026/03,ランキング判定に利用,3755,良さそう,
2281,プリマハム,プライム（内国株式）,食料品,自動チェック完了,月次価格取得済み,財務取得済み,irbank:2026/03,ランキング判定に利用,2444,中立,
2282,日本ハム,プライム（内国株式）,食料品,補完チェック完了,月次価格取得済み,財務補完済み,completionEstimate,補完データでチャートと広域判定に利用,6316,中立,BPS、純資産、株数推定が不足
2286,林兼産業,スタンダード（内国株式）,食料品,自動チェック完了,月次価格取得済み,財務取得済み,irbank:2026/03,ランキング判定に利用,888,中立,
2288,丸大食品,プライム（内国株式）,食料品,自動チェック完了,月次価格取得済み,財務取得済み,irbank:2026/03,ランキング判定に利用,2303,中立,
228A,オプロ,グロース（内国株式）,情報・通信業,自動チェック完了,月次価格取得済み,財務取得済み,irbank:2026/02,ランキング判定に利用,1740,中立,
2291,福留ハム,スタンダード（内国株式）,食料品,自動チェック完了,月次価格取得済み,財務取得済み,irbank:2026/03,ランキング判定に利用,507,見送り寄り,
2292,Ｓ　Ｆｏｏｄｓ,プライム（内国株式）,食料品,自動チェック完了,月次価格取得済み,財務取得済み,irbank:2026/02,ランキング判定に利用,2737,中立,
2293,滝沢ハム,スタンダード（内国株式）,食料品,自動チェック完了,月次価格取得済み,財務取得済み,irbank:2026/03,ランキング判定に利用,2722,中立,
2294,柿安本店,プライム（内国株式）,食料品,自動チェック完了,月次価格取得済み,財務取得済み,irbank:2026/04,ランキング判定に利用,2578,中立,
2296,伊藤ハム米久ホールディングス,プライム（内国株式）,食料品,自動チェック完了,月次価格取得済み,財務取得済み,irbank:2026/03,ランキング判定に利用,4955,中立,
2300,きょくとう,スタンダード（内国株式）,サービス業,自動チェック完了,月次価格取得済み,財務取得済み,irbank:2026/02,ランキング判定に利用,499,見送り寄り,
2301,学情,プライム（内国株式）,サービス業,自動チェック完了,月次価格取得済み,財務取得済み,irbank:2026/04,ランキング判定に利用,1620,見送り寄り,
2303,ドーン,スタンダード（内国株式）,情報・通信業,自動チェック完了,月次価格取得済み,財務取得済み,confirmed,ランキング判定に利用,1317,良さそう,
2304,ＣＳＳホールディングス,スタンダード（内国株式）,サービス業,自動チェック完了,月次価格取得済み,財務取得済み,irbank:2026/03,ランキング判定に利用,921,見送り寄り,
2305,スタジオアリス,スタンダード（内国株式）,サービス業,自動チェック完了,月次価格取得済み,財務取得済み,irbank:2026/02,ランキング判定に利用,1915,見送り寄り,
2307,クロスキャット,プライム（内国株式）,情報・通信業,自動チェック完了,月次価格取得済み,財務取得済み,irbank:2026/03,ランキング判定に利用,1009,見送り寄り,
2311,エプコ,スタンダード（内国株式）,サービス業,自動チェック完了,月次価格取得済み,財務取得済み,irbank:2026/03,ランキング判定に利用,756,見送り寄り,
2315,ＣＡＩＣＡ　ＤＩＧＩＴＡＬ,スタンダード（内国株式）,情報・通信業,自動チェック完了,月次価格取得済み,財務取得済み,irbank:2026/04,ランキング判定に利用,59,中立,
2317,システナ,プライム（内国株式）,情報・通信業,自動チェック完了,月次価格取得済み,財務取得済み,irbank:2026/03,ランキング判定に利用,420,見送り寄り,
2321,ソフトフロントホールディングス,グロース（内国株式）,情報・通信業,自動チェック完了,月次価格取得済み,財務取得済み,irbank:2026/03,ランキング判定に利用,137,中立,
2323,ｆｏｎｆｕｎ,スタンダード（内国株式）,情報・通信業,自動チェック完了,月次価格取得済み,財務取得済み,irbank:2026/03,ランキング判定に利用,289,見送り寄り,
2325,ＮＪＳ,プライム（内国株式）,サービス業,自動チェック完了,月次価格取得済み,財務取得済み,irbank:2026/03,ランキング判定に利用,4310,見送り寄り,
2326,デジタルアーツ,プライム（内国株式）,情報・通信業,自動チェック完了,月次価格取得済み,財務取得済み,irbank:2026/03,ランキング判定に利用,3890,中立,
2327,日鉄ソリューションズ,プライム（内国株式）,情報・通信業,自動チェック完了,月次価格取得済み,財務取得済み,irbank:2026/03,ランキング判定に利用,3783,中立,
2329,東北新社,スタンダード（内国株式）,情報・通信業,自動チェック完了,月次価格取得済み,財務取得済み,irbank:2026/03,ランキング判定に利用,520,見送り寄り,
2330,フォーサイド,スタンダード（内国株式）,情報・通信業,自動チェック完了,月次価格取得済み,財務取得済み,irbank:2026/03,ランキング判定に利用,78,見送り寄り,
2331,ＡＬＳＯＫ,プライム（内国株式）,サービス業,自動チェック完了,月次価格取得済み,財務取得済み,irbank:2026/03,ランキング判定に利用,1117,見送り寄り,
2332,クエスト,スタンダード（内国株式）,情報・通信業,自動チェック完了,月次価格取得済み,財務取得済み,confirmed,ランキング判定に利用,1720,良さそう,
2334,イオレ,グロース（内国株式）,サービス業,自動チェック完了,月次価格取得済み,財務取得済み,irbank:2026/03,ランキング判定に利用,560,見送り寄り,
2335,キューブシステム,プライム（内国株式）,情報・通信業,自動チェック完了,月次価格取得済み,財務取得済み,irbank:2026/03,ランキング判定に利用,1058,見送り寄り,
2337,いちご,プライム（内国株式）,不動産業,自動チェック完了,月次価格取得済み,財務取得済み,irbank:2026/02,ランキング判定に利用,450,中立,
2338,クオンタムソリューションズ,スタンダード（内国株式）,情報・通信業,補完チェック完了,月次価格取得済み,財務補完済み,completionEstimate,補完データでチャートと広域判定に利用,114,未約定,BPS、純資産、株数推定が不足
2340,極楽湯ホールディングス,スタンダード（内国株式）,サービス業,自動チェック完了,月次価格取得済み,財務取得済み,irbank:2026/03,ランキング判定に利用,493,中立,
2341,アルバイトタイムス,スタンダード（内国株式）,サービス業,自動チェック完了,月次価格取得済み,財務取得済み,irbank:2026/02,ランキング判定に利用,173,良さそう,
2342,トランスジェニックグループ,スタンダード（内国株式）,サービス業,自動チェック完了,月次価格取得済み,財務取得済み,irbank:2026/03,ランキング判定に利用,216,良さそう,
2345,ＨＯＤＬ１,スタンダード（内国株式）,情報・通信業,自動チェック完了,月次価格取得済み,財務取得済み,irbank:2026/04,ランキング判定に利用,119,未約定,
2349,エヌアイデイ,スタンダード（内国株式）,情報・通信業,自動チェック完了,月次価格取得済み,財務取得済み,irbank:2026/03,ランキング判定に利用,2500,良さそう,
2351,ＡＳＪ,スタンダード（内国株式）,情報・通信業,自動チェック完了,月次価格取得済み,財務取得済み,irbank:2026/03,ランキング判定に利用,332,良さそう,
2353,日本駐車場開発,プライム（内国株式）,不動産業,自動チェック完了,月次価格取得済み,財務取得済み,irbank:2026/04,ランキング判定に利用,258,見送り寄り,
2354,ＹＥ　ＤＩＧＩＴＡＬ,スタンダード（内国株式）,情報・通信業,自動チェック完了,月次価格取得済み,財務取得済み,irbank:2026/05,ランキング判定に利用,836,見送り寄り,
2359,コア,プライム（内国株式）,情報・通信業,自動チェック完了,月次価格取得済み,財務取得済み,irbank:2026/03,ランキング判定に利用,1951,中立,
2370,メディネット,グロース（内国株式）,サービス業,自動チェック完了,月次価格取得済み,財務取得済み,irbank:2026/03,ランキング判定に利用,24,未約定,
2371,カカクコム,プライム（内国株式）,サービス業,自動チェック完了,月次価格取得済み,財務取得済み,irbank:2026/03,ランキング判定に利用,3650,良さそう,
2373,ケア２１,スタンダード（内国株式）,サービス業,自動チェック完了,月次価格取得済み,財務取得済み,irbank:2026/04,ランキング判定に利用,405,見送り寄り,
2375,ギグワークス,スタンダード（内国株式）,サービス業,自動チェック完了,月次価格取得済み,財務取得済み,irbank:2026/04,ランキング判定に利用,204,見送り寄り,
2376,サイネックス,スタンダード（内国株式）,サービス業,自動チェック完了,月次価格取得済み,財務取得済み,irbank:2026/03,ランキング判定に利用,822,良さそう,
2378,ルネサンス,プライム（内国株式）,サービス業,自動チェック完了,月次価格取得済み,財務取得済み,irbank:2026/03,ランキング判定に利用,1043,見送り寄り,
2379,ディップ,プライム（内国株式）,サービス業,自動チェック完了,月次価格取得済み,財務取得済み,irbank:2026/02,ランキング判定に利用,1873,見送り寄り,
2384,ＳＢＳホールディングス,プライム（内国株式）,陸運業,自動チェック完了,月次価格取得済み,財務取得済み,irbank:2026/03,ランキング判定に利用,4300,中立,
2385,総医研ホールディングス,グロース（内国株式）,サービス業,自動チェック完了,月次価格取得済み,財務取得済み,irbank:2026/03,ランキング判定に利用,211,中立,
2388,ウェッジホールディングス,グロース（内国株式）,その他金融業,自動チェック完了,月次価格取得済み,財務取得済み,irbank:2026/03,ランキング判定に利用,39,見送り寄り,
2391,プラネット,スタンダード（内国株式）,サービス業,自動チェック完了,月次価格取得済み,財務取得済み,irbank:2026/04,ランキング判定に利用,1223,見送り寄り,
2393,日本ケアサプライ,スタンダード（内国株式）,サービス業,自動チェック完了,月次価格取得済み,財務取得済み,irbank:2026/03,ランキング判定に利用,4135,中立,
2395,新日本科学,プライム（内国株式）,サービス業,自動チェック完了,月次価格取得済み,財務取得済み,irbank:2026/03,ランキング判定に利用,1218,中立,
2404,鉄人化ホールディングス,スタンダード（内国株式）,サービス業,自動チェック完了,月次価格取得済み,財務取得済み,irbank:2026/02,ランキング判定に利用,580,中立,
2408,ＫＧ情報,スタンダード（内国株式）,サービス業,自動チェック完了,月次価格取得済み,財務取得済み,irbank:2026/03,ランキング判定に利用,848,良さそう,
2410,キャリアデザインセンター,プライム（内国株式）,サービス業,自動チェック完了,月次価格取得済み,財務取得済み,irbank:2026/03,ランキング判定に利用,2885,中立,
2411,ゲンダイエージェンシー,スタンダード（内国株式）,情報・通信業,自動チェック完了,月次価格取得済み,財務取得済み,irbank:2026/03,ランキング判定に利用,465,見送り寄り,
2413,エムスリー,プライム（内国株式）,サービス業,補完チェック完了,月次価格取得済み,財務補完済み,completionEstimate,補完データでチャートと広域判定に利用,1918,中立,BPS、純資産、株数推定が不足
2415,ヒューマンホールディングス,スタンダード（内国株式）,サービス業,自動チェック完了,月次価格取得済み,財務取得済み,irbank:2026/03,ランキング判定に利用,1571,見送り寄り,
2418,ツカダ・グローバルホールディング,スタンダード（内国株式）,サービス業,自動チェック完了,月次価格取得済み,財務取得済み,irbank:2026/03,ランキング判定に利用,613,良さそう,
241A,ＲＯＸＸ,グロース（内国株式）,情報・通信業,自動チェック完了,月次価格取得済み,財務取得済み,irbank:2026/03,ランキング判定に利用,420,未約定,
2424,ブラス,スタンダード（内国株式）,サービス業,自動チェック完了,月次価格取得済み,財務取得済み,irbank:2026/04,ランキング判定に利用,614,見送り寄り,
2425,ケアサービス,スタンダード（内国株式）,サービス業,自動チェック完了,月次価格取得済み,財務取得済み,irbank:2026/03,ランキング判定に利用,640,見送り寄り,
2428,ウェルネット,スタンダード（内国株式）,サービス業,自動チェック完了,月次価格取得済み,財務取得済み,irbank:2026/03,ランキング判定に利用,628,見送り寄り,
2429,ワールドホールディングス,プライム（内国株式）,サービス業,自動チェック完了,月次価格取得済み,財務取得済み,irbank:2026/03,ランキング判定に利用,2546,見送り寄り,
2432,ディー・エヌ・エー,プライム（内国株式）,情報・通信業,補完チェック完了,月次価格取得済み,財務補完済み,completionEstimate,補完データでチャートと広域判定に利用,2561,見送り寄り,BPS、純資産、株数推定が不足
2433,博報堂ＤＹホールディングス,プライム（内国株式）,サービス業,自動チェック完了,月次価格取得済み,財務取得済み,irbank:2026/03,ランキング判定に利用,1222,中立,
2435,シダー,スタンダード（内国株式）,サービス業,自動チェック完了,月次価格取得済み,財務取得済み,irbank:2026/03,ランキング判定に利用,206,中立,
2436,共同ピーアール,スタンダード（内国株式）,サービス業,自動チェック完了,月次価格取得済み,財務取得済み,irbank:2026/03,ランキング判定に利用,602,中立,
2437,Ｓｈｉｎｗａ　Ｗｉｓｅ　Ｈｏｌｄｉｎｇｓ,スタンダード（内国株式）,サービス業,自動チェック完了,月次価格取得済み,財務取得済み,irbank:2026/02,ランキング判定に利用,524,良さそう,
2438,アスカネット,グロース（内国株式）,サービス業,自動チェック完了,月次価格取得済み,財務取得済み,irbank:2026/04,ランキング判定に利用,358,見送り寄り,
2440,ぐるなび,スタンダード（内国株式）,サービス業,自動チェック完了,月次価格取得済み,財務取得済み,irbank:2026/03,ランキング判定に利用,123,見送り寄り,
2445,タカミヤ,スタンダード（内国株式）,サービス業,自動チェック完了,月次価格取得済み,財務取得済み,irbank:2026/03,ランキング判定に利用,398,見送り寄り,
2449,プラップジャパン,スタンダード（内国株式）,サービス業,自動チェック完了,月次価格取得済み,財務取得済み,irbank:2026/02,ランキング判定に利用,1064,中立,
244A,グロースエクスパートナーズ,グロース（内国株式）,情報・通信業,自動チェック完了,月次価格取得済み,財務取得済み,irbank:2026/02,ランキング判定に利用,1240,見送り寄り,
2454,オールアバウト,スタンダード（内国株式）,サービス業,自動チェック完了,月次価格取得済み,財務取得済み,irbank:2026/03,ランキング判定に利用,332,見送り寄り,
2459,アウンコンサルティング,スタンダード（内国株式）,サービス業,自動チェック完了,月次価格取得済み,財務取得済み,irbank:2026/02,ランキング判定に利用,158,見送り寄り,
245A,ＩＮＧＳ,グロース（内国株式）,小売業,自動チェック完了,月次価格取得済み,財務取得済み,irbank:2026/02,ランキング判定に利用,2355,見送り寄り,
2461,ファンコミュニケーションズ,プライム（内国株式）,サービス業,自動チェック完了,月次価格取得済み,財務取得済み,irbank:2026/03,ランキング判定に利用,404,見送り寄り,
2462,ライク,プライム（内国株式）,サービス業,自動チェック完了,月次価格取得済み,財務取得済み,irbank:2026/02,ランキング判定に利用,1504,中立,
2464,Ａｏｂａ‐ＢＢＴ,スタンダード（内国株式）,サービス業,自動チェック完了,月次価格取得済み,財務取得済み,irbank:2026/03,ランキング判定に利用,315,見送り寄り,
2469,ヒビノ,スタンダード（内国株式）,サービス業,自動チェック完了,月次価格取得済み,財務取得済み,irbank:2026/03,ランキング判定に利用,2759,良さそう,
246A,アスア,グロース（内国株式）,サービス業,自動チェック完了,月次価格取得済み,財務取得済み,irbank:2026/03,ランキング判定に利用,1031,中立,
2471,エスプール,プライム（内国株式）,サービス業,自動チェック完了,月次価格取得済み,財務取得済み,irbank:2026/02,ランキング判定に利用,272,見送り寄り,
2475,ＷＤＢホールディングス,プライム（内国株式）,サービス業,自動チェック完了,月次価格取得済み,財務取得済み,irbank:2026/03,ランキング判定に利用,1792,中立,
2477,手間いらず,スタンダード（内国株式）,情報・通信業,自動チェック完了,月次価格取得済み,財務取得済み,irbank:2026/03,ランキング判定に利用,2315,見送り寄り,
2479,ジェイテック,スタンダード（内国株式）,サービス業,自動チェック完了,月次価格取得済み,財務取得済み,irbank:2026/03,ランキング判定に利用,237,見送り寄り,
247A,Ａｉロボティクス,グロース（内国株式）,化学,自動チェック完了,月次価格取得済み,財務取得済み,irbank:2026/03,ランキング判定に利用,794,中立,
2480,システム・ロケーション,スタンダード（内国株式）,情報・通信業,自動チェック完了,月次価格取得済み,財務取得済み,irbank:2026/03,ランキング判定に利用,1700,見送り寄り,
2481,タウンニュース社,スタンダード（内国株式）,サービス業,自動チェック完了,月次価格取得済み,財務取得済み,irbank:2026/03,ランキング判定に利用,640,見送り寄り,
2483,翻訳センター,スタンダード（内国株式）,サービス業,自動チェック完了,月次価格取得済み,財務取得済み,irbank:2026/03,ランキング判定に利用,2350,中立,
2484,出前館,スタンダード（内国株式）,情報・通信業,自動チェック完了,月次価格取得済み,財務取得済み,confirmed,ランキング判定に利用,121,見送り寄り,
2485,ティア,スタンダード（内国株式）,サービス業,自動チェック完了,月次価格取得済み,財務取得済み,irbank:2026/03,ランキング判定に利用,478,良さそう,
2488,ＪＴＰ,スタンダード（内国株式）,サービス業,自動チェック完了,月次価格取得済み,財務取得済み,irbank:2026/03,ランキング判定に利用,1357,中立,
2489,アドウェイズ,スタンダード（内国株式）,サービス業,自動チェック完了,月次価格取得済み,財務取得済み,irbank:2026/03,ランキング判定に利用,303,中立,
248A,キッズスター,グロース（内国株式）,情報・通信業,自動チェック完了,月次価格取得済み,財務取得済み,irbank:2026/03,ランキング判定に利用,839,未約定,
2491,バリューコマース,プライム（内国株式）,サービス業,自動チェック完了,月次価格取得済み,財務取得済み,irbank:2026/03,ランキング判定に利用,457,見送り寄り,
2492,インフォマート,プライム（内国株式）,サービス業,自動チェック完了,月次価格取得済み,財務取得済み,irbank:2026/03,ランキング判定に利用,496,中立,
2493,イーサポートリンク,スタンダード（内国株式）,サービス業,自動チェック完了,月次価格取得済み,財務取得済み,irbank:2026/02,ランキング判定に利用,951,良さそう,
2497,ユナイテッド,グロース（内国株式）,サービス業,自動チェック完了,月次価格取得済み,財務取得済み,irbank:2026/03,ランキング判定に利用,518,良さそう,
2498,オリエンタルコンサルタンツホールディングス,スタンダード（内国株式）,サービス業,自動チェック完了,月次価格取得済み,財務取得済み,irbank:2026/03,ランキング判定に利用,3190,中立,
2499,日本和装ホールディングス,スタンダード（内国株式）,サービス業,自動チェック完了,月次価格取得済み,財務取得済み,irbank:2026/03,ランキング判定に利用,289,見送り寄り,
2501,サッポロホールディングス,プライム（内国株式）,食料品,自動チェック完了,月次価格取得済み,財務取得済み,irbank:2026/03,ランキング判定に利用,2082,中立,
2502,アサヒグループホールディングス,プライム（内国株式）,食料品,補完チェック完了,月次価格取得済み,財務補完済み,completionEstimate,補完データでチャートと広域判定に利用,1660.5,見送り寄り,BPS、純資産、株数推定が不足
2503,キリンホールディングス,プライム（内国株式）,食料品,補完チェック完了,月次価格取得済み,財務補完済み,completionEstimate,補完データでチャートと広域判定に利用,2905,良さそう,BPS、純資産、株数推定が不足
250A,シマダヤ,スタンダード（内国株式）,食料品,自動チェック完了,月次価格取得済み,財務取得済み,irbank:2026/03,ランキング判定に利用,1678,中立,
2531,宝ホールディングス,プライム（内国株式）,食料品,自動チェック完了,月次価格取得済み,財務取得済み,irbank:2026/03,ランキング判定に利用,2144,良さそう,
2533,オエノンホールディングス,プライム（内国株式）,食料品,自動チェック完了,月次価格取得済み,財務取得済み,irbank:2026/03,ランキング判定に利用,495,見送り寄り,
253A,ＥＴＳグループ,スタンダード（内国株式）,建設業,自動チェック完了,月次価格取得済み,財務取得済み,irbank:2026/03,ランキング判定に利用,1095,中立,
2540,養命酒製造,プライム（内国株式）,食料品,自動チェック完了,月次価格取得済み,財務取得済み,irbank:2026/03,ランキング判定に利用,4030.0,取得失敗,
254A,ＡＩフュージョンキャピタルグループ,スタンダード（内国株式）,証券、商品先物取引業,補完チェック完了,月次価格取得済み,財務補完済み,completionEstimate,補完データでチャートと広域判定に利用,1134,中立,BPS、純資産、株数推定が不足
255A,ジーエルテクノホールディングス,スタンダード（内国株式）,精密機器,自動チェック完了,月次価格取得済み,財務取得済み,irbank:2026/03,ランキング判定に利用,5940,中立,
256A,飛島ホールディングス,プライム（内国株式）,建設業,自動チェック完了,月次価格取得済み,財務取得済み,irbank:2026/03,ランキング判定に利用,2045,見送り寄り,
2573,北海道コカ・コーラボトリング,スタンダード（内国株式）,食料品,自動チェック完了,月次価格取得済み,財務取得済み,irbank:2026/03,ランキング判定に利用,3985,中立,
2579,コカ・コーラ　ボトラーズジャパンホールディングス,プライム（内国株式）,食料品,自動チェック完了,月次価格取得済み,財務取得済み,irbank:2026/03,ランキング判定に利用,4422,良さそう,
2585,ライフドリンク　カンパニー,プライム（内国株式）,食料品,自動チェック完了,月次価格取得済み,財務取得済み,irbank:2026/03,ランキング判定に利用,1580,見送り寄り,
2586,フルッタフルッタ,グロース（内国株式）,食料品,自動チェック完了,月次価格取得済み,財務取得済み,irbank:2026/03,ランキング判定に利用,100,中立,
2587,サントリービバレッジ＆フード,プライム（内国株式）,食料品,補完チェック完了,月次価格取得済み,財務補完済み,completionEstimate,補完データでチャートと広域判定に利用,4694,見送り寄り,BPS、純資産、株数推定が不足
2588,プレミアムウォーターホールディングス,スタンダード（内国株式）,食料品,自動チェック完了,月次価格取得済み,財務取得済み,irbank:2026/03,ランキング判定に利用,3885,良さそう,
2590,ダイドーグループホールディングス,プライム（内国株式）,食料品,自動チェック完了,月次価格取得済み,財務取得済み,irbank:2026/04,ランキング判定に利用,2813,良さそう,
2593,伊藤園,プライム（内国株式）,食料品,自動チェック完了,月次価格取得済み,財務取得済み,irbank:2026/04,ランキング判定に利用,3029,見送り寄り,
2594,キーコーヒー,プライム（内国株式）,食料品,自動チェック完了,月次価格取得済み,財務取得済み,irbank:2026/03,ランキング判定に利用,1996,見送り寄り,
2597,ユニカフェ,スタンダード（内国株式）,食料品,自動チェック完了,月次価格取得済み,財務取得済み,irbank:2026/03,ランキング判定に利用,1144,良さそう,
2602,日清オイリオグループ,プライム（内国株式）,食料品,自動チェック完了,月次価格取得済み,財務取得済み,irbank:2026/03,ランキング判定に利用,1896,良さそう,
2607,不二製油,プライム（内国株式）,食料品,自動チェック完了,月次価格取得済み,財務取得済み,irbank:2026/03,ランキング判定に利用,4173,中立,
2612,かどや製油,スタンダード（内国株式）,食料品,自動チェック完了,月次価格取得済み,財務取得済み,irbank:2026/03,ランキング判定に利用,1842,良さそう,
2613,Ｊ－オイルミルズ,プライム（内国株式）,食料品,自動チェック完了,月次価格取得済み,財務取得済み,irbank:2026/03,ランキング判定に利用,2128,中立,
261A,日水コン,スタンダード（内国株式）,サービス業,自動チェック完了,月次価格取得済み,財務取得済み,irbank:2026/03,ランキング判定に利用,2000,見送り寄り,
262A,インターメスティック,プライム（内国株式）,小売業,自動チェック完了,月次価格取得済み,財務取得済み,irbank:2026/03,ランキング判定に利用,2012,見送り寄り,
264A,Ｓｃｈｏｏ,グロース（内国株式）,サービス業,自動チェック完了,月次価格取得済み,財務取得済み,irbank:2026/03,ランキング判定に利用,315,中立,
2652,まんだらけ,スタンダード（内国株式）,小売業,自動チェック完了,月次価格取得済み,財務取得済み,irbank:2026/03,ランキング判定に利用,438,中立,
2653,イオン九州,スタンダード（内国株式）,小売業,自動チェック完了,月次価格取得済み,財務取得済み,irbank:2026/02,ランキング判定に利用,2820,見送り寄り,
2654,アスモ,スタンダード（内国株式）,小売業,自動チェック完了,月次価格取得済み,財務取得済み,irbank:2026/03,ランキング判定に利用,401,中立,
2656,ベクターホールディングス,スタンダード（内国株式）,小売業,自動チェック完了,月次価格取得済み,財務取得済み,irbank:2026/03,ランキング判定に利用,161,中立,
2659,サンエー,プライム（内国株式）,小売業,自動チェック完了,月次価格取得済み,財務取得済み,irbank:2026/02,ランキング判定に利用,3275,良さそう,
265A,Ｈｍｃｏｍｍ,グロース（内国株式）,情報・通信業,自動チェック完了,月次価格取得済み,財務取得済み,irbank:2026/03,ランキング判定に利用,724,見送り寄り,
2664,カワチ薬品,プライム（内国株式）,小売業,自動チェック完了,月次価格取得済み,財務取得済み,irbank:2026/03,ランキング判定に利用,3405,中立,
2666,オートウェーブ,スタンダード（内国株式）,小売業,自動チェック完了,月次価格取得済み,財務取得済み,irbank:2026/03,ランキング判定に利用,174,良さそう,
2667,イメージ　ワン,スタンダード（内国株式）,卸売業,自動チェック完了,月次価格取得済み,財務取得済み,irbank:2026/03,ランキング判定に利用,130,中立,
2668,タビオ,スタンダード（内国株式）,卸売業,自動チェック完了,月次価格取得済み,財務取得済み,irbank:2026/02,ランキング判定に利用,1265,中立,
2669,カネ美食品,スタンダード（内国株式）,小売業,自動チェック完了,月次価格取得済み,財務取得済み,irbank:2026/02,ランキング判定に利用,4025,良さそう,
2670,エービーシー・マート,プライム（内国株式）,小売業,自動チェック完了,月次価格取得済み,財務取得済み,irbank:2026/02,ランキング判定に利用,2924.5,良さそう,
2673,夢みつけ隊,スタンダード（内国株式）,小売業,自動チェック完了,月次価格取得済み,財務取得済み,irbank:2026/03,ランキング判定に利用,95,見送り寄り,
2674,ハードオフコーポレーション,プライム（内国株式）,小売業,自動チェック完了,月次価格取得済み,財務取得済み,irbank:2026/03,ランキング判定に利用,2742,中立,
2676,高千穂交易,プライム（内国株式）,卸売業,自動チェック完了,月次価格取得済み,財務取得済み,irbank:2026/03,ランキング判定に利用,2095,中立,
2678,アスクル,プライム（内国株式）,小売業,自動チェック完了,月次価格取得済み,財務取得済み,irbank:2026/02,ランキング判定に利用,1264,見送り寄り,
2681,ゲオホールディングス,プライム（内国株式）,小売業,自動チェック完了,月次価格取得済み,財務取得済み,irbank:2026/03,ランキング判定に利用,2032,良さそう,
2683,魚喜,スタンダード（内国株式）,小売業,自動チェック完了,月次価格取得済み,財務取得済み,irbank:2026/02,ランキング判定に利用,1004,見送り寄り,
2685,アンドエスティＨＤ,プライム（内国株式）,小売業,自動チェック完了,月次価格取得済み,財務取得済み,irbank:2026/02,ランキング判定に利用,3590,中立,
2686,ジーフット,スタンダード（内国株式）,小売業,補完チェック完了,月次価格取得済み,財務補完済み,completionEstimate,補完データでチャートと広域判定に利用,297,中立,BPS、純資産、株数推定が不足
2687,シー・ヴイ・エス・ベイエリア,スタンダード（内国株式）,サービス業,自動チェック完了,月次価格取得済み,財務取得済み,irbank:2026/02,ランキング判定に利用,487,見送り寄り,
2689,オルバヘルスケアホールディングス,スタンダード（内国株式）,卸売業,自動チェック完了,月次価格取得済み,財務取得済み,irbank:2026/03,ランキング判定に利用,1976,見送り寄り,
268A,リガク・ホールディングス,プライム（内国株式）,精密機器,補完チェック完了,月次価格取得済み,財務補完済み,completionEstimate,補完データでチャートと広域判定に利用,2173,中立,BPS、純資産、株数推定が不足
2693,ＹＫＴ,スタンダード（内国株式）,卸売業,自動チェック完了,月次価格取得済み,財務取得済み,irbank:2026/03,ランキング判定に利用,370,良さそう,
2694,焼肉坂井ホールディングス,スタンダード（内国株式）,小売業,自動チェック完了,月次価格取得済み,財務取得済み,irbank:2026/03,ランキング判定に利用,70,見送り寄り,
2695,くら寿司,プライム（内国株式）,小売業,自動チェック完了,月次価格取得済み,財務取得済み,irbank:2026/04,ランキング判定に利用,1612,見送り寄り,
2698,キャンドゥ,スタンダード（内国株式）,小売業,自動チェック完了,月次価格取得済み,財務取得済み,irbank:2026/02,ランキング判定に利用,3540,見送り寄り,
269A,Ｓａｐｅｅｔ,グロース（内国株式）,情報・通信業,自動チェック完了,月次価格取得済み,財務取得済み,irbank:2026/03,ランキング判定に利用,2270,中立,
2700,木徳神糧,スタンダード（内国株式）,卸売業,自動チェック完了,月次価格取得済み,財務取得済み,irbank:2026/03,ランキング判定に利用,1734,見送り寄り,
2702,日本マクドナルドホールディングス,スタンダード（内国株式）,小売業,自動チェック完了,月次価格取得済み,財務取得済み,irbank:2026/03,ランキング判定に利用,7750,中立,
2705,大戸屋ホールディングス,スタンダード（内国株式）,小売業,自動チェック完了,月次価格取得済み,財務取得済み,irbank:2026/03,ランキング判定に利用,7820,中立,
2708,久世,スタンダード（内国株式）,卸売業,自動チェック完了,月次価格取得済み,財務取得済み,irbank:2026/03,ランキング判定に利用,1996,中立,
2721,ジェイホールディングス,スタンダード（内国株式）,卸売業,自動チェック完了,月次価格取得済み,財務取得済み,irbank:2026/03,ランキング判定に利用,124,中立,
2722,ＩＫホールディングス,スタンダード（内国株式）,小売業,自動チェック完了,月次価格取得済み,財務取得済み,irbank:2026/02,ランキング判定に利用,356,見送り寄り,
2726,パルグループホールディングス,プライム（内国株式）,小売業,自動チェック完了,月次価格取得済み,財務取得済み,irbank:2026/02,ランキング判定に利用,1470,見送り寄り,
2730,エディオン,プライム（内国株式）,小売業,自動チェック完了,月次価格取得済み,財務取得済み,irbank:2026/03,ランキング判定に利用,2300,良さそう,
2733,あらた,プライム（内国株式）,卸売業,自動チェック完了,月次価格取得済み,財務取得済み,irbank:2026/03,ランキング判定に利用,2547,見送り寄り,
2734,サーラコーポレーション,プライム（内国株式）,小売業,自動チェック完了,月次価格取得済み,財務取得済み,irbank:2026/02,ランキング判定に利用,1156,中立,
2735,ワッツ,スタンダード（内国株式）,小売業,自動チェック完了,月次価格取得済み,財務取得済み,irbank:2026/02,ランキング判定に利用,635,見送り寄り,
2736,フェスタリアホールディングス,スタンダード（内国株式）,小売業,自動チェック完了,月次価格取得済み,財務取得済み,irbank:2026/02,ランキング判定に利用,684,良さそう,
2737,トーメンデバイス,プライム（内国株式）,卸売業,自動チェック完了,月次価格取得済み,財務取得済み,irbank:2026/03,ランキング判定に利用,15370,良さそう,
2742,ハローズ,プライム（内国株式）,小売業,自動チェック完了,月次価格取得済み,財務取得済み,irbank:2026/05,ランキング判定に利用,3815,見送り寄り,
2747,北雄ラッキー,スタンダード（内国株式）,小売業,自動チェック完了,月次価格取得済み,財務取得済み,irbank:2026/02,ランキング判定に利用,3095,見送り寄り,
2749,ＪＰホールディングス,プライム（内国株式）,サービス業,自動チェック完了,月次価格取得済み,財務取得済み,irbank:2026/03,ランキング判定に利用,612,中立,
274A,ガーデン,スタンダード（内国株式）,小売業,自動チェック完了,月次価格取得済み,財務取得済み,irbank:2026/02,ランキング判定に利用,2240,中立,
2750,石光商事,スタンダード（内国株式）,卸売業,自動チェック完了,月次価格取得済み,財務取得済み,irbank:2026/03,ランキング判定に利用,1281,見送り寄り,
2751,テンポスホールディングス,スタンダード（内国株式）,卸売業,自動チェック完了,月次価格取得済み,財務取得済み,irbank:2026/04,ランキング判定に利用,3740,中立,
2752,フジオフードグループ本社,プライム（内国株式）,小売業,自動チェック完了,月次価格取得済み,財務取得済み,irbank:2026/03,ランキング判定に利用,1100,中立,
2753,あみやき亭,プライム（内国株式）,小売業,自動チェック完了,月次価格取得済み,財務取得済み,irbank:2026/03,ランキング判定に利用,1334,見送り寄り,
2760,東京エレクトロン　デバイス,プライム（内国株式）,卸売業,自動チェック完了,月次価格取得済み,財務取得済み,irbank:2026/03,ランキング判定に利用,3745,見送り寄り,
2762,ＳＡＮＫＯ　ＭＡＲＫＥＴＩＮＧ　ＦＯＯＤＳ,スタンダード（内国株式）,小売業,自動チェック完了,月次価格取得済み,財務取得済み,irbank:2026/03,ランキング判定に利用,86,見送り寄り,
2763,エフティグループ,スタンダード（内国株式）,卸売業,自動チェック完了,月次価格取得済み,財務取得済み,irbank:2026/03,ランキング判定に利用,1112,見送り寄り,
2764,ひらまつ,スタンダード（内国株式）,小売業,自動チェック完了,月次価格取得済み,財務取得済み,irbank:2026/03,ランキング判定に利用,144,中立,
2767,円谷フィールズホールディングス,プライム（内国株式）,卸売業,自動チェック完了,月次価格取得済み,財務取得済み,irbank:2026/03,ランキング判定に利用,1425,見送り寄り,
2768,双日,プライム（内国株式）,卸売業,補完チェック完了,月次価格取得済み,財務補完済み,completionEstimate,補完データでチャートと広域判定に利用,5199,良さそう,BPS、純資産、株数推定が不足
2769,ヴィレッジヴァンガードコーポレーション,スタンダード（内国株式）,小売業,自動チェック完了,月次価格取得済み,財務取得済み,irbank:2026/02,ランキング判定に利用,879,中立,
276A,ククレブ・アドバイザーズ,グロース（内国株式）,不動産業,自動チェック完了,月次価格取得済み,財務取得済み,irbank:2026/02,ランキング判定に利用,3380,中立,
2776,新都ホールディングス,スタンダード（内国株式）,卸売業,自動チェック完了,月次価格取得済み,財務取得済み,irbank:2026/04,ランキング判定に利用,93,見送り寄り,
2778,パレモ・ホールディングス,スタンダード（内国株式）,小売業,自動チェック完了,月次価格取得済み,財務取得済み,irbank:2026/05,ランキング判定に利用,112,良さそう,
277A,グロービング,プライム（内国株式）,サービス業,自動チェック完了,月次価格取得済み,財務取得済み,irbank:2026/02,ランキング判定に利用,2190,未約定,
2780,コメ兵ホールディングス,スタンダード（内国株式）,小売業,自動チェック完了,月次価格取得済み,財務取得済み,irbank:2026/03,ランキング判定に利用,5220,中立,
2782,セリア,スタンダード（内国株式）,小売業,自動チェック完了,月次価格取得済み,財務取得済み,irbank:2026/03,ランキング判定に利用,3735,良さそう,
2784,アルフレッサ　ホールディングス,プライム（内国株式）,卸売業,自動チェック完了,月次価格取得済み,財務取得済み,irbank:2026/03,ランキング判定に利用,2230.5,中立,
2788,アップルインターナショナル,スタンダード（内国株式）,卸売業,自動チェック完了,月次価格取得済み,財務取得済み,irbank:2026/03,ランキング判定に利用,378,良さそう,
2789,カルラ,スタンダード（内国株式）,小売業,自動チェック完了,月次価格取得済み,財務取得済み,irbank:2026/02,ランキング判定に利用,467,見送り寄り,
278A,Ｔｅｒｒａ　Ｄｒｏｎｅ,グロース（内国株式）,精密機器,自動チェック完了,月次価格取得済み,財務取得済み,irbank:2026/04,ランキング判定に利用,8750,良さそう,
2790,ナフコ,スタンダード（内国株式）,小売業,自動チェック完了,月次価格取得済み,財務取得済み,irbank:2026/03,ランキング判定に利用,2197,中立,
2791,大黒天物産,プライム（内国株式）,小売業,自動チェック完了,月次価格取得済み,財務取得済み,irbank:2026/02,ランキング判定に利用,4435,見送り寄り,
2792,ハニーズホールディングス,プライム（内国株式）,小売業,自動チェック完了,月次価格取得済み,財務取得済み,irbank:2026/02,ランキング判定に利用,1385,見送り寄り,
2795,日本プリメックス,スタンダード（内国株式）,卸売業,自動チェック完了,月次価格取得済み,財務取得済み,irbank:2026/03,ランキング判定に利用,970,良さそう,
2796,ファーマライズホールディングス,スタンダード（内国株式）,小売業,自動チェック完了,月次価格取得済み,財務取得済み,irbank:2026/05,ランキング判定に利用,484,見送り寄り,
2798,ワイズテーブルコーポレーション,スタンダード（内国株式）,小売業,自動チェック完了,月次価格取得済み,財務取得済み,irbank:2026/02,ランキング判定に利用,3010,見送り寄り,
2801,キッコーマン,プライム（内国株式）,食料品,自動チェック完了,月次価格取得済み,財務取得済み,irbank:2026/03,ランキング判定に利用,1683,中立,
2802,味の素,プライム（内国株式）,食料品,補完チェック完了,月次価格取得済み,財務補完済み,completionEstimate,補完データでチャートと広域判定に利用,5702,良さそう,BPS、純資産、株数推定が不足
2804,ブルドックソース,プライム（内国株式）,食料品,自動チェック完了,月次価格取得済み,財務取得済み,irbank:2026/03,ランキング判定に利用,1797,見送り寄り,
2805,ヱスビー食品,スタンダード（内国株式）,食料品,自動チェック完了,月次価格取得済み,財務取得済み,irbank:2026/03,ランキング判定に利用,5940,良さそう,
2806,ユタカフーズ,スタンダード（内国株式）,食料品,自動チェック完了,月次価格取得済み,財務取得済み,irbank:2026/03,ランキング判定に利用,1872,見送り寄り,
2809,キユーピー,プライム（内国株式）,食料品,自動チェック完了,月次価格取得済み,財務取得済み,irbank:2026/02,ランキング判定に利用,4602,中立,
280A,ＴＭＨ,グロース（内国株式）,卸売業,自動チェック完了,月次価格取得済み,財務取得済み,irbank:2026/02,ランキング判定に利用,1815,見送り寄り,
2810,ハウス食品グループ本社,プライム（内国株式）,食料品,自動チェック完了,月次価格取得済み,財務取得済み,irbank:2026/03,ランキング判定に利用,3958,良さそう,
2811,カゴメ,プライム（内国株式）,食料品,自動チェック完了,月次価格取得済み,財務取得済み,irbank:2026/03,ランキング判定に利用,2738,見送り寄り,
2813,和弘食品,スタンダード（内国株式）,食料品,自動チェック完了,月次価格取得済み,財務取得済み,irbank:2026/03,ランキング判定に利用,3980,中立,
2814,佐藤食品工業,スタンダード（内国株式）,食料品,自動チェック完了,月次価格取得済み,財務取得済み,irbank:2026/03,ランキング判定に利用,3090,見送り寄り,
2815,アリアケジャパン,プライム（内国株式）,食料品,自動チェック完了,月次価格取得済み,財務取得済み,irbank:2026/03,ランキング判定に利用,5250,中立,
2816,ダイショー,スタンダード（内国株式）,食料品,自動チェック完了,月次価格取得済み,財務取得済み,irbank:2026/03,ランキング判定に利用,1407,中立,
2818,ピエトロ,スタンダード（内国株式）,食料品,自動チェック完了,月次価格取得済み,財務取得済み,irbank:2026/03,ランキング判定に利用,1749,中立,
2819,エバラ食品工業,スタンダード（内国株式）,食料品,自動チェック完了,月次価格取得済み,財務取得済み,irbank:2026/03,ランキング判定に利用,2488,見送り寄り,
281A,インフォメティス,グロース（内国株式）,情報・通信業,自動チェック完了,月次価格取得済み,財務取得済み,irbank:2026/03,ランキング判定に利用,519,良さそう,
2820,やまみ,スタンダード（内国株式）,食料品,自動チェック完了,月次価格取得済み,財務取得済み,irbank:2026/03,ランキング判定に利用,4750,見送り寄り,
2831,はごろもフーズ,スタンダード（内国株式）,食料品,自動チェック完了,月次価格取得済み,財務取得済み,irbank:2026/03,ランキング判定に利用,3465,見送り寄り,
285A,キオクシアホールディングス,プライム（内国株式）,電気機器,補完チェック完了,月次価格取得済み,財務補完済み,completionEstimate,補完データでチャートと広域判定に利用,71870,良さそう,BPS、純資産、株数推定が不足
286A,ユカリア,グロース（内国株式）,サービス業,自動チェック完了,月次価格取得済み,財務取得済み,irbank:2026/03,ランキング判定に利用,787,中立,
2871,ニチレイ,プライム（内国株式）,食料品,自動チェック完了,月次価格取得済み,財務取得済み,irbank:2026/03,ランキング判定に利用,2204.5,中立,
2872,セイヒョー,スタンダード（内国株式）,食料品,自動チェック完了,月次価格取得済み,財務取得済み,irbank:2026/02,ランキング判定に利用,2006,中立,
2874,横浜冷凍,プライム（内国株式）,卸売業,自動チェック完了,月次価格取得済み,財務取得済み,irbank:2026/03,ランキング判定に利用,2068,中立,
2875,東洋水産,プライム（内国株式）,食料品,自動チェック完了,月次価格取得済み,財務取得済み,irbank:2026/03,ランキング判定に利用,10835,中立,
2876,デルソーレ,スタンダード（内国株式）,食料品,自動チェック完了,月次価格取得済み,財務取得済み,irbank:2026/03,ランキング判定に利用,459,中立,
2877,日東ベスト,スタンダード（内国株式）,食料品,自動チェック完了,月次価格取得済み,財務取得済み,irbank:2026/03,ランキング判定に利用,740,中立,
287A,黒田グループ,スタンダード（内国株式）,卸売業,補完チェック完了,月次価格取得済み,財務補完済み,completionEstimate,補完データでチャートと広域判定に利用,1105,中立,BPS、純資産、株数推定が不足
2882,イートアンドホールディングス,プライム（内国株式）,食料品,自動チェック完了,月次価格取得済み,財務取得済み,irbank:2026/02,ランキング判定に利用,2053,中立,
2883,大冷,スタンダード（内国株式）,食料品,自動チェック完了,月次価格取得済み,財務取得済み,irbank:2026/03,ランキング判定に利用,1992,中立,
2884,ヨシムラ・フード・ホールディングス,プライム（内国株式）,食料品,自動チェック完了,月次価格取得済み,財務取得済み,irbank:2026/02,ランキング判定に利用,630,中立,
288A,ラクサス・テクノロジーズ,グロース（内国株式）,サービス業,自動チェック完了,月次価格取得済み,財務取得済み,irbank:2026/03,ランキング判定に利用,95,見送り寄り,
2892,日本食品化工,スタンダード（内国株式）,食料品,自動チェック完了,月次価格取得済み,財務取得済み,irbank:2026/03,ランキング判定に利用,4190,中立,
2894,石井食品,スタンダード（内国株式）,食料品,自動チェック完了,月次価格取得済み,財務取得済み,irbank:2026/03,ランキング判定に利用,334,中立,
2897,日清食品ホールディングス,プライム（内国株式）,食料品,自動チェック完了,月次価格取得済み,財務取得済み,irbank:2026/03,ランキング判定に利用,2919,良さそう,
2901,ウェルディッシュ,スタンダード（内国株式）,食料品,自動チェック完了,月次価格取得済み,財務取得済み,irbank:2026/02,ランキング判定に利用,191,未約定,
2903,シノブフーズ,スタンダード（内国株式）,食料品,自動チェック完了,月次価格取得済み,財務取得済み,irbank:2026/03,ランキング判定に利用,1560,中立,
2904,一正蒲鉾,スタンダード（内国株式）,食料品,自動チェック完了,月次価格取得済み,財務取得済み,irbank:2026/03,ランキング判定に利用,762,中立,
2907,あじかん,スタンダード（内国株式）,食料品,自動チェック完了,月次価格取得済み,財務取得済み,irbank:2026/03,ランキング判定に利用,1574,中立,
2908,フジッコ,プライム（内国株式）,食料品,自動チェック完了,月次価格取得済み,財務取得済み,irbank:2026/03,ランキング判定に利用,1549,見送り寄り,
290A,Ｓｙｎｓｐｅｃｔｉｖｅ,グロース（内国株式）,情報・通信業,自動チェック完了,月次価格取得済み,財務取得済み,irbank:2026/03,ランキング判定に利用,1167,中立,
2910,ロック・フィールド,プライム（内国株式）,食料品,自動チェック完了,月次価格取得済み,財務取得済み,irbank:2026/04,ランキング判定に利用,1370,中立,
2911,旭松食品,スタンダード（内国株式）,食料品,自動チェック完了,月次価格取得済み,財務取得済み,irbank:2026/03,ランキング判定に利用,2257,中立,
2914,日本たばこ産業,プライム（内国株式）,食料品,補完チェック完了,月次価格取得済み,財務補完済み,completionEstimate,補完データでチャートと広域判定に利用,6202,良さそう,BPS、純資産、株数推定が不足
2915,ケンコーマヨネーズ,プライム（内国株式）,食料品,自動チェック完了,月次価格取得済み,財務取得済み,irbank:2026/03,ランキング判定に利用,2120,良さそう,
2916,仙波糖化工業,スタンダード（内国株式）,食料品,自動チェック完了,月次価格取得済み,財務取得済み,irbank:2026/03,ランキング判定に利用,738,中立,
2917,大森屋,スタンダード（内国株式）,食料品,自動チェック完了,月次価格取得済み,財務取得済み,irbank:2026/03,ランキング判定に利用,927,中立,
2918,わらべや日洋ホールディングス,プライム（内国株式）,食料品,自動チェック完了,月次価格取得済み,財務取得済み,irbank:2026/02,ランキング判定に利用,2638,中立,
291A,リスキル,グロース（内国株式）,サービス業,自動チェック完了,月次価格取得済み,財務取得済み,irbank:2026/03,ランキング判定に利用,1779,見送り寄り,
2922,なとり,プライム（内国株式）,食料品,自動チェック完了,月次価格取得済み,財務取得済み,irbank:2026/03,ランキング判定に利用,1986,中立,
2923,サトウ食品,スタンダード（内国株式）,食料品,自動チェック完了,月次価格取得済み,財務取得済み,irbank:2026/04,ランキング判定に利用,8570,中立,
2924,イフジ産業,スタンダード（内国株式）,食料品,自動チェック完了,月次価格取得済み,財務取得済み,irbank:2026/03,ランキング判定に利用,2067,中立,
2926,篠崎屋,スタンダード（内国株式）,食料品,自動チェック完了,月次価格取得済み,財務取得済み,irbank:2026/03,ランキング判定に利用,103,中立,
2927,ＡＦＣ－ＨＤアムスライフサイエンス,スタンダード（内国株式）,食料品,自動チェック完了,月次価格取得済み,財務取得済み,irbank:2026/02,ランキング判定に利用,858,見送り寄り,
2929,ファーマフーズ,プライム（内国株式）,食料品,自動チェック完了,月次価格取得済み,財務取得済み,irbank:2026/04,ランキング判定に利用,603,中立,
2930,北の達人コーポレーション,プライム（内国株式）,化学,自動チェック完了,月次価格取得済み,財務取得済み,irbank:2026/02,ランキング判定に利用,129,見送り寄り,
2931,ユーグレナ,プライム（内国株式）,食料品,自動チェック完了,月次価格取得済み,財務取得済み,irbank:2026/03,ランキング判定に利用,347,見送り寄り,
2932,ＳＴＩフードホールディングス,スタンダード（内国株式）,食料品,自動チェック完了,月次価格取得済み,財務取得済み,irbank:2026/03,ランキング判定に利用,1098,中立,
2933,紀文食品,プライム（内国株式）,食料品,自動チェック完了,月次価格取得済み,財務取得済み,irbank:2026/03,ランキング判定に利用,1080,見送り寄り,
2934,ジェイフロンティア,グロース（内国株式）,食料品,自動チェック完了,月次価格取得済み,財務取得済み,irbank:2026/02,ランキング判定に利用,1690,中立,
2935,ピックルスホールディングス,プライム（内国株式）,食料品,自動チェック完了,月次価格取得済み,財務取得済み,irbank:2026/02,ランキング判定に利用,1149,見送り寄り,
2936,ベースフード,グロース（内国株式）,食料品,自動チェック完了,月次価格取得済み,財務取得済み,irbank:2026/02,ランキング判定に利用,282,見送り寄り,
2937,サンクゼール,グロース（内国株式）,食料品,自動チェック完了,月次価格取得済み,財務取得済み,irbank:2026/03,ランキング判定に利用,1676,見送り寄り,
2938,オカムラ食品工業,スタンダード（内国株式）,食料品,自動チェック完了,月次価格取得済み,財務取得済み,irbank:2026/03,ランキング判定に利用,1294,中立,
2961,日本調理機,スタンダード（内国株式）,金属製品,自動チェック完了,月次価格取得済み,財務取得済み,irbank:2026/03,ランキング判定に利用,6360,中立,
2962,テクニスコ,スタンダード（内国株式）,金属製品,自動チェック完了,月次価格取得済み,財務取得済み,irbank:2026/03,ランキング判定に利用,1310,良さそう,
296A,令和アカウンティング・ホールディングス,グロース（内国株式）,サービス業,自動チェック完了,月次価格取得済み,財務取得済み,irbank:2026/03,ランキング判定に利用,743,中立,
2970,ＧＬＣ　ＧＲＯＵＰ,スタンダード（内国株式）,不動産業,自動チェック完了,月次価格取得済み,財務取得済み,irbank:2026/03,ランキング判定に利用,940,中立,
2975,スター・マイカ・ホールディングス,プライム（内国株式）,不動産業,自動チェック完了,月次価格取得済み,財務取得済み,irbank:2026/02,ランキング判定に利用,1525,見送り寄り,
2978,ツクルバ,グロース（内国株式）,不動産業,自動チェック完了,月次価格取得済み,財務取得済み,irbank:2026/04,ランキング判定に利用,343,見送り寄り,
297A,アルピコホールディングス,スタンダード（内国株式）,小売業,自動チェック完了,月次価格取得済み,財務取得済み,irbank:2026/03,ランキング判定に利用,218,良さそう,
2980,ＳＲＥホールディングス,プライム（内国株式）,不動産業,自動チェック完了,月次価格取得済み,財務取得済み,irbank:2026/03,ランキング判定に利用,2535,中立,
2981,ランディックス,グロース（内国株式）,不動産業,自動チェック完了,月次価格取得済み,財務取得済み,irbank:2026/03,ランキング判定に利用,2047,見送り寄り,
2982,ＡＤワークスグループ,プライム（内国株式）,不動産業,自動チェック完了,月次価格取得済み,財務取得済み,irbank:2026/03,ランキング判定に利用,394,見送り寄り,
2983,アールプランナー,グロース（内国株式）,不動産業,自動チェック完了,月次価格取得済み,財務取得済み,irbank:2026/04,ランキング判定に利用,1522,中立,
2984,ヤマイチエステート,スタンダード（内国株式）,不動産業,自動チェック完了,月次価格取得済み,財務取得済み,irbank:2026/03,ランキング判定に利用,730,見送り寄り,
2986,ＬＡホールディングス,グロース（内国株式）,不動産業,自動チェック完了,月次価格取得済み,財務取得済み,irbank:2026/03,ランキング判定に利用,2965,中立,
298A,ＧＶＡ　ＴＥＣＨ,グロース（内国株式）,情報・通信業,自動チェック完了,月次価格取得済み,財務取得済み,irbank:2026/03,ランキング判定に利用,341,見送り寄り,
2991,ランドネット,スタンダード（内国株式）,不動産業,自動チェック完了,月次価格取得済み,財務取得済み,irbank:2026/04,ランキング判定に利用,595,見送り寄り,
2993,長栄,スタンダード（内国株式）,不動産業,自動チェック完了,月次価格取得済み,財務取得済み,irbank:2026/03,ランキング判定に利用,2145,中立,
2997,ストレージ王,グロース（内国株式）,不動産業,自動チェック完了,月次価格取得済み,財務取得済み,irbank:2026/04,ランキング判定に利用,949,中立,
2998,クリアル,グロース（内国株式）,不動産業,自動チェック完了,月次価格取得済み,財務取得済み,irbank:2026/03,ランキング判定に利用,530,未約定,
2999,ホームポジション,スタンダード（内国株式）,不動産業,自動チェック完了,月次価格取得済み,財務取得済み,irbank:2026/02,ランキング判定に利用,606,中立,
299A,クラシル,グロース（内国株式）,サービス業,自動チェック完了,月次価格取得済み,財務取得済み,irbank:2026/03,ランキング判定に利用,990,見送り寄り,
3001,片倉工業,スタンダード（内国株式）,繊維製品,自動チェック完了,月次価格取得済み,財務取得済み,irbank:2026/03,ランキング判定に利用,2631,中立,
3002,グンゼ,プライム（内国株式）,繊維製品,自動チェック完了,月次価格取得済み,財務取得済み,irbank:2026/03,ランキング判定に利用,4020,中立,
3003,ヒューリック,プライム（内国株式）,不動産業,自動チェック完了,月次価格取得済み,財務取得済み,irbank:2026/03,ランキング判定に利用,1790,中立,
3004,神栄,スタンダード（内国株式）,卸売業,自動チェック完了,月次価格取得済み,財務取得済み,irbank:2026/03,ランキング判定に利用,2236,中立,
300A,ＭＩＣ,スタンダード（内国株式）,サービス業,自動チェック完了,月次価格取得済み,財務取得済み,irbank:2026/03,ランキング判定に利用,2910,中立,
3010,ポラリス・ホールディングス,スタンダード（内国株式）,サービス業,自動チェック完了,月次価格取得済み,財務取得済み,irbank:2026/03,ランキング判定に利用,199,見送り寄り,
3011,バナーズ,スタンダード（内国株式）,小売業,自動チェック完了,月次価格取得済み,財務取得済み,irbank:2026/03,ランキング判定に利用,147,中立,
3020,アプライド,スタンダード（内国株式）,小売業,自動チェック完了,月次価格取得済み,財務取得済み,irbank:2026/03,ランキング判定に利用,4090,中立,
3021,パシフィックネット,スタンダード（内国株式）,サービス業,自動チェック完了,月次価格取得済み,財務取得済み,irbank:2026/02,ランキング判定に利用,1792,中立,
3023,ラサ商事,スタンダード（内国株式）,卸売業,自動チェック完了,月次価格取得済み,財務取得済み,irbank:2026/03,ランキング判定に利用,1801,中立,
3024,クリエイト,スタンダード（内国株式）,卸売業,自動チェック完了,月次価格取得済み,財務取得済み,irbank:2026/03,ランキング判定に利用,1062,中立,
3028,アルペン,プライム（内国株式）,小売業,自動チェック完了,月次価格取得済み,財務取得済み,irbank:2026/03,ランキング判定に利用,2133,見送り寄り,
302A,ビースタイルホールディングス,グロース（内国株式）,サービス業,自動チェック完了,月次価格取得済み,財務取得済み,irbank:2026/03,ランキング判定に利用,562,見送り寄り,
3030,ハブ,スタンダード（内国株式）,小売業,自動チェック完了,月次価格取得済み,財務取得済み,irbank:2026/02,ランキング判定に利用,822,良さそう,
3031,ラクーンホールディングス,プライム（内国株式）,情報・通信業,自動チェック完了,月次価格取得済み,財務取得済み,irbank:2026/04,ランキング判定に利用,615,見送り寄り,
3034,クオールホールディングス,プライム（内国株式）,小売業,自動チェック完了,月次価格取得済み,財務取得済み,irbank:2026/03,ランキング判定に利用,2018,見送り寄り,
3035,ケイティケイ,スタンダード（内国株式）,卸売業,自動チェック完了,月次価格取得済み,財務取得済み,irbank:2026/02,ランキング判定に利用,803,良さそう,
3036,アルコニックス,プライム（内国株式）,卸売業,自動チェック完了,月次価格取得済み,財務取得済み,irbank:2026/03,ランキング判定に利用,2456,良さそう,
3038,神戸物産,プライム（内国株式）,卸売業,自動チェック完了,月次価格取得済み,財務取得済み,irbank:2026/04,ランキング判定に利用,2724,見送り寄り,
303A,ｖｉｓｕｍｏ,グロース（内国株式）,情報・通信業,自動チェック完了,月次価格取得済み,財務取得済み,irbank:2026/03,ランキング判定に利用,551,見送り寄り,
3040,ソリトンシステムズ,プライム（内国株式）,情報・通信業,自動チェック完了,月次価格取得済み,財務取得済み,irbank:2026/03,ランキング判定に利用,1965,中立,
3041,ビューティカダンホールディングス,スタンダード（内国株式）,卸売業,自動チェック完了,月次価格取得済み,財務取得済み,irbank:2026/03,ランキング判定に利用,440,中立,
3042,セキュアヴェイル,スタンダード（内国株式）,情報・通信業,自動チェック完了,月次価格取得済み,財務取得済み,irbank:2026/03,ランキング判定に利用,292,中立,
3045,カワサキ,スタンダード（内国株式）,卸売業,自動チェック完了,月次価格取得済み,財務取得済み,irbank:2026/02,ランキング判定に利用,1483,見送り寄り,
3046,ジンズホールディングス,プライム（内国株式）,小売業,自動チェック完了,月次価格取得済み,財務取得済み,irbank:2026/02,ランキング判定に利用,8190,中立,
3048,ビックカメラ,プライム（内国株式）,小売業,自動チェック完了,月次価格取得済み,財務取得済み,irbank:2026/02,ランキング判定に利用,1666.5,見送り寄り,
304A,フォルシア,グロース（内国株式）,情報・通信業,自動チェック完了,月次価格取得済み,財務取得済み,irbank:2026/02,ランキング判定に利用,1845,見送り寄り,
3050,ＤＣＭホールディングス,プライム（内国株式）,小売業,自動チェック完了,月次価格取得済み,財務取得済み,irbank:2026/05,ランキング判定に利用,1528,中立,
3053,ペッパーフードサービス,スタンダード（内国株式）,小売業,自動チェック完了,月次価格取得済み,財務取得済み,irbank:2026/03,ランキング判定に利用,180,中立,
3054,ハイパー,スタンダード（内国株式）,卸売業,自動チェック完了,月次価格取得済み,財務取得済み,irbank:2026/03,ランキング判定に利用,241,見送り寄り,
3058,三洋堂ホールディングス,スタンダード（内国株式）,小売業,自動チェック完了,月次価格取得済み,財務取得済み,irbank:2026/03,ランキング判定に利用,698,中立,
3059,ヒラキ,スタンダード（内国株式）,小売業,自動チェック完了,月次価格取得済み,財務取得済み,irbank:2026/03,ランキング判定に利用,712,見送り寄り,
3063,ジェイグループホールディングス,グロース（内国株式）,小売業,自動チェック完了,月次価格取得済み,財務取得済み,irbank:2026/02,ランキング判定に利用,1238,中立,
3064,ＭｏｎｏｔａＲＯ,プライム（内国株式）,小売業,自動チェック完了,月次価格取得済み,財務取得済み,irbank:2026/03,ランキング判定に利用,1978,見送り寄り,
3065,ライフフーズ,スタンダード（内国株式）,小売業,自動チェック完了,月次価格取得済み,財務取得済み,irbank:2026/02,ランキング判定に利用,1622,見送り寄り,
3067,東京一番フーズ,スタンダード（内国株式）,小売業,自動チェック完了,月次価格取得済み,財務取得済み,irbank:2026/03,ランキング判定に利用,452,中立,
3068,ＷＤＩ,スタンダード（内国株式）,小売業,自動チェック完了,月次価格取得済み,財務取得済み,irbank:2026/03,ランキング判定に利用,2990,中立,
3069,ＪＦＬＡホールディングス,スタンダード（内国株式）,食料品,自動チェック完了,月次価格取得済み,財務取得済み,irbank:2026/03,ランキング判定に利用,153,中立,
3070,ジェリービーンズグループ,グロース（内国株式）,卸売業,自動チェック完了,月次価格取得済み,財務取得済み,irbank:2026/04,ランキング判定に利用,78,中立,
3071,ストリーム,スタンダード（内国株式）,小売業,自動チェック完了,月次価格取得済み,財務取得済み,irbank:2026/04,ランキング判定に利用,101,見送り寄り,
3075,銚子丸,スタンダード（内国株式）,小売業,自動チェック完了,月次価格取得済み,財務取得済み,irbank:2026/02,ランキング判定に利用,1657,中立,
3076,あい　ホールディングス,プライム（内国株式）,卸売業,自動チェック完了,月次価格取得済み,財務取得済み,irbank:2026/03,ランキング判定に利用,2653,見送り寄り,
3077,ホリイフードサービス,スタンダード（内国株式）,小売業,自動チェック完了,月次価格取得済み,財務取得済み,irbank:2026/02,ランキング判定に利用,815,中立,
3079,ディーブイエックス,スタンダード（内国株式）,卸売業,自動チェック完了,月次価格取得済み,財務取得済み,irbank:2026/03,ランキング判定に利用,987,見送り寄り,
3080,ジェーソン,スタンダード（内国株式）,小売業,自動チェック完了,月次価格取得済み,財務取得済み,irbank:2026/02,ランキング判定に利用,769,中立,
3082,きちりホールディングス,スタンダード（内国株式）,小売業,自動チェック完了,月次価格取得済み,財務取得済み,irbank:2026/03,ランキング判定に利用,956,中立,
3083,スターシーズ,スタンダード（内国株式）,小売業,自動チェック完了,月次価格取得済み,財務取得済み,irbank:2026/02,ランキング判定に利用,997,中立,
3086,Ｊ．フロント　リテイリング,プライム（内国株式）,小売業,自動チェック完了,月次価格取得済み,財務取得済み,irbank:2026/02,ランキング判定に利用,3192,良さそう,
3087,ドトール・日レスホールディングス,プライム（内国株式）,小売業,自動チェック完了,月次価格取得済み,財務取得済み,irbank:2026/02,ランキング判定に利用,2772,中立,
3088,マツキヨココカラ＆カンパニー,プライム（内国株式）,小売業,自動チェック完了,月次価格取得済み,財務取得済み,irbank:2026/03,ランキング判定に利用,2528,見送り寄り,
3089,テクノアルファ,スタンダード（内国株式）,卸売業,自動チェック完了,月次価格取得済み,財務取得済み,irbank:2026/02,ランキング判定に利用,1024,見送り寄り,
3091,ブロンコビリー,プライム（内国株式）,小売業,自動チェック完了,月次価格取得済み,財務取得済み,irbank:2026/03,ランキング判定に利用,2267,良さそう,
3092,ＺＯＺＯ,プライム（内国株式）,小売業,自動チェック完了,月次価格取得済み,財務取得済み,irbank:2026/03,ランキング判定に利用,1189.5,見送り寄り,
3093,トレジャー・ファクトリー,プライム（内国株式）,小売業,自動チェック完了,月次価格取得済み,財務取得済み,irbank:2026/02,ランキング判定に利用,2290,中立,
3096,オーシャンシステム,スタンダード（内国株式）,小売業,自動チェック完了,月次価格取得済み,財務取得済み,irbank:2026/03,ランキング判定に利用,1610,中立,
3097,物語コーポレーション,プライム（内国株式）,小売業,自動チェック完了,月次価格取得済み,財務取得済み,irbank:2026/03,ランキング判定に利用,5110,見送り寄り,
3099,三越伊勢丹ホールディングス,プライム（内国株式）,小売業,自動チェック完了,月次価格取得済み,財務取得済み,irbank:2026/03,ランキング判定に利用,3807,良さそう,
3101,東洋紡,プライム（内国株式）,化学,自動チェック完了,月次価格取得済み,財務取得済み,irbank:2026/03,ランキング判定に利用,1772,良さそう,
3103,ユニチカ,スタンダード（内国株式）,繊維製品,自動チェック完了,月次価格取得済み,財務取得済み,irbank:2026/03,ランキング判定に利用,940,中立,
3104,富士紡ホールディングス,プライム（内国株式）,繊維製品,自動チェック完了,月次価格取得済み,財務取得済み,irbank:2026/03,ランキング判定に利用,3880,中立,
3105,日清紡ホールディングス,プライム（内国株式）,電気機器,自動チェック完了,月次価格取得済み,財務取得済み,irbank:2026/03,ランキング判定に利用,2281.5,良さそう,
3106,倉敷紡績,プライム（内国株式）,繊維製品,自動チェック完了,月次価格取得済み,財務取得済み,irbank:2026/03,ランキング判定に利用,10070,中立,
3107,ダイワボウホールディングス,プライム（内国株式）,卸売業,自動チェック完了,月次価格取得済み,財務取得済み,irbank:2026/03,ランキング判定に利用,3394,中立,
3109,シキボウ,プライム（内国株式）,繊維製品,自動チェック完了,月次価格取得済み,財務取得済み,irbank:2026/03,ランキング判定に利用,1037,中立,
3110,日東紡績,プライム（内国株式）,ガラス・土石製品,自動チェック完了,月次価格取得済み,財務取得済み,irbank:2026/03,ランキング判定に利用,3515,中立,
3111,オーミケンシ,スタンダード（内国株式）,繊維製品,自動チェック完了,月次価格取得済み,財務取得済み,irbank:2025/12,ランキング判定に利用,159,見送り寄り,
3113,ＵＮＩＶＡ・Ｏａｋホールディングス,スタンダード（内国株式）,証券、商品先物取引業,自動チェック完了,月次価格取得済み,財務取得済み,irbank:2026/03,ランキング判定に利用,74,中立,
3116,トヨタ紡織,プライム（内国株式）,輸送用機器,自動チェック完了,月次価格取得済み,財務取得済み,irbank:2026/03,ランキング判定に利用,2204,中立,
3121,マーチャント・バンカーズ,スタンダード（内国株式）,サービス業,自動チェック完了,月次価格取得済み,財務取得済み,irbank:2026/04,ランキング判定に利用,217,見送り寄り,
3123,サイボー,スタンダード（内国株式）,繊維製品,自動チェック完了,月次価格取得済み,財務取得済み,confirmed,ランキング判定に利用,642,中立,
3131,シンデン・ハイテックス,スタンダード（内国株式）,卸売業,自動チェック完了,月次価格取得済み,財務取得済み,irbank:2026/03,ランキング判定に利用,3830,見送り寄り,
3132,マクニカホールディングス,プライム（内国株式）,卸売業,自動チェック完了,月次価格取得済み,財務取得済み,irbank:2026/03,ランキング判定に利用,3115,見送り寄り,
3133,海帆,グロース（内国株式）,小売業,自動チェック完了,月次価格取得済み,財務取得済み,irbank:2026/03,ランキング判定に利用,103,見送り寄り,
3134,Ｈａｍｅｅ,スタンダード（内国株式）,小売業,自動チェック完了,月次価格取得済み,財務取得済み,irbank:2026/04,ランキング判定に利用,282,未約定,
3135,マーケットエンタープライズ,スタンダード（内国株式）,小売業,自動チェック完了,月次価格取得済み,財務取得済み,irbank:2026/03,ランキング判定に利用,1042,見送り寄り,
3137,ファンデリー,スタンダード（内国株式）,小売業,自動チェック完了,月次価格取得済み,財務取得済み,irbank:2026/03,ランキング判定に利用,212,中立,
3138,富士山マガジンサービス,スタンダード（内国株式）,小売業,自動チェック完了,月次価格取得済み,財務取得済み,irbank:2026/03,ランキング判定に利用,1149,中立,
3139,ラクト・ジャパン,プライム（内国株式）,卸売業,自動チェック完了,月次価格取得済み,財務取得済み,irbank:2026/02,ランキング判定に利用,3480,中立,
3140,ＢＲＵＮＯ,グロース（内国株式）,卸売業,自動チェック完了,月次価格取得済み,財務取得済み,irbank:2026/03,ランキング判定に利用,1001,見送り寄り,
3143,オーウイル,スタンダード（内国株式）,卸売業,自動チェック完了,月次価格取得済み,財務取得済み,irbank:2026/03,ランキング判定に利用,698,見送り寄り,
3148,クリエイトＳＤホールディングス,プライム（内国株式）,小売業,自動チェック完了,月次価格取得済み,財務取得済み,irbank:2026/02,ランキング判定に利用,3355,見送り寄り,
3150,グリムス,プライム（内国株式）,電気・ガス業,自動チェック完了,月次価格取得済み,財務取得済み,irbank:2026/03,ランキング判定に利用,2522,良さそう,
3151,バイタルケーエスケー・ホールディングス,プライム（内国株式）,卸売業,自動チェック完了,月次価格取得済み,財務取得済み,irbank:2026/03,ランキング判定に利用,1565,良さそう,
3153,八洲電機,プライム（内国株式）,卸売業,自動チェック完了,月次価格取得済み,財務取得済み,irbank:2026/03,ランキング判定に利用,2751,中立,
3154,メディアスホールディングス,プライム（内国株式）,卸売業,自動チェック完了,月次価格取得済み,財務取得済み,irbank:2026/03,ランキング判定に利用,788,見送り寄り,
3156,レスター,プライム（内国株式）,卸売業,自動チェック完了,月次価格取得済み,財務取得済み,irbank:2026/03,ランキング判定に利用,3775,良さそう,
3157,ジオリーブグループ,スタンダード（内国株式）,卸売業,自動チェック完了,月次価格取得済み,財務取得済み,irbank:2026/03,ランキング判定に利用,1443,良さそう,
3159,丸善ＣＨＩホールディングス,スタンダード（内国株式）,小売業,自動チェック完了,月次価格取得済み,財務取得済み,irbank:2026/04,ランキング判定に利用,362,中立,
3160,大光,スタンダード（内国株式）,卸売業,自動チェック完了,月次価格取得済み,財務取得済み,irbank:2026/02,ランキング判定に利用,570,中立,
3161,アゼアス,スタンダード（内国株式）,卸売業,自動チェック完了,月次価格取得済み,財務取得済み,irbank:2026/04,ランキング判定に利用,658,見送り寄り,
3166,ＯＣＨＩホールディングス,スタンダード（内国株式）,卸売業,自動チェック完了,月次価格取得済み,財務取得済み,irbank:2026/03,ランキング判定に利用,1415,中立,
3167,ＴＯＫＡＩホールディングス,プライム（内国株式）,卸売業,自動チェック完了,月次価格取得済み,財務取得済み,irbank:2026/03,ランキング判定に利用,1172,中立,
3168,ＭＥＲＦ,スタンダード（内国株式）,卸売業,自動チェック完了,月次価格取得済み,財務取得済み,irbank:2026/02,ランキング判定に利用,1240,良さそう,
3169,ミサワ,スタンダード（内国株式）,小売業,自動チェック完了,月次価格取得済み,財務取得済み,irbank:2026/04,ランキング判定に利用,658,見送り寄り,
3172,ティーライフ,スタンダード（内国株式）,小売業,自動チェック完了,月次価格取得済み,財務取得済み,irbank:2026/04,ランキング判定に利用,1159,見送り寄り,
3173,Ｃｏｍｉｎｉｘ,スタンダード（内国株式）,卸売業,自動チェック完了,月次価格取得済み,財務取得済み,irbank:2026/03,ランキング判定に利用,1065,良さそう,
3174,ハピネス・アンド・ディ,スタンダード（内国株式）,小売業,自動チェック完了,月次価格取得済み,財務取得済み,irbank:2026/02,ランキング判定に利用,412,見送り寄り,
3175,エー・ピーホールディングス,スタンダード（内国株式）,小売業,自動チェック完了,月次価格取得済み,財務取得済み,irbank:2026/03,ランキング判定に利用,947,見送り寄り,
3176,三洋貿易,プライム（内国株式）,卸売業,自動チェック完了,月次価格取得済み,財務取得済み,irbank:2026/03,ランキング判定に利用,816,良さそう,
3177,ありがとうサービス,スタンダード（内国株式）,小売業,自動チェック完了,月次価格取得済み,財務取得済み,irbank:2026/02,ランキング判定に利用,3560,中立,
3178,チムニー,スタンダード（内国株式）,小売業,自動チェック完了,月次価格取得済み,財務取得済み,irbank:2026/03,ランキング判定に利用,1160,良さそう,
3179,シュッピン,プライム（内国株式）,小売業,自動チェック完了,月次価格取得済み,財務取得済み,irbank:2026/03,ランキング判定に利用,1076,見送り寄り,
3180,ビューティガレージ,プライム（内国株式）,卸売業,自動チェック完了,月次価格取得済み,財務取得済み,irbank:2026/04,ランキング判定に利用,1425,中立,
3181,買取王国,スタンダード（内国株式）,小売業,自動チェック完了,月次価格取得済み,財務取得済み,irbank:2026/02,ランキング判定に利用,980,中立,
3182,オイシックス・ラ・大地,プライム（内国株式）,小売業,自動チェック完了,月次価格取得済み,財務取得済み,irbank:2026/03,ランキング判定に利用,1554,中立,
3183,ウイン・パートナーズ,プライム（内国株式）,卸売業,自動チェック完了,月次価格取得済み,財務取得済み,irbank:2026/03,ランキング判定に利用,1285,良さそう,
3184,ＩＣＤＡホールディングス,スタンダード（内国株式）,小売業,自動チェック完了,月次価格取得済み,財務取得済み,irbank:2026/03,ランキング判定に利用,4480,見送り寄り,
3185,夢展望,グロース（内国株式）,小売業,自動チェック完了,月次価格取得済み,財務取得済み,irbank:2026/03,ランキング判定に利用,147,見送り寄り,
3186,ネクステージ,プライム（内国株式）,小売業,自動チェック完了,月次価格取得済み,財務取得済み,irbank:2026/02,ランキング判定に利用,3675,中立,
3187,ミラタップ,グロース（内国株式）,小売業,自動チェック完了,月次価格取得済み,財務取得済み,irbank:2026/03,ランキング判定に利用,279,見送り寄り,
3189,ＡＮＡＰホールディングス,スタンダード（内国株式）,小売業,自動チェック完了,月次価格取得済み,財務取得済み,irbank:2026/02,ランキング判定に利用,102,見送り寄り,
3190,ホットマン,スタンダード（内国株式）,小売業,自動チェック完了,月次価格取得済み,財務取得済み,irbank:2026/03,ランキング判定に利用,573,中立,
3191,ジョイフル本田,プライム（内国株式）,小売業,自動チェック完了,月次価格取得済み,財務取得済み,irbank:2026/03,ランキング判定に利用,2268,中立,
3192,白鳩,スタンダード（内国株式）,小売業,自動チェック完了,月次価格取得済み,財務取得済み,irbank:2026/02,ランキング判定に利用,343,良さそう,
3193,エターナルホスピタリティグループ,プライム（内国株式）,小売業,自動チェック完了,月次価格取得済み,財務取得済み,irbank:2026/04,ランキング判定に利用,2760,見送り寄り,
3195,ジェネレーションパス,スタンダード（内国株式）,小売業,自動チェック完了,月次価格取得済み,財務取得済み,irbank:2026/04,ランキング判定に利用,513,見送り寄り,
3196,ホットランドホールディングス,プライム（内国株式）,小売業,自動チェック完了,月次価格取得済み,財務取得済み,irbank:2026/03,ランキング判定に利用,1591,見送り寄り,
3197,すかいらーくホールディングス,プライム（内国株式）,小売業,補完チェック完了,月次価格取得済み,財務補完済み,completionEstimate,補完データでチャートと広域判定に利用,2995,中立,BPS、純資産、株数推定が不足
3198,ＳＦＰホールディングス,プライム（内国株式）,小売業,自動チェック完了,月次価格取得済み,財務取得済み,irbank:2026/02,ランキング判定に利用,2225,中立,
3199,綿半ホールディングス,プライム（内国株式）,小売業,自動チェック完了,月次価格取得済み,財務取得済み,irbank:2026/03,ランキング判定に利用,1370,見送り寄り,
319A,技術承継機構,グロース（内国株式）,金属製品,自動チェック完了,月次価格取得済み,財務取得済み,irbank:2026/03,ランキング判定に利用,16390,良さそう,
3201,日本毛織,プライム（内国株式）,繊維製品,自動チェック完了,月次価格取得済み,財務取得済み,irbank:2026/02,ランキング判定に利用,1829,中立,
3202,ダイトウボウ,スタンダード（内国株式）,繊維製品,自動チェック完了,月次価格取得済み,財務取得済み,irbank:2026/03,ランキング判定に利用,128,中立,
3204,トーア紡コーポレーション,スタンダード（内国株式）,繊維製品,自動チェック完了,月次価格取得済み,財務取得済み,irbank:2026/03,ランキング判定に利用,507,良さそう,
3205,ダイドーリミテッド,スタンダード（内国株式）,繊維製品,自動チェック完了,月次価格取得済み,財務取得済み,irbank:2026/03,ランキング判定に利用,740,中立,
3221,ヨシックスホールディングス,プライム（内国株式）,小売業,自動チェック完了,月次価格取得済み,財務取得済み,irbank:2026/03,ランキング判定に利用,3270,良さそう,
3222,ユナイテッド・スーパーマーケット・ホールディングス,スタンダード（内国株式）,小売業,自動チェック完了,月次価格取得済み,財務取得済み,irbank:2026/02,ランキング判定に利用,832,見送り寄り,
3223,エスエルディー,スタンダード（内国株式）,小売業,自動チェック完了,月次価格取得済み,財務取得済み,irbank:2026/02,ランキング判定に利用,930,中立,
3224,ゼネラル・オイスター,グロース（内国株式）,小売業,自動チェック完了,月次価格取得済み,財務取得済み,irbank:2026/03,ランキング判定に利用,715,中立,
3231,野村不動産ホールディングス,プライム（内国株式）,不動産業,自動チェック完了,月次価格取得済み,財務取得済み,irbank:2026/03,ランキング判定に利用,948.3,中立,
3232,三重交通グループホールディングス,プライム（内国株式）,不動産業,自動チェック完了,月次価格取得済み,財務取得済み,irbank:2026/03,ランキング判定に利用,555,良さそう,
3236,プロパスト,スタンダード（内国株式）,不動産業,自動チェック完了,月次価格取得済み,財務取得済み,irbank:2025/11,ランキング判定に利用,273,中立,
3237,イントランス,グロース（内国株式）,不動産業,自動チェック完了,月次価格取得済み,財務取得済み,irbank:2026/03,ランキング判定に利用,98,良さそう,
3238,セントラル総合開発,スタンダード（内国株式）,不動産業,自動チェック完了,月次価格取得済み,財務取得済み,irbank:2026/03,ランキング判定に利用,372,見送り寄り,
323A,フライヤー,グロース（内国株式）,情報・通信業,自動チェック完了,月次価格取得済み,財務取得済み,irbank:2026/02,ランキング判定に利用,410,中立,
3241,ウィル,スタンダード（内国株式）,不動産業,自動チェック完了,月次価格取得済み,財務取得済み,irbank:2026/03,ランキング判定に利用,566,中立,
3242,アーバネットコーポレーション,スタンダード（内国株式）,不動産業,自動チェック完了,月次価格取得済み,財務取得済み,irbank:2026/03,ランキング判定に利用,495,見送り寄り,
3245,ディア・ライフ,プライム（内国株式）,不動産業,自動チェック完了,月次価格取得済み,財務取得済み,irbank:2026/03,ランキング判定に利用,1073,見送り寄り,
3246,コーセーアールイー,スタンダード（内国株式）,不動産業,自動チェック完了,月次価格取得済み,財務取得済み,irbank:2026/04,ランキング判定に利用,638,見送り寄り,
3248,アールエイジ,スタンダード（内国株式）,不動産業,自動チェック完了,月次価格取得済み,財務取得済み,irbank:2026/04,ランキング判定に利用,873,見送り寄り,
324A,ブッキングリゾート,グロース（内国株式）,サービス業,自動チェック完了,月次価格取得済み,財務取得済み,irbank:2026/04,ランキング判定に利用,681,見送り寄り,
3252,地主,プライム（内国株式）,不動産業,自動チェック完了,月次価格取得済み,財務取得済み,irbank:2026/03,ランキング判定に利用,2910,良さそう,
325A,ＴＥＮＴＩＡＬ,グロース（内国株式）,繊維製品,自動チェック完了,月次価格取得済み,財務取得済み,irbank:2026/02,ランキング判定に利用,1429,中立,
3261,グランディーズ,グロース（内国株式）,不動産業,自動チェック完了,月次価格取得済み,財務取得済み,irbank:2026/03,ランキング判定に利用,398,見送り寄り,
3266,ファンドクリエーショングループ,スタンダード（内国株式）,不動産業,自動チェック完了,月次価格取得済み,財務取得済み,irbank:2026/02,ランキング判定に利用,83,良さそう,
3267,フィル・カンパニー,スタンダード（内国株式）,建設業,自動チェック完了,月次価格取得済み,財務取得済み,irbank:2026/02,ランキング判定に利用,731,中立,
3271,ＴＨＥグローバル社,スタンダード（内国株式）,不動産業,自動チェック完了,月次価格取得済み,財務取得済み,irbank:2026/03,ランキング判定に利用,1268,中立,
3276,ＪＰＭＣ,プライム（内国株式）,不動産業,自動チェック完了,月次価格取得済み,財務取得済み,irbank:2026/03,ランキング判定に利用,1417,中立,
3277,サンセイランディック,スタンダード（内国株式）,不動産業,自動チェック完了,月次価格取得済み,財務取得済み,irbank:2026/03,ランキング判定に利用,644,中立,
3280,エストラスト,スタンダード（内国株式）,不動産業,自動チェック完了,月次価格取得済み,財務取得済み,irbank:2026/02,ランキング判定に利用,988,見送り寄り,
3284,フージャースホールディングス,プライム（内国株式）,不動産業,自動チェック完了,月次価格取得済み,財務取得済み,irbank:2026/03,ランキング判定に利用,1226,見送り寄り,
3286,トラストホールディングス,スタンダード（内国株式）,不動産業,自動チェック完了,月次価格取得済み,財務取得済み,irbank:2026/03,ランキング判定に利用,890,中立,
3288,オープンハウスグループ,プライム（内国株式）,不動産業,自動チェック完了,月次価格取得済み,財務取得済み,irbank:2026/03,ランキング判定に利用,8720,中立,
3289,東急不動産ホールディングス,プライム（内国株式）,不動産業,自動チェック完了,月次価格取得済み,財務取得済み,irbank:2026/03,ランキング判定に利用,1327,中立,
3291,飯田グループホールディングス,プライム（内国株式）,不動産業,補完チェック完了,月次価格取得済み,財務補完済み,completionEstimate,補完データでチャートと広域判定に利用,2236,中立,BPS、純資産、株数推定が不足
3293,アズマハウス,スタンダード（内国株式）,不動産業,自動チェック完了,月次価格取得済み,財務取得済み,irbank:2026/03,ランキング判定に利用,765,見送り寄り,
3294,イーグランド,スタンダード（内国株式）,不動産業,自動チェック完了,月次価格取得済み,財務取得済み,irbank:2026/03,ランキング判定に利用,4840,良さそう,
3297,東武住販,スタンダード（内国株式）,不動産業,自動チェック完了,月次価格取得済み,財務取得済み,irbank:2026/02,ランキング判定に利用,1112,良さそう,
3299,ムゲンエステート,スタンダード（内国株式）,不動産業,自動チェック完了,月次価格取得済み,財務取得済み,irbank:2026/03,ランキング判定に利用,1926,良さそう,
3300,アンビション　ＤＸ　ホールディングス,グロース（内国株式）,不動産業,自動チェック完了,月次価格取得済み,財務取得済み,irbank:2026/03,ランキング判定に利用,2094,中立,
3302,帝国繊維,プライム（内国株式）,繊維製品,自動チェック完了,月次価格取得済み,財務取得済み,irbank:2026/03,ランキング判定に利用,3415,見送り寄り,
3306,日本製麻,スタンダード（内国株式）,卸売業,自動チェック完了,月次価格取得済み,財務取得済み,irbank:2026/03,ランキング判定に利用,664,中立,
330A,ＴａｌｅｎｔＸ,グロース（内国株式）,情報・通信業,自動チェック完了,月次価格取得済み,財務取得済み,irbank:2026/03,ランキング判定に利用,460,中立,
3315,日本コークス工業,プライム（内国株式）,石油・石炭製品,自動チェック完了,月次価格取得済み,財務取得済み,irbank:2026/03,ランキング判定に利用,92,見送り寄り,
3317,フライングガーデン,スタンダード（内国株式）,小売業,自動チェック完了,月次価格取得済み,財務取得済み,irbank:2026/03,ランキング判定に利用,1415,見送り寄り,
331A,メディックス,スタンダード（内国株式）,サービス業,自動チェック完了,月次価格取得済み,財務取得済み,irbank:2026/03,ランキング判定に利用,493,見送り寄り,
3320,クロスプラス,スタンダード（内国株式）,卸売業,自動チェック完了,月次価格取得済み,財務取得済み,irbank:2026/04,ランキング判定に利用,1340,中立,
3321,ミタチ産業,スタンダード（内国株式）,卸売業,自動チェック完了,月次価格取得済み,財務取得済み,irbank:2026/02,ランキング判定に利用,1567,見送り寄り,
3323,レカム,スタンダード（内国株式）,卸売業,自動チェック完了,月次価格取得済み,財務取得済み,irbank:2026/03,ランキング判定に利用,74,中立,
3326,ランシステム,スタンダード（内国株式）,サービス業,自動チェック完了,月次価格取得済み,財務取得済み,irbank:2026/03,ランキング判定に利用,621,中立,
3329,東和フードサービス,スタンダード（内国株式）,小売業,自動チェック完了,月次価格取得済み,財務取得済み,irbank:2026/04,ランキング判定に利用,2076,中立,
332A,ミーク,グロース（内国株式）,情報・通信業,自動チェック完了,月次価格取得済み,財務取得済み,irbank:2026/03,ランキング判定に利用,1034,中立,
3333,あさひ,プライム（内国株式）,小売業,自動チェック完了,月次価格取得済み,財務取得済み,irbank:2026/05,ランキング判定に利用,1342,良さそう,
3349,コスモス薬品,プライム（内国株式）,小売業,自動チェック完了,月次価格取得済み,財務取得済み,irbank:2026/02,ランキング判定に利用,6618,見送り寄り,
334A,ビジュアル・プロセッシング・ジャパン,グロース（内国株式）,情報・通信業,自動チェック完了,月次価格取得済み,財務取得済み,irbank:2026/03,ランキング判定に利用,926,中立,
3350,メタプラネット,スタンダード（内国株式）,卸売業,自動チェック完了,月次価格取得済み,財務取得済み,irbank:2026/03,ランキング判定に利用,226,未約定,
3352,バッファロー,スタンダード（内国株式）,小売業,自動チェック完了,月次価格取得済み,財務取得済み,irbank:2026/03,ランキング判定に利用,1656,良さそう,
3353,メディカル一光グループ,スタンダード（内国株式）,小売業,自動チェック完了,月次価格取得済み,財務取得済み,irbank:2026/02,ランキング判定に利用,2796,良さそう,
3355,クリヤマホールディングス,スタンダード（内国株式）,卸売業,自動チェック完了,月次価格取得済み,財務取得済み,irbank:2026/03,ランキング判定に利用,1569,中立,
3358,Ｔｒａｉｌｈｅａｄ　Ｇｌｏｂａｌ　Ｈｏｌｄｉｎｇｓ,スタンダード（内国株式）,小売業,自動チェック完了,月次価格取得済み,財務取得済み,irbank:2026/03,ランキング判定に利用,99,中立,
3359,ｃｏｔｔａ,グロース（内国株式）,卸売業,自動チェック完了,月次価格取得済み,財務取得済み,irbank:2026/03,ランキング判定に利用,524,中立,
335A,ミライロ,グロース（内国株式）,情報・通信業,自動チェック完了,月次価格取得済み,財務取得済み,irbank:2026/03,ランキング判定に利用,352,見送り寄り,
3360,シップヘルスケアホールディングス,プライム（内国株式）,卸売業,自動チェック完了,月次価格取得済み,財務取得済み,irbank:2026/03,ランキング判定に利用,2291.5,中立,
3361,トーエル,スタンダード（内国株式）,小売業,自動チェック完了,月次価格取得済み,財務取得済み,irbank:2026/04,ランキング判定に利用,888,中立,
336A,ダイナミックマッププラットフォーム,グロース（内国株式）,情報・通信業,自動チェック完了,月次価格取得済み,財務取得済み,irbank:2026/03,ランキング判定に利用,831,中立,
3370,フジタコーポレーション,スタンダード（内国株式）,小売業,自動チェック完了,月次価格取得済み,財務取得済み,irbank:2026/03,ランキング判定に利用,487,中立,
3371,ソフトクリエイトホールディングス,プライム（内国株式）,情報・通信業,自動チェック完了,月次価格取得済み,財務取得済み,irbank:2026/03,ランキング判定に利用,1917,見送り寄り,
3372,関門海,スタンダード（内国株式）,小売業,自動チェック完了,月次価格取得済み,財務取得済み,irbank:2026/03,ランキング判定に利用,220,見送り寄り,
3374,内外テック,スタンダード（内国株式）,卸売業,自動チェック完了,月次価格取得済み,財務取得済み,irbank:2026/03,ランキング判定に利用,3210,良さそう,
3375,ＺＯＡ,スタンダード（内国株式）,小売業,自動チェック完了,月次価格取得済み,財務取得済み,irbank:2026/03,ランキング判定に利用,1712,中立,
3377,バイク王＆カンパニー,スタンダード（内国株式）,卸売業,自動チェック完了,月次価格取得済み,財務取得済み,irbank:2026/02,ランキング判定に利用,366,見送り寄り,
3382,セブン＆アイ・ホールディングス,プライム（内国株式）,小売業,自動チェック完了,月次価格取得済み,財務取得済み,irbank:2026/02,ランキング判定に利用,2030,中立,
3386,コスモ・バイオ,スタンダード（内国株式）,卸売業,自動チェック完了,月次価格取得済み,財務取得済み,irbank:2026/03,ランキング判定に利用,1262,中立,
3387,クリエイト・レストランツ・ホールディングス,プライム（内国株式）,小売業,自動チェック完了,月次価格取得済み,財務取得済み,irbank:2026/02,ランキング判定に利用,753,見送り寄り,
3388,明治電機工業,プライム（内国株式）,卸売業,自動チェック完了,月次価格取得済み,財務取得済み,irbank:2026/03,ランキング判定に利用,2135,見送り寄り,
338A,ＺｅｎｍｕＴｅｃｈ,グロース（内国株式）,情報・通信業,自動チェック完了,月次価格取得済み,財務取得済み,irbank:2026/03,ランキング判定に利用,2121,未約定,
3391,ツルハホールディングス,プライム（内国株式）,小売業,自動チェック完了,月次価格取得済み,財務取得済み,irbank:2026/02,ランキング判定に利用,2294.5,見送り寄り,
3392,デリカフーズホールディングス,スタンダード（内国株式）,卸売業,自動チェック完了,月次価格取得済み,財務取得済み,irbank:2026/03,ランキング判定に利用,859,中立,
3393,スターティアホールディングス,プライム（内国株式）,卸売業,自動チェック完了,月次価格取得済み,財務取得済み,irbank:2026/03,ランキング判定に利用,3055,中立,
3395,サンマルクホールディングス,プライム（内国株式）,小売業,自動チェック完了,月次価格取得済み,財務取得済み,irbank:2026/03,ランキング判定に利用,2590,中立,
3396,フェリシモ,スタンダード（内国株式）,小売業,自動チェック完了,月次価格取得済み,財務取得済み,irbank:2026/02,ランキング判定に利用,855,中立,
3397,トリドールホールディングス,プライム（内国株式）,小売業,補完チェック完了,月次価格取得済み,財務補完済み,completionEstimate,補完データでチャートと広域判定に利用,4026,良さそう,BPS、純資産、株数推定が不足
3399,丸千代山岡家,スタンダード（内国株式）,小売業,自動チェック完了,月次価格取得済み,財務取得済み,irbank:2026/04,ランキング判定に利用,3385,良さそう,
339A,プログレス・テクノロジーズ　グループ,グロース（内国株式）,サービス業,補完チェック完了,月次価格取得済み,財務補完済み,completionEstimate,補完データでチャートと広域判定に利用,955,見送り寄り,BPS、純資産、株数推定が不足
3401,帝人,プライム（内国株式）,繊維製品,自動チェック完了,月次価格取得済み,財務取得済み,irbank:2026/03,ランキング判定に利用,1718.5,中立,
3402,東レ,プライム（内国株式）,繊維製品,自動チェック完了,月次価格取得済み,財務取得済み,irbank:2026/03,ランキング判定に利用,1166,中立,
3405,クラレ,プライム（内国株式）,化学,自動チェック完了,月次価格取得済み,財務取得済み,irbank:2026/03,ランキング判定に利用,1700,見送り寄り,
3407,旭化成,プライム（内国株式）,化学,自動チェック完了,月次価格取得済み,財務取得済み,irbank:2026/03,ランキング判定に利用,1867,良さそう,
3409,北紡,スタンダード（内国株式）,繊維製品,自動チェック完了,月次価格取得済み,財務取得済み,irbank:2026/03,ランキング判定に利用,94,良さそう,
340A,ジグザグ,グロース（内国株式）,情報・通信業,自動チェック完了,月次価格取得済み,財務取得済み,irbank:2026/02,ランキング判定に利用,351,見送り寄り,
3415,ＴＯＫＹＯ　ＢＡＳＥ,プライム（内国株式）,小売業,自動チェック完了,月次価格取得済み,財務取得済み,irbank:2026/04,ランキング判定に利用,410,良さそう,
3416,ピクスタ,スタンダード（内国株式）,小売業,自動チェック完了,月次価格取得済み,財務取得済み,irbank:2026/03,ランキング判定に利用,838,見送り寄り,
3417,大木ヘルスケアホールディングス,スタンダード（内国株式）,卸売業,自動チェック完了,月次価格取得済み,財務取得済み,irbank:2026/03,ランキング判定に利用,1149,見送り寄り,
3418,バルニバービ,グロース（内国株式）,小売業,自動チェック完了,月次価格取得済み,財務取得済み,irbank:2026/04,ランキング判定に利用,1149,良さそう,
341A,トヨコー,グロース（内国株式）,建設業,自動チェック完了,月次価格取得済み,財務取得済み,irbank:2026/03,ランキング判定に利用,2024,見送り寄り,
3420,ケー・エフ・シー,スタンダード（内国株式）,金属製品,自動チェック完了,月次価格取得済み,財務取得済み,irbank:2026/03,ランキング判定に利用,1655,良さそう,
3421,稲葉製作所,スタンダード（内国株式）,金属製品,自動チェック完了,月次価格取得済み,財務取得済み,irbank:2026/04,ランキング判定に利用,1761,良さそう,
3422,Ｊ－ＭＡＸ,スタンダード（内国株式）,金属製品,自動チェック完了,月次価格取得済み,財務取得済み,irbank:2026/03,ランキング判定に利用,493,中立,
3423,エスイー,スタンダード（内国株式）,金属製品,自動チェック完了,月次価格取得済み,財務取得済み,irbank:2026/03,ランキング判定に利用,268,良さそう,
3426,アトムリビンテック,スタンダード（内国株式）,金属製品,自動チェック完了,月次価格取得済み,財務取得済み,irbank:2026/03,ランキング判定に利用,1297,見送り寄り,
3431,宮地エンジニアリンググループ,プライム（内国株式）,金属製品,自動チェック完了,月次価格取得済み,財務取得済み,irbank:2026/03,ランキング判定に利用,1535,見送り寄り,
3433,トーカロ,プライム（内国株式）,金属製品,自動チェック完了,月次価格取得済み,財務取得済み,irbank:2026/03,ランキング判定に利用,3010,良さそう,
3434,アルファＣｏ,スタンダード（内国株式）,金属製品,自動チェック完了,月次価格取得済み,財務取得済み,irbank:2026/03,ランキング判定に利用,1255,中立,
3435,サンコーテクノ,スタンダード（内国株式）,金属製品,自動チェック完了,月次価格取得済み,財務取得済み,irbank:2026/03,ランキング判定に利用,1405,中立,
3436,ＳＵＭＣＯ,プライム（内国株式）,金属製品,自動チェック完了,月次価格取得済み,財務取得済み,irbank:2026/03,ランキング判定に利用,4507,良さそう,
3437,特殊電極,スタンダード（内国株式）,金属製品,自動チェック完了,月次価格取得済み,財務取得済み,irbank:2026/03,ランキング判定に利用,2663,見送り寄り,
3439,三ツ知,スタンダード（内国株式）,金属製品,自動チェック完了,月次価格取得済み,財務取得済み,irbank:2026/03,ランキング判定に利用,674,良さそう,
343A,ＩＡＣＥトラベル,スタンダード（内国株式）,サービス業,自動チェック完了,月次価格取得済み,財務取得済み,irbank:2026/03,ランキング判定に利用,1409,見送り寄り,
3440,日創グループ,スタンダード（内国株式）,金属製品,自動チェック完了,月次価格取得済み,財務取得済み,irbank:2026/02,ランキング判定に利用,970,中立,
3441,山王,スタンダード（内国株式）,金属製品,自動チェック完了,月次価格取得済み,財務取得済み,irbank:2026/04,ランキング判定に利用,2831,中立,
3443,川田テクノロジーズ,プライム（内国株式）,金属製品,自動チェック完了,月次価格取得済み,財務取得済み,irbank:2026/03,ランキング判定に利用,1361,中立,
3444,菊池製作所,スタンダード（内国株式）,金属製品,自動チェック完了,月次価格取得済み,財務取得済み,irbank:2026/04,ランキング判定に利用,1058,良さそう,
3445,ＲＳ　Ｔｅｃｈｎｏｌｏｇｉｅｓ,プライム（内国株式）,金属製品,自動チェック完了,月次価格取得済み,財務取得済み,irbank:2026/03,ランキング判定に利用,8320,中立,
3446,ジェイテックコーポレーション,スタンダード（内国株式）,金属製品,自動チェック完了,月次価格取得済み,財務取得済み,irbank:2026/03,ランキング判定に利用,1810,見送り寄り,
3447,信和,スタンダード（内国株式）,金属製品,補完チェック完了,月次価格取得済み,財務補完済み,completionEstimate,補完データでチャートと広域判定に利用,946,中立,BPS、純資産、株数推定が不足
3449,テクノフレックス,スタンダード（内国株式）,金属製品,自動チェック完了,月次価格取得済み,財務取得済み,irbank:2026/03,ランキング判定に利用,6720,良さそう,
3452,ビーロット,スタンダード（内国株式）,不動産業,自動チェック完了,月次価格取得済み,財務取得済み,irbank:2026/03,ランキング判定に利用,1480,見送り寄り,
3454,ファーストブラザーズ,スタンダード（内国株式）,不動産業,自動チェック完了,月次価格取得済み,財務取得済み,irbank:2026/02,ランキング判定に利用,1223,中立,
3457,Ａｎｄ　Ｄｏホールディングス,プライム（内国株式）,不動産業,自動チェック完了,月次価格取得済み,財務取得済み,irbank:2026/03,ランキング判定に利用,970,見送り寄り,
3461,パルマ,スタンダード（内国株式）,不動産業,自動チェック完了,月次価格取得済み,財務取得済み,irbank:2026/03,ランキング判定に利用,567,中立,
3465,ケイアイスター不動産,プライム（内国株式）,不動産業,自動チェック完了,月次価格取得済み,財務取得済み,irbank:2026/03,ランキング判定に利用,3725,良さそう,
3467,アグレ都市デザイン,スタンダード（内国株式）,不動産業,自動チェック完了,月次価格取得済み,財務取得済み,irbank:2026/03,ランキング判定に利用,2600,中立,
3469,デュアルタップ,スタンダード（内国株式）,不動産業,自動チェック完了,月次価格取得済み,財務取得済み,irbank:2026/03,ランキング判定に利用,896,見送り寄り,
3474,Ｇ－ＦＡＣＴＯＲＹ,グロース（内国株式）,不動産業,自動チェック完了,月次価格取得済み,財務取得済み,irbank:2026/03,ランキング判定に利用,550,見送り寄り,
3475,グッドコムアセット,プライム（内国株式）,不動産業,自動チェック完了,月次価格取得済み,財務取得済み,irbank:2026/04,ランキング判定に利用,1483,中立,
3477,フォーライフ,グロース（内国株式）,不動産業,自動チェック完了,月次価格取得済み,財務取得済み,irbank:2026/03,ランキング判定に利用,841,見送り寄り,
3479,ティーケーピー,グロース（内国株式）,不動産業,自動チェック完了,月次価格取得済み,財務取得済み,irbank:2026/02,ランキング判定に利用,1743,中立,
3480,ジェイ・エス・ビー,プライム（内国株式）,不動産業,自動チェック完了,月次価格取得済み,財務取得済み,irbank:2026/04,ランキング判定に利用,8980,良さそう,
3482,ロードスターキャピタル,プライム（内国株式）,不動産業,自動チェック完了,月次価格取得済み,財務取得済み,irbank:2026/03,ランキング判定に利用,2698,見送り寄り,
3484,イノベーションホールディングス,スタンダード（内国株式）,不動産業,自動チェック完了,月次価格取得済み,財務取得済み,irbank:2026/03,ランキング判定に利用,1141,中立,
3486,グローバル・リンク・マネジメント,プライム（内国株式）,不動産業,自動チェック完了,月次価格取得済み,財務取得済み,irbank:2026/03,ランキング判定に利用,1870,良さそう,
3489,フェイスネットワーク,スタンダード（内国株式）,不動産業,自動チェック完了,月次価格取得済み,財務取得済み,irbank:2026/03,ランキング判定に利用,786,中立,
3490,アズ企画設計,スタンダード（内国株式）,不動産業,自動チェック完了,月次価格取得済み,財務取得済み,irbank:2026/02,ランキング判定に利用,3150,見送り寄り,
3491,ＧＡ　ｔｅｃｈｎｏｌｏｇｉｅｓ,グロース（内国株式）,不動産業,自動チェック完了,月次価格取得済み,財務取得済み,irbank:2026/04,ランキング判定に利用,1402,見送り寄り,
3494,マリオン,スタンダード（内国株式）,不動産業,自動チェック完了,月次価格取得済み,財務取得済み,irbank:2026/03,ランキング判定に利用,426,見送り寄り,
3495,香陵住販,スタンダード（内国株式）,不動産業,自動チェック完了,月次価格取得済み,財務取得済み,irbank:2026/03,ランキング判定に利用,2345,見送り寄り,
3496,アズーム,プライム（内国株式）,不動産業,自動チェック完了,月次価格取得済み,財務取得済み,irbank:2026/03,ランキング判定に利用,4380,見送り寄り,
3498,霞ヶ関キャピタル,プライム（内国株式）,不動産業,自動チェック完了,月次価格取得済み,財務取得済み,irbank:2026/02,ランキング判定に利用,6720,見送り寄り,
3501,ＳＵＭＩＮＯＥ,プライム（内国株式）,繊維製品,自動チェック完了,月次価格取得済み,財務取得済み,irbank:2026/02,ランキング判定に利用,1091,中立,
350A,デジタルグリッド,グロース（内国株式）,電気・ガス業,自動チェック完了,月次価格取得済み,財務取得済み,irbank:2026/04,ランキング判定に利用,756,中立,
3512,日本フエルト,スタンダード（内国株式）,繊維製品,自動チェック完了,月次価格取得済み,財務取得済み,irbank:2026/03,ランキング判定に利用,1042,良さそう,
3513,イチカワ,スタンダード（内国株式）,繊維製品,自動チェック完了,月次価格取得済み,財務取得済み,irbank:2026/03,ランキング判定に利用,3625,良さそう,
3521,テルマー湯ホールディングス,スタンダード（内国株式）,サービス業,自動チェック完了,月次価格取得済み,財務取得済み,irbank:2026/03,ランキング判定に利用,152,中立,
3524,日東製網,スタンダード（内国株式）,繊維製品,自動チェック完了,月次価格取得済み,財務取得済み,irbank:2026/04,ランキング判定に利用,1417,中立,
3529,アツギ,スタンダード（内国株式）,繊維製品,自動チェック完了,月次価格取得済み,財務取得済み,irbank:2026/03,ランキング判定に利用,1077,見送り寄り,
352A,ＬＯＩＶＥ,グロース（内国株式）,サービス業,自動チェック完了,月次価格取得済み,財務取得済み,irbank:2026/03,ランキング判定に利用,518,見送り寄り,
3536,アクサスホールディングス,スタンダード（内国株式）,小売業,自動チェック完了,月次価格取得済み,財務取得済み,irbank:2026/02,ランキング判定に利用,129,中立,
3537,昭栄薬品,スタンダード（内国株式）,卸売業,自動チェック完了,月次価格取得済み,財務取得済み,irbank:2026/03,ランキング判定に利用,1659,中立,
3538,ウイルプラスホールディングス,スタンダード（内国株式）,小売業,自動チェック完了,月次価格取得済み,財務取得済み,irbank:2026/03,ランキング判定に利用,938,中立,
3539,ＪＭホールディングス,プライム（内国株式）,小売業,自動チェック完了,月次価格取得済み,財務取得済み,irbank:2026/04,ランキング判定に利用,1267,中立,
3542,ベガコーポレーション,グロース（内国株式）,小売業,自動チェック完了,月次価格取得済み,財務取得済み,irbank:2026/03,ランキング判定に利用,1240,見送り寄り,
3543,コメダホールディングス,プライム（内国株式）,卸売業,補完チェック完了,月次価格取得済み,財務補完済み,completionEstimate,補完データでチャートと広域判定に利用,2866,見送り寄り,BPS、純資産、株数推定が不足
3544,サツドラホールディングス,スタンダード（内国株式）,小売業,自動チェック完了,月次価格取得済み,財務取得済み,irbank:2026/05,ランキング判定に利用,1250,良さそう,
3546,アレンザホールディングス,プライム（内国株式）,小売業,自動チェック完了,月次価格取得済み,財務取得済み,irbank:2026/02,ランキング判定に利用,1455,中立,
3547,ユニシアホールディングス,スタンダード（内国株式）,小売業,自動チェック完了,月次価格取得済み,財務取得済み,irbank:2026/02,ランキング判定に利用,1591,見送り寄り,
3548,バロックジャパンリミテッド,プライム（内国株式）,小売業,自動チェック完了,月次価格取得済み,財務取得済み,irbank:2026/02,ランキング判定に利用,747,見送り寄り,
3549,クスリのアオキホールディングス,プライム（内国株式）,小売業,自動チェック完了,月次価格取得済み,財務取得済み,irbank:2026/02,ランキング判定に利用,3964,見送り寄り,
3550,スタジオアタオ,グロース（内国株式）,小売業,自動チェック完了,月次価格取得済み,財務取得済み,irbank:2026/02,ランキング判定に利用,227,良さそう,
3551,ダイニック,スタンダード（内国株式）,繊維製品,自動チェック完了,月次価格取得済み,財務取得済み,irbank:2026/03,ランキング判定に利用,1362,見送り寄り,
3553,共和レザー,スタンダード（内国株式）,化学,自動チェック完了,月次価格取得済み,財務取得済み,irbank:2026/03,ランキング判定に利用,867,中立,
3556,リネットジャパングループ,グロース（内国株式）,小売業,自動チェック完了,月次価格取得済み,財務取得済み,irbank:2026/03,ランキング判定に利用,759,中立,
3557,ユナイテッド＆コレクティブ,グロース（内国株式）,小売業,自動チェック完了,月次価格取得済み,財務取得済み,irbank:2026/02,ランキング判定に利用,555,見送り寄り,
3558,ジェイドグループ,グロース（内国株式）,小売業,自動チェック完了,月次価格取得済み,財務取得済み,irbank:2026/02,ランキング判定に利用,1582,良さそう,
3559,ピーバンドットコム,スタンダード（内国株式）,卸売業,自動チェック完了,月次価格取得済み,財務取得済み,irbank:2026/03,ランキング判定に利用,405,見送り寄り,
3560,ほぼ日,スタンダード（内国株式）,小売業,自動チェック完了,月次価格取得済み,財務取得済み,irbank:2026/02,ランキング判定に利用,4530,良さそう,
3561,力の源ホールディングス,プライム（内国株式）,小売業,自動チェック完了,月次価格取得済み,財務取得済み,irbank:2026/03,ランキング判定に利用,1563,良さそう,
3562,Ｎｏ．１,スタンダード（内国株式）,卸売業,自動チェック完了,月次価格取得済み,財務取得済み,irbank:2026/02,ランキング判定に利用,1591,中立,
3563,ＦＯＯＤ　＆　ＬＩＦＥ　ＣＯＭＰＡＮＩＥＳ,プライム（内国株式）,小売業,補完チェック完了,月次価格取得済み,財務補完済み,completionEstimate,補完データでチャートと広域判定に利用,4931,見送り寄り,BPS、純資産、株数推定が不足
3565,アセンテック,スタンダード（内国株式）,卸売業,自動チェック完了,月次価格取得済み,財務取得済み,irbank:2026/04,ランキング判定に利用,423,未約定,
3566,ユニフォームネクスト,グロース（内国株式）,小売業,自動チェック完了,月次価格取得済み,財務取得済み,irbank:2026/03,ランキング判定に利用,847,良さそう,
3569,セーレン,プライム（内国株式）,繊維製品,自動チェック完了,月次価格取得済み,財務取得済み,irbank:2026/03,ランキング判定に利用,3295,中立,
3571,ソトー,スタンダード（内国株式）,繊維製品,自動チェック完了,月次価格取得済み,財務取得済み,irbank:2026/03,ランキング判定に利用,711,見送り寄り,
3577,東海染工,スタンダード（内国株式）,繊維製品,自動チェック完了,月次価格取得済み,財務取得済み,irbank:2026/03,ランキング判定に利用,924,中立,
3580,小松マテーレ,プライム（内国株式）,繊維製品,自動チェック完了,月次価格取得済み,財務取得済み,irbank:2026/03,ランキング判定に利用,711,中立,
3583,オーベクス,スタンダード（内国株式）,繊維製品,自動チェック完了,月次価格取得済み,財務取得済み,irbank:2026/03,ランキング判定に利用,1234,見送り寄り,
3591,ワコールホールディングス,プライム（内国株式）,繊維製品,補完チェック完了,月次価格取得済み,財務補完済み,completionEstimate,補完データでチャートと広域判定に利用,4522,良さそう,BPS、純資産、株数推定が不足
3597,自重堂,スタンダード（内国株式）,繊維製品,自動チェック完了,月次価格取得済み,財務取得済み,irbank:2026/03,ランキング判定に利用,8910,見送り寄り,
3598,山喜,スタンダード（内国株式）,繊維製品,自動チェック完了,月次価格取得済み,財務取得済み,irbank:2026/03,ランキング判定に利用,163,見送り寄り,
3600,フジックス,スタンダード（内国株式）,繊維製品,自動チェック完了,月次価格取得済み,財務取得済み,irbank:2026/03,ランキング判定に利用,1701,中立,
3607,クラウディアホールディングス,スタンダード（内国株式）,繊維製品,自動チェック完了,月次価格取得済み,財務取得済み,irbank:2026/02,ランキング判定に利用,356,良さそう,
3608,ＴＳＩホールディングス,プライム（内国株式）,繊維製品,自動チェック完了,月次価格取得済み,財務取得済み,irbank:2026/02,ランキング判定に利用,1227,見送り寄り,
3611,マツオカコーポレーション,スタンダード（内国株式）,繊維製品,自動チェック完了,月次価格取得済み,財務取得済み,irbank:2026/03,ランキング判定に利用,2590,中立,
3612,ワールド,プライム（内国株式）,繊維製品,自動チェック完了,月次価格取得済み,財務取得済み,irbank:2026/02,ランキング判定に利用,1637,中立,
3622,ネットイヤーグループ,スタンダード（内国株式）,情報・通信業,自動チェック完了,月次価格取得済み,財務取得済み,irbank:2026/03,ランキング判定に利用,504,中立,
3623,ビリングシステム,グロース（内国株式）,情報・通信業,自動チェック完了,月次価格取得済み,財務取得済み,irbank:2026/03,ランキング判定に利用,1044,見送り寄り,
3624,アクセルマーク,グロース（内国株式）,情報・通信業,自動チェック完了,月次価格取得済み,財務取得済み,irbank:2026/03,ランキング判定に利用,78,見送り寄り,
3625,テックファームホールディングス,グロース（内国株式）,情報・通信業,自動チェック完了,月次価格取得済み,財務取得済み,irbank:2026/03,ランキング判定に利用,615,見送り寄り,
3626,ＴＩＳ,プライム（内国株式）,情報・通信業,自動チェック完了,月次価格取得済み,財務取得済み,irbank:2026/03,ランキング判定に利用,3492,良さそう,
3627,テクミラホールディングス,スタンダード（内国株式）,情報・通信業,自動チェック完了,月次価格取得済み,財務取得済み,irbank:2026/02,ランキング判定に利用,277,良さそう,
3628,データホライゾン,グロース（内国株式）,情報・通信業,自動チェック完了,月次価格取得済み,財務取得済み,irbank:2026/03,ランキング判定に利用,505,見送り寄り,
3632,グリーホールディングス,プライム（内国株式）,情報・通信業,自動チェック完了,月次価格取得済み,財務取得済み,irbank:2026/03,ランキング判定に利用,400,中立,
3633,ＧＭＯペパボ,スタンダード（内国株式）,情報・通信業,自動チェック完了,月次価格取得済み,財務取得済み,irbank:2026/03,ランキング判定に利用,1712,中立,
3634,ソケッツ,スタンダード（内国株式）,情報・通信業,自動チェック完了,月次価格取得済み,財務取得済み,irbank:2026/03,ランキング判定に利用,567,中立,
3635,コーエーテクモホールディングス,プライム（内国株式）,情報・通信業,自動チェック完了,月次価格取得済み,財務取得済み,irbank:2026/03,ランキング判定に利用,1612,見送り寄り,
3636,三菱総合研究所,プライム（内国株式）,情報・通信業,自動チェック完了,月次価格取得済み,財務取得済み,irbank:2026/03,ランキング判定に利用,4650,見送り寄り,
3639,ボルテージ,スタンダード（内国株式）,情報・通信業,自動チェック完了,月次価格取得済み,財務取得済み,irbank:2026/03,ランキング判定に利用,237,見送り寄り,
3640,電算,スタンダード（内国株式）,情報・通信業,自動チェック完了,月次価格取得済み,財務取得済み,irbank:2026/03,ランキング判定に利用,2361,中立,
3641,パピレス,スタンダード（内国株式）,情報・通信業,自動チェック完了,月次価格取得済み,財務取得済み,irbank:2026/03,ランキング判定に利用,966,中立,
3645,メディカルネット,グロース（内国株式）,情報・通信業,自動チェック完了,月次価格取得済み,財務取得済み,irbank:2026/02,ランキング判定に利用,255,見送り寄り,
3646,駅探,スタンダード（内国株式）,情報・通信業,自動チェック完了,月次価格取得済み,財務取得済み,irbank:2026/03,ランキング判定に利用,334,良さそう,
3647,アスリナ,スタンダード（内国株式）,情報・通信業,自動チェック完了,月次価格取得済み,財務取得済み,irbank:2026/02,ランキング判定に利用,136,良さそう,
3648,ＡＧＳ,スタンダード（内国株式）,情報・通信業,自動チェック完了,月次価格取得済み,財務取得済み,irbank:2026/03,ランキング判定に利用,1106,見送り寄り,
3649,ファインデックス,プライム（内国株式）,情報・通信業,自動チェック完了,月次価格取得済み,財務取得済み,irbank:2026/03,ランキング判定に利用,856,見送り寄り,
3652,ディジタルメディアプロフェッショナル,グロース（内国株式）,情報・通信業,自動チェック完了,月次価格取得済み,財務取得済み,irbank:2026/03,ランキング判定に利用,2267,中立,
3653,モルフォ,グロース（内国株式）,情報・通信業,自動チェック完了,月次価格取得済み,財務取得済み,irbank:2026/04,ランキング判定に利用,621,見送り寄り,
3656,ＫＬａｂ,プライム（内国株式）,情報・通信業,自動チェック完了,月次価格取得済み,財務取得済み,irbank:2026/03,ランキング判定に利用,207,中立,
3657,ポールトゥウィンホールディングス,プライム（内国株式）,情報・通信業,自動チェック完了,月次価格取得済み,財務取得済み,irbank:2026/04,ランキング判定に利用,331,中立,
3659,ネクソン,プライム（内国株式）,情報・通信業,補完チェック完了,月次価格取得済み,財務補完済み,completionEstimate,補完データでチャートと広域判定に利用,2295.5,見送り寄り,BPS、純資産、株数推定が不足
365A,伊澤タオル,スタンダード（内国株式）,繊維製品,自動チェック完了,月次価格取得済み,財務取得済み,irbank:2026/02,ランキング判定に利用,747,良さそう,
3660,アイスタイル,プライム（内国株式）,情報・通信業,自動チェック完了,月次価格取得済み,財務取得済み,irbank:2026/03,ランキング判定に利用,398,見送り寄り,
3661,エムアップホールディングス,プライム（内国株式）,情報・通信業,自動チェック完了,月次価格取得済み,財務取得済み,irbank:2026/03,ランキング判定に利用,750,見送り寄り,
3662,エイチームホールディングス,プライム（内国株式）,情報・通信業,自動チェック完了,月次価格取得済み,財務取得済み,irbank:2026/04,ランキング判定に利用,1043,見送り寄り,
3663,セルシス,プライム（内国株式）,情報・通信業,自動チェック完了,月次価格取得済み,財務取得済み,irbank:2026/03,ランキング判定に利用,2024,中立,
3664,ＷＩＺＥ,グロース（内国株式）,情報・通信業,自動チェック完了,月次価格取得済み,財務取得済み,irbank:2026/03,ランキング判定に利用,23,良さそう,
3665,エニグモ,プライム（内国株式）,情報・通信業,自動チェック完了,月次価格取得済み,財務取得済み,irbank:2026/04,ランキング判定に利用,406,中立,
3667,ｅｎｉｓｈ,スタンダード（内国株式）,情報・通信業,自動チェック完了,月次価格取得済み,財務取得済み,irbank:2026/03,ランキング判定に利用,30,未約定,
3668,コロプラ,プライム（内国株式）,情報・通信業,自動チェック完了,月次価格取得済み,財務取得済み,irbank:2026/03,ランキング判定に利用,388,見送り寄り,
366A,ウェルネス・コミュニケーションズ,グロース（内国株式）,サービス業,自動チェック完了,月次価格取得済み,財務取得済み,irbank:2026/03,ランキング判定に利用,1057,見送り寄り,
3670,協立情報通信,スタンダード（内国株式）,情報・通信業,自動チェック完了,月次価格取得済み,財務取得済み,irbank:2026/03,ランキング判定に利用,1750,見送り寄り,
3671,ソフトマックス,スタンダード（内国株式）,情報・通信業,自動チェック完了,月次価格取得済み,財務取得済み,irbank:2026/03,ランキング判定に利用,315,見送り寄り,
3672,オルトプラス,スタンダード（内国株式）,情報・通信業,自動チェック完了,月次価格取得済み,財務取得済み,irbank:2026/03,ランキング判定に利用,29,見送り寄り,
3673,ブロードリーフ,プライム（内国株式）,情報・通信業,補完チェック完了,月次価格取得済み,財務補完済み,completionEstimate,補完データでチャートと広域判定に利用,424,良さそう,BPS、純資産、株数推定が不足
3674,オークファン,グロース（内国株式）,情報・通信業,自動チェック完了,月次価格取得済み,財務取得済み,irbank:2026/03,ランキング判定に利用,324,見送り寄り,
3675,クロス・マーケティンググループ,スタンダード（内国株式）,情報・通信業,自動チェック完了,月次価格取得済み,財務取得済み,irbank:2026/03,ランキング判定に利用,600,見送り寄り,
3676,デジタルハーツホールディングス,プライム（内国株式）,情報・通信業,自動チェック完了,月次価格取得済み,財務取得済み,irbank:2026/03,ランキング判定に利用,733,見送り寄り,
3678,メディアドゥ,プライム（内国株式）,情報・通信業,自動チェック完了,月次価格取得済み,財務取得済み,irbank:2026/02,ランキング判定に利用,1357,見送り寄り,
3679,じげん,プライム（内国株式）,情報・通信業,補完チェック完了,月次価格取得済み,財務補完済み,completionEstimate,補完データでチャートと広域判定に利用,400,見送り寄り,BPS、純資産、株数推定が不足
367A,プリモグローバルホールディングス,スタンダード（内国株式）,小売業,補完チェック完了,月次価格取得済み,財務補完済み,completionEstimate,補完データでチャートと広域判定に利用,2950,中立,BPS、純資産、株数推定が不足
3680,ホットリンク,グロース（内国株式）,情報・通信業,補完チェック完了,月次価格取得済み,財務補完済み,completionEstimate,補完データでチャートと広域判定に利用,219,見送り寄り,BPS、純資産、株数推定が不足
3681,ブイキューブ,プライム（内国株式）,情報・通信業,補完チェック完了,月次価格取得済み,財務補完済み,completionEstimate,補完データでチャートと広域判定に利用,9,中立,BPS、純資産、株数推定が不足
3682,エンカレッジ・テクノロジ,スタンダード（内国株式）,情報・通信業,自動チェック完了,月次価格取得済み,財務取得済み,irbank:2026/03,ランキング判定に利用,599,良さそう,
3683,サイバーリンクス,スタンダード（内国株式）,情報・通信業,自動チェック完了,月次価格取得済み,財務取得済み,irbank:2026/03,ランキング判定に利用,1025,見送り寄り,
3686,ディー・エル・イー,スタンダード（内国株式）,情報・通信業,自動チェック完了,月次価格取得済み,財務取得済み,irbank:2026/03,ランキング判定に利用,74,見送り寄り,
3687,フィックスターズ,プライム（内国株式）,情報・通信業,自動チェック完了,月次価格取得済み,財務取得済み,irbank:2026/03,ランキング判定に利用,2192,見送り寄り,
368A,北里コーポレーション,プライム（内国株式）,精密機器,自動チェック完了,月次価格取得済み,財務取得済み,irbank:2026/03,ランキング判定に利用,1339,中立,
3690,イルグルム,スタンダード（内国株式）,情報・通信業,自動チェック完了,月次価格取得済み,財務取得済み,irbank:2026/03,ランキング判定に利用,547,見送り寄り,
3691,デジタルプラス,グロース（内国株式）,情報・通信業,自動チェック完了,月次価格取得済み,財務取得済み,irbank:2026/03,ランキング判定に利用,1548,見送り寄り,
3692,ＦＦＲＩセキュリティ,グロース（内国株式）,情報・通信業,自動チェック完了,月次価格取得済み,財務取得済み,irbank:2026/03,ランキング判定に利用,5110,未約定,
3694,オプティム,プライム（内国株式）,情報・通信業,自動チェック完了,月次価格取得済み,財務取得済み,irbank:2026/03,ランキング判定に利用,406,見送り寄り,
3695,ＧＭＯプロダクトプラットフォーム,グロース（内国株式）,情報・通信業,自動チェック完了,月次価格取得済み,財務取得済み,irbank:2026/03,ランキング判定に利用,1427,見送り寄り,
3696,セレス,プライム（内国株式）,情報・通信業,自動チェック完了,月次価格取得済み,財務取得済み,irbank:2026/03,ランキング判定に利用,2144,中立,
3697,ＳＨＩＦＴ,プライム（内国株式）,情報・通信業,自動チェック完了,月次価格取得済み,財務取得済み,irbank:2026/02,ランキング判定に利用,678.9,中立,
3698,ＣＲＩ・ミドルウェア,スタンダード（内国株式）,情報・通信業,自動チェック完了,月次価格取得済み,財務取得済み,irbank:2026/03,ランキング判定に利用,1177,中立,
369A,エータイ,グロース（内国株式）,サービス業,自動チェック完了,月次価格取得済み,財務取得済み,irbank:2026/02,ランキング判定に利用,2258,中立,
3708,特種東海製紙,プライム（内国株式）,パルプ・紙,自動チェック完了,月次価格取得済み,財務取得済み,irbank:2026/03,ランキング判定に利用,1974,中立,
3710,ジョルダン,スタンダード（内国株式）,情報・通信業,自動チェック完了,月次価格取得済み,財務取得済み,irbank:2026/03,ランキング判定に利用,620,良さそう,
3712,情報企画,スタンダード（内国株式）,情報・通信業,自動チェック完了,月次価格取得済み,財務取得済み,irbank:2026/03,ランキング判定に利用,969,見送り寄り,
3719,ＡＩストーム,スタンダード（内国株式）,情報・通信業,自動チェック完了,月次価格取得済み,財務取得済み,irbank:2026/03,ランキング判定に利用,173,未約定,
3723,日本ファルコム,グロース（内国株式）,情報・通信業,自動チェック完了,月次価格取得済み,財務取得済み,irbank:2026/03,ランキング判定に利用,2651,中立,
3726,フォーシーズＨＤ,スタンダード（内国株式）,小売業,自動チェック完了,月次価格取得済み,財務取得済み,irbank:2026/03,ランキング判定に利用,369,中立,
3727,アプリックス,グロース（内国株式）,情報・通信業,自動チェック完了,月次価格取得済み,財務取得済み,irbank:2026/03,ランキング判定に利用,139,中立,
372A,レント,スタンダード（内国株式）,サービス業,自動チェック完了,月次価格取得済み,財務取得済み,irbank:2026/02,ランキング判定に利用,4965,見送り寄り,
3733,ソフトウェア・サービス,スタンダード（内国株式）,情報・通信業,自動チェック完了,月次価格取得済み,財務取得済み,irbank:2026/04,ランキング判定に利用,11540,見送り寄り,
373A,リップス,グロース（内国株式）,化学,自動チェック完了,月次価格取得済み,財務取得済み,irbank:2026/02,ランキング判定に利用,1515,見送り寄り,
3741,セック,プライム（内国株式）,情報・通信業,自動チェック完了,月次価格取得済み,財務取得済み,irbank:2026/03,ランキング判定に利用,3080,中立,
3744,サイオス,スタンダード（内国株式）,情報・通信業,自動チェック完了,月次価格取得済み,財務取得済み,irbank:2026/03,ランキング判定に利用,504,中立,
3747,インタートレード,スタンダード（内国株式）,情報・通信業,自動チェック完了,月次価格取得済み,財務取得済み,irbank:2026/03,ランキング判定に利用,406,中立,
3750,ＡＤＲ１２０Ｓ,スタンダード（内国株式）,情報・通信業,自動チェック完了,月次価格取得済み,財務取得済み,irbank:2026/03,ランキング判定に利用,815,見送り寄り,
3753,フライトソリューションズ,スタンダード（内国株式）,情報・通信業,自動チェック完了,月次価格取得済み,財務取得済み,irbank:2026/03,ランキング判定に利用,171,中立,
3758,アエリア,スタンダード（内国株式）,情報・通信業,自動チェック完了,月次価格取得済み,財務取得済み,irbank:2026/03,ランキング判定に利用,235,見送り寄り,
3760,ケイブ,スタンダード（内国株式）,情報・通信業,自動チェック完了,月次価格取得済み,財務取得済み,irbank:2026/02,ランキング判定に利用,628,見送り寄り,
3762,テクマトリックス,プライム（内国株式）,情報・通信業,自動チェック完了,月次価格取得済み,財務取得済み,irbank:2026/03,ランキング判定に利用,1875,見送り寄り,
3763,プロシップ,プライム（内国株式）,情報・通信業,自動チェック完了,月次価格取得済み,財務取得済み,irbank:2026/03,ランキング判定に利用,1808,中立,
3765,ガンホー・オンライン・エンターテイメント,プライム（内国株式）,情報・通信業,自動チェック完了,月次価格取得済み,財務取得済み,confirmed,ランキング判定に利用,2378,見送り寄り,
3766,システムズ・デザイン,スタンダード（内国株式）,情報・通信業,自動チェック完了,月次価格取得済み,財務取得済み,irbank:2026/03,ランキング判定に利用,1395,中立,
3768,リスクモンスター,スタンダード（内国株式）,情報・通信業,自動チェック完了,月次価格取得済み,財務取得済み,irbank:2026/03,ランキング判定に利用,561,良さそう,
3769,ＧＭＯペイメントゲートウェイ,プライム（内国株式）,情報・通信業,自動チェック完了,月次価格取得済み,財務取得済み,irbank:2026/03,ランキング判定に利用,9955,中立,
3771,システムリサーチ,プライム（内国株式）,情報・通信業,自動チェック完了,月次価格取得済み,財務取得済み,irbank:2026/03,ランキング判定に利用,1838,見送り寄り,
3772,ウェルス・マネジメント,スタンダード（内国株式）,不動産業,自動チェック完了,月次価格取得済み,財務取得済み,irbank:2026/03,ランキング判定に利用,1056,見送り寄り,
3773,アドバンスト・メディア,グロース（内国株式）,情報・通信業,自動チェック完了,月次価格取得済み,財務取得済み,irbank:2026/03,ランキング判定に利用,1135,見送り寄り,
3774,インターネットイニシアティブ,プライム（内国株式）,情報・通信業,補完チェック完了,月次価格取得済み,財務補完済み,completionEstimate,補完データでチャートと広域判定に利用,3502,中立,BPS、純資産、株数推定が不足
3776,ブロードバンドタワー,スタンダード（内国株式）,情報・通信業,自動チェック完了,月次価格取得済み,財務取得済み,irbank:2026/03,ランキング判定に利用,295,良さそう,
3777,環境フレンドリーホールディングス,グロース（内国株式）,情報・通信業,自動チェック完了,月次価格取得済み,財務取得済み,irbank:2026/03,ランキング判定に利用,49,中立,
3778,さくらインターネット,プライム（内国株式）,情報・通信業,自動チェック完了,月次価格取得済み,財務取得済み,irbank:2026/03,ランキング判定に利用,2705,見送り寄り,
3779,ジェイ・エスコムホールディングス,スタンダード（内国株式）,情報・通信業,自動チェック完了,月次価格取得済み,財務取得済み,irbank:2026/03,ランキング判定に利用,130,見送り寄り,
3787,テクノマセマティカル,スタンダード（内国株式）,情報・通信業,自動チェック完了,月次価格取得済み,財務取得済み,irbank:2026/03,ランキング判定に利用,303,中立,
3788,ＧＭＯグローバルサイン・ホールディングス,プライム（内国株式）,情報・通信業,自動チェック完了,月次価格取得済み,財務取得済み,irbank:2026/03,ランキング判定に利用,2195,中立,
378A,ヒット,グロース（内国株式）,サービス業,自動チェック完了,月次価格取得済み,財務取得済み,irbank:2026/03,ランキング判定に利用,1039,中立,
3791,ＩＧポート,スタンダード（内国株式）,情報・通信業,自動チェック完了,月次価格取得済み,財務取得済み,irbank:2026/02,ランキング判定に利用,1364,見送り寄り,
3793,ドリコム,グロース（内国株式）,情報・通信業,自動チェック完了,月次価格取得済み,財務取得済み,irbank:2026/03,ランキング判定に利用,410,良さそう,
3796,いい生活,スタンダード（内国株式）,情報・通信業,自動チェック完了,月次価格取得済み,財務取得済み,irbank:2026/03,ランキング判定に利用,276,良さそう,
3798,ＵＬＳグループ,スタンダード（内国株式）,情報・通信業,自動チェック完了,月次価格取得済み,財務取得済み,irbank:2026/03,ランキング判定に利用,549,見送り寄り,
3799,キーウェアソリューションズ,スタンダード（内国株式）,情報・通信業,自動チェック完了,月次価格取得済み,財務取得済み,irbank:2026/03,ランキング判定に利用,1040,見送り寄り,
3800,ユニリタ,スタンダード（内国株式）,情報・通信業,自動チェック完了,月次価格取得済み,財務取得済み,irbank:2026/03,ランキング判定に利用,1970,見送り寄り,
3802,エコミック,スタンダード（内国株式）,情報・通信業,自動チェック完了,月次価格取得済み,財務取得済み,irbank:2026/03,ランキング判定に利用,480,中立,
3803,イメージ情報開発,グロース（内国株式）,情報・通信業,自動チェック完了,月次価格取得済み,財務取得済み,irbank:2026/03,ランキング判定に利用,484,中立,
3804,システム　ディ,スタンダード（内国株式）,情報・通信業,自動チェック完了,月次価格取得済み,財務取得済み,irbank:2026/04,ランキング判定に利用,435,見送り寄り,
3807,フィスコ,グロース（内国株式）,情報・通信業,自動チェック完了,月次価格取得済み,財務取得済み,irbank:2026/03,ランキング判定に利用,88,見送り寄り,
3810,サイバーステップホールディングス,スタンダード（内国株式）,情報・通信業,自動チェック完了,月次価格取得済み,財務取得済み,irbank:2026/02,ランキング判定に利用,197,見送り寄り,
3815,メディア工房,グロース（内国株式）,情報・通信業,自動チェック完了,月次価格取得済み,財務取得済み,irbank:2026/02,ランキング判定に利用,443,見送り寄り,
3816,大和コンピューター,スタンダード（内国株式）,情報・通信業,自動チェック完了,月次価格取得済み,財務取得済み,irbank:2026/04,ランキング判定に利用,1134,中立,
3817,ＳＲＡホールディングス,プライム（内国株式）,情報・通信業,自動チェック完了,月次価格取得済み,財務取得済み,irbank:2026/03,ランキング判定に利用,4580,中立,
3823,ＴＨＥ　ＷＨＹ　ＨＯＷ　ＤＯ　ＣＯＭＰＡＮＹ,スタンダード（内国株式）,情報・通信業,自動チェック完了,月次価格取得済み,財務取得済み,irbank:2026/04,ランキング判定に利用,31,中立,
3825,リミックスポイント,スタンダード（内国株式）,小売業,自動チェック完了,月次価格取得済み,財務取得済み,irbank:2026/03,ランキング判定に利用,192,見送り寄り,
3826,システムインテグレータ,スタンダード（内国株式）,情報・通信業,自動チェック完了,月次価格取得済み,財務取得済み,irbank:2026/02,ランキング判定に利用,452,良さそう,
3834,朝日ネット,プライム（内国株式）,情報・通信業,自動チェック完了,月次価格取得済み,財務取得済み,irbank:2026/03,ランキング判定に利用,626,見送り寄り,
3835,ｅＢＡＳＥ,プライム（内国株式）,情報・通信業,自動チェック完了,月次価格取得済み,財務取得済み,irbank:2026/03,ランキング判定に利用,417,見送り寄り,
3836,アバントグループ,プライム（内国株式）,情報・通信業,自動チェック完了,月次価格取得済み,財務取得済み,irbank:2026/03,ランキング判定に利用,1193,見送り寄り,
3837,アドソル日進,プライム（内国株式）,情報・通信業,自動チェック完了,月次価格取得済み,財務取得済み,irbank:2026/03,ランキング判定に利用,1484,中立,
3839,ＯＤＫソリューションズ,スタンダード（内国株式）,情報・通信業,自動チェック完了,月次価格取得済み,財務取得済み,irbank:2026/03,ランキング判定に利用,630,中立,
3840,パス,スタンダード（内国株式）,情報・通信業,自動チェック完了,月次価格取得済み,財務取得済み,irbank:2026/03,ランキング判定に利用,63,良さそう,
3841,ジーダット,スタンダード（内国株式）,情報・通信業,自動チェック完了,月次価格取得済み,財務取得済み,irbank:2026/03,ランキング判定に利用,1247,見送り寄り,
3842,ネクストジェン,スタンダード（内国株式）,情報・通信業,自動チェック完了,月次価格取得済み,財務取得済み,irbank:2026/03,ランキング判定に利用,909,見送り寄り,
3843,フリービット,プライム（内国株式）,情報・通信業,自動チェック完了,月次価格取得済み,財務取得済み,irbank:2026/01,ランキング判定に利用,1571,見送り寄り,
3844,コムチュア,プライム（内国株式）,情報・通信業,自動チェック完了,月次価格取得済み,財務取得済み,irbank:2026/03,ランキング判定に利用,1356,見送り寄り,
3845,アイフリークモバイル,スタンダード（内国株式）,情報・通信業,自動チェック完了,月次価格取得済み,財務取得済み,irbank:2026/03,ランキング判定に利用,215,見送り寄り,
3848,データ・アプリケーション,スタンダード（内国株式）,情報・通信業,自動チェック完了,月次価格取得済み,財務取得済み,irbank:2026/03,ランキング判定に利用,819,中立,
3850,エヌ・ティ・ティ・データ・イントラマート,スタンダード（内国株式）,情報・通信業,自動チェック完了,月次価格取得済み,財務取得済み,irbank:2026/03,ランキング判定に利用,3170,見送り寄り,
3851,日本一ソフトウェア,スタンダード（内国株式）,情報・通信業,自動チェック完了,月次価格取得済み,財務取得済み,irbank:2026/03,ランキング判定に利用,840,見送り寄り,
3853,アステリア,プライム（内国株式）,情報・通信業,自動チェック完了,月次価格取得済み,財務取得済み,irbank:2026/03,ランキング判定に利用,1103,中立,
3854,アイル,プライム（内国株式）,情報・通信業,自動チェック完了,月次価格取得済み,財務取得済み,irbank:2026/04,ランキング判定に利用,2475,良さそう,
3856,Ａｂａｌａｎｃｅ,スタンダード（内国株式）,電気機器,自動チェック完了,月次価格取得済み,財務取得済み,irbank:2025/09,ランキング判定に利用,515,未約定,
3858,ユビキタスＡＩ,スタンダード（内国株式）,情報・通信業,自動チェック完了,月次価格取得済み,財務取得済み,irbank:2026/03,ランキング判定に利用,294,中立,
3861,王子ホールディングス,プライム（内国株式）,パルプ・紙,自動チェック完了,月次価格取得済み,財務取得済み,irbank:2026/03,ランキング判定に利用,829.8,中立,
3863,日本製紙,プライム（内国株式）,パルプ・紙,自動チェック完了,月次価格取得済み,財務取得済み,irbank:2026/03,ランキング判定に利用,1344,良さそう,
3864,三菱製紙,プライム（内国株式）,パルプ・紙,自動チェック完了,月次価格取得済み,財務取得済み,irbank:2026/03,ランキング判定に利用,1013,中立,
3865,北越コーポレーション,プライム（内国株式）,パルプ・紙,自動チェック完了,月次価格取得済み,財務取得済み,irbank:2026/03,ランキング判定に利用,854,見送り寄り,
386A,みのや,スタンダード（内国株式）,小売業,自動チェック完了,月次価格取得済み,財務取得済み,irbank:2026/03,ランキング判定に利用,1278,見送り寄り,
3877,中越パルプ工業,プライム（内国株式）,パルプ・紙,自動チェック完了,月次価格取得済み,財務取得済み,irbank:2026/03,ランキング判定に利用,2057,中立,
3878,巴川コーポレーション,スタンダード（内国株式）,化学,自動チェック完了,月次価格取得済み,財務取得済み,irbank:2026/03,ランキング判定に利用,753,見送り寄り,
387A,フラー,グロース（内国株式）,情報・通信業,自動チェック完了,月次価格取得済み,財務取得済み,irbank:2026/03,ランキング判定に利用,955,中立,
3880,大王製紙,プライム（内国株式）,パルプ・紙,自動チェック完了,月次価格取得済み,財務取得済み,irbank:2026/03,ランキング判定に利用,933,中立,
3891,ニッポン高度紙工業,スタンダード（内国株式）,パルプ・紙,自動チェック完了,月次価格取得済み,財務取得済み,irbank:2026/03,ランキング判定に利用,7970,良さそう,
3892,岡山製紙,スタンダード（内国株式）,パルプ・紙,自動チェック完了,月次価格取得済み,財務取得済み,confirmed,ランキング判定に利用,1669,中立,
3895,ハビックス,スタンダード（内国株式）,パルプ・紙,自動チェック完了,月次価格取得済み,財務取得済み,irbank:2026/03,ランキング判定に利用,405,見送り寄り,
3896,阿波製紙,スタンダード（内国株式）,パルプ・紙,自動チェック完了,月次価格取得済み,財務取得済み,irbank:2026/03,ランキング判定に利用,358,中立,
3900,クラウドワークス,グロース（内国株式）,情報・通信業,自動チェック完了,月次価格取得済み,財務取得済み,irbank:2026/03,ランキング判定に利用,596,見送り寄り,
3901,マークラインズ,プライム（内国株式）,情報・通信業,自動チェック完了,月次価格取得済み,財務取得済み,irbank:2026/03,ランキング判定に利用,1374,見送り寄り,
3903,ｇｕｍｉ,プライム（内国株式）,情報・通信業,自動チェック完了,月次価格取得済み,財務取得済み,irbank:2026/04,ランキング判定に利用,230.0,,
3904,カヤック,グロース（内国株式）,情報・通信業,自動チェック完了,月次価格取得済み,財務取得済み,irbank:2026/03,ランキング判定に利用,388.0,,
3905,データセクション,グロース（内国株式）,情報・通信業,自動チェック完了,月次価格取得済み,財務取得済み,irbank:2026/03,ランキング判定に利用,4180.0,,
3907,シリコンスタジオ,スタンダード（内国株式）,情報・通信業,自動チェック完了,月次価格取得済み,財務取得済み,irbank:2026/02,ランキング判定に利用,943.0,,
3908,コラボス,スタンダード（内国株式）,情報・通信業,自動チェック完了,月次価格取得済み,財務取得済み,confirmed,ランキング判定に利用,319.0,,
3909,ショーケース,スタンダード（内国株式）,情報・通信業,自動チェック完了,月次価格取得済み,財務取得済み,irbank:2026/03,ランキング判定に利用,190.0,,
3910,エムケイシステム,スタンダード（内国株式）,情報・通信業,自動チェック完了,月次価格取得済み,財務取得済み,irbank:2026/03,ランキング判定に利用,263.0,,
3911,Ａｉｍｉｎｇ,グロース（内国株式）,情報・通信業,自動チェック完了,月次価格取得済み,財務取得済み,irbank:2026/03,ランキング判定に利用,189.0,,
3912,モバイルファクトリー,スタンダード（内国株式）,情報・通信業,自動チェック完了,月次価格取得済み,財務取得済み,irbank:2026/03,ランキング判定に利用,1105.0,,
3913,ＧｒｅｅｎＢｅｅ,スタンダード（内国株式）,情報・通信業,自動チェック完了,月次価格取得済み,財務取得済み,irbank:2026/03,ランキング判定に利用,897.0,,
3914,ＪＩＧ－ＳＡＷ,グロース（内国株式）,情報・通信業,自動チェック完了,月次価格取得済み,財務取得済み,irbank:2026/03,ランキング判定に利用,2369.0,,
3915,テラスカイ,プライム（内国株式）,情報・通信業,自動チェック完了,月次価格取得済み,財務取得済み,irbank:2026/02,ランキング判定に利用,2307.0,,
3916,デジタル・インフォメーション・テクノロジー,プライム（内国株式）,情報・通信業,自動チェック完了,月次価格取得済み,財務取得済み,irbank:2026/03,ランキング判定に利用,812.0,,
3917,アイリッジ,グロース（内国株式）,情報・通信業,自動チェック完了,月次価格取得済み,財務取得済み,irbank:2026/03,ランキング判定に利用,402.0,,
3918,ＰＣＩホールディングス,スタンダード（内国株式）,情報・通信業,自動チェック完了,月次価格取得済み,財務取得済み,irbank:2026/03,ランキング判定に利用,1238.0,,
3920,アイビーシー,スタンダード（内国株式）,情報・通信業,自動チェック完了,月次価格取得済み,財務取得済み,irbank:2026/03,ランキング判定に利用,980.0,,
3921,ネオジャパン,プライム（内国株式）,情報・通信業,自動チェック完了,月次価格取得済み,財務取得済み,irbank:2026/04,ランキング判定に利用,1518.0,,
3922,ＰＲ　ＴＩＭＥＳ,プライム（内国株式）,情報・通信業,自動チェック完了,月次価格取得済み,財務取得済み,irbank:2026/02,ランキング判定に利用,2209.0,,
3923,ラクス,プライム（内国株式）,情報・通信業,自動チェック完了,月次価格取得済み,財務取得済み,irbank:2026/03,ランキング判定に利用,885.1,,
3925,ダブルスタンダード,プライム（内国株式）,情報・通信業,自動チェック完了,月次価格取得済み,財務取得済み,irbank:2026/03,ランキング判定に利用,1151.0,,
3926,オープンドア,スタンダード（内国株式）,情報・通信業,自動チェック完了,月次価格取得済み,財務取得済み,irbank:2026/03,ランキング判定に利用,291.0,,
3927,フーバーブレイン,スタンダード（内国株式）,情報・通信業,自動チェック完了,月次価格取得済み,財務取得済み,irbank:2026/03,ランキング判定に利用,960.0,,
3928,マイネット,スタンダード（内国株式）,情報・通信業,自動チェック完了,月次価格取得済み,財務取得済み,irbank:2026/03,ランキング判定に利用,221.0,,
3929,ソーシャルワイヤー,グロース（内国株式）,情報・通信業,自動チェック完了,月次価格取得済み,財務取得済み,irbank:2026/03,ランキング判定に利用,271.0,,
3930,はてな,グロース（内国株式）,情報・通信業,自動チェック完了,月次価格取得済み,財務取得済み,irbank:2026/04,ランキング判定に利用,1011.0,,
3931,バリューゴルフ,グロース（内国株式）,情報・通信業,自動チェック完了,月次価格取得済み,財務取得済み,irbank:2026/04,ランキング判定に利用,1812.0,,
3932,アカツキ,プライム（内国株式）,情報・通信業,自動チェック完了,月次価格取得済み,財務取得済み,irbank:2026/03,ランキング判定に利用,2874.0,,
3933,チエル,スタンダード（内国株式）,情報・通信業,自動チェック完了,月次価格取得済み,財務取得済み,irbank:2026/03,ランキング判定に利用,458.0,,
3934,ベネフィットジャパン,スタンダード（内国株式）,情報・通信業,自動チェック完了,月次価格取得済み,財務取得済み,irbank:2026/03,ランキング判定に利用,2195.0,,
3935,エディア,スタンダード（内国株式）,情報・通信業,自動チェック完了,月次価格取得済み,財務取得済み,irbank:2026/02,ランキング判定に利用,734.0,,
3936,グローバルウェイ,グロース（内国株式）,情報・通信業,自動チェック完了,月次価格取得済み,財務取得済み,irbank:2026/03,ランキング判定に利用,152.0,,
3937,Ｕｂｉｃｏｍホールディングス,スタンダード（内国株式）,情報・通信業,自動チェック完了,月次価格取得済み,財務取得済み,irbank:2026/03,ランキング判定に利用,941.0,,
3939,カナミックネットワーク,プライム（内国株式）,情報・通信業,自動チェック完了,月次価格取得済み,財務取得済み,irbank:2026/03,ランキング判定に利用,474.0,,
3940,ノムラシステムコーポレーション,スタンダード（内国株式）,情報・通信業,自動チェック完了,月次価格取得済み,財務取得済み,irbank:2026/03,ランキング判定に利用,110.0,,
3941,レンゴー,プライム（内国株式）,パルプ・紙,自動チェック完了,月次価格取得済み,財務取得済み,irbank:2026/03,ランキング判定に利用,1435.5,,
3943,大石産業,スタンダード（内国株式）,パルプ・紙,自動チェック完了,月次価格取得済み,財務取得済み,irbank:2026/03,ランキング判定に利用,1215.0,,
3944,古林紙工,スタンダード（内国株式）,パルプ・紙,自動チェック完了,月次価格取得済み,財務取得済み,irbank:2026/03,ランキング判定に利用,2497.0,,
3945,スーパーバッグ,スタンダード（内国株式）,パルプ・紙,自動チェック完了,月次価格取得済み,財務取得済み,irbank:2026/03,ランキング判定に利用,2110.0,,
3946,トーモク,プライム（内国株式）,パルプ・紙,自動チェック完了,月次価格取得済み,財務取得済み,irbank:2026/03,ランキング判定に利用,3910.0,,
3947,ダイナパック,スタンダード（内国株式）,パルプ・紙,自動チェック完了,月次価格取得済み,財務取得済み,irbank:2026/03,ランキング判定に利用,2194.0,,
3948,光ビジネスフォーム,スタンダード（内国株式）,パルプ・紙,自動チェック完了,月次価格取得済み,財務取得済み,irbank:2026/03,ランキング判定に利用,1116.0,,
3950,ザ・パック,プライム（内国株式）,パルプ・紙,自動チェック完了,月次価格取得済み,財務取得済み,irbank:2026/03,ランキング判定に利用,1390.0,,
3951,朝日印刷,スタンダード（内国株式）,パルプ・紙,自動チェック完了,月次価格取得済み,財務取得済み,irbank:2026/03,ランキング判定に利用,857.0,,
3953,大村紙業,スタンダード（内国株式）,パルプ・紙,自動チェック完了,月次価格取得済み,財務取得済み,irbank:2026/03,ランキング判定に利用,740.0,,
3954,昭和パックス,スタンダード（内国株式）,パルプ・紙,自動チェック完了,月次価格取得済み,財務取得済み,irbank:2026/03,ランキング判定に利用,2900.0,,
3955,イムラ,スタンダード（内国株式）,パルプ・紙,自動チェック完了,月次価格取得済み,財務取得済み,irbank:2026/04,ランキング判定に利用,777.0,,
3958,笹徳印刷,スタンダード（内国株式）,パルプ・紙,自動チェック完了,月次価格取得済み,財務取得済み,irbank:2026/03,ランキング判定に利用,554.0,,
3962,チェンジホールディングス,プライム（内国株式）,情報・通信業,自動チェック完了,月次価格取得済み,財務取得済み,irbank:2026/03,ランキング判定に利用,937.0,,
3963,シンクロ・フード,プライム（内国株式）,情報・通信業,自動チェック完了,月次価格取得済み,財務取得済み,irbank:2026/03,ランキング判定に利用,290.0,,
3964,オークネット,プライム（内国株式）,情報・通信業,自動チェック完了,月次価格取得済み,財務取得済み,irbank:2026/03,ランキング判定に利用,1391.0,,
3965,キャピタル・アセット・プランニング,スタンダード（内国株式）,情報・通信業,自動チェック完了,月次価格取得済み,財務取得済み,irbank:2026/03,ランキング判定に利用,824.0,,
3967,エルテス,グロース（内国株式）,情報・通信業,自動チェック完了,月次価格取得済み,財務取得済み,irbank:2026/02,ランキング判定に利用,561.0,,
3968,セグエグループ,プライム（内国株式）,情報・通信業,自動チェック完了,月次価格取得済み,財務取得済み,irbank:2026/03,ランキング判定に利用,552.0,,
3969,エイトレッド,スタンダード（内国株式）,情報・通信業,自動チェック完了,月次価格取得済み,財務取得済み,irbank:2026/03,ランキング判定に利用,1342.0,,
3970,イノベーション,グロース（内国株式）,情報・通信業,自動チェック完了,月次価格取得済み,財務取得済み,irbank:2026/03,ランキング判定に利用,745.0,,
3974,ＳＣＡＴ,スタンダード（内国株式）,情報・通信業,自動チェック完了,月次価格取得済み,財務取得済み,irbank:2026/04,ランキング判定に利用,528.0,,
3976,シャノン,グロース（内国株式）,情報・通信業,自動チェック完了,月次価格取得済み,財務取得済み,irbank:2026/03,ランキング判定に利用,560.0,,
3979,うるる,グロース（内国株式）,情報・通信業,自動チェック完了,月次価格取得済み,財務取得済み,irbank:2026/03,ランキング判定に利用,363.0,,
3981,ビーグリー,スタンダード（内国株式）,情報・通信業,自動チェック完了,月次価格取得済み,財務取得済み,irbank:2026/03,ランキング判定に利用,1189.0,,
3983,オロ,プライム（内国株式）,情報・通信業,自動チェック完了,月次価格取得済み,財務取得済み,irbank:2026/03,ランキング判定に利用,1948.0,,
3984,ユーザーローカル,プライム（内国株式）,情報・通信業,自動チェック完了,月次価格取得済み,財務取得済み,irbank:2026/03,ランキング判定に利用,1588.0,,
3985,テモナ,スタンダード（内国株式）,情報・通信業,自動チェック完了,月次価格取得済み,財務取得済み,irbank:2026/03,ランキング判定に利用,172.0,,
3986,ビーブレイクシステムズ,スタンダード（内国株式）,情報・通信業,自動チェック完了,月次価格取得済み,財務取得済み,irbank:2026/03,ランキング判定に利用,550.0,,
3987,エコモット,グロース（内国株式）,情報・通信業,自動チェック完了,月次価格取得済み,財務取得済み,irbank:2026/02,ランキング判定に利用,530.0,,
3988,ＳＹＳホールディングス,スタンダード（内国株式）,情報・通信業,自動チェック完了,月次価格取得済み,財務取得済み,irbank:2026/04,ランキング判定に利用,509.0,,
3989,シェアリングテクノロジー,グロース（内国株式）,情報・通信業,補完チェック完了,月次価格取得済み,財務補完済み,completionEstimate,補完データでチャートと広域判定に利用,995.0,,BPS、純資産、株数推定が不足
3991,ウォンテッドリー,グロース（内国株式）,情報・通信業,自動チェック完了,月次価格取得済み,財務取得済み,irbank:2026/02,ランキング判定に利用,900.0,,
3992,ニーズウェル,プライム（内国株式）,情報・通信業,自動チェック完了,月次価格取得済み,財務取得済み,irbank:2026/03,ランキング判定に利用,420.0,,
3993,ＰＫＳＨＡ　Ｔｅｃｈｎｏｌｏｇｙ,プライム（内国株式）,情報・通信業,自動チェック完了,月次価格取得済み,財務取得済み,irbank:2026/03,ランキング判定に利用,2512.0,,
3994,マネーフォワード,プライム（内国株式）,情報・通信業,自動チェック完了,月次価格取得済み,財務取得済み,irbank:2026/02,ランキング判定に利用,4016.0,,
3996,サインポスト,スタンダード（内国株式）,情報・通信業,自動チェック完了,月次価格取得済み,財務取得済み,irbank:2026/02,ランキング判定に利用,169.0,,
3997,トレードワークス,スタンダード（内国株式）,情報・通信業,自動チェック完了,月次価格取得済み,財務取得済み,irbank:2026/03,ランキング判定に利用,315.0,,
3998,すららネット,グロース（内国株式）,情報・通信業,自動チェック完了,月次価格取得済み,財務取得済み,irbank:2026/03,ランキング判定に利用,309.0,,
4004,レゾナック・ホールディングス,プライム（内国株式）,化学,自動チェック完了,月次価格取得済み,財務取得済み,irbank:2026/03,ランキング判定に利用,17330.0,,
4005,住友化学,プライム（内国株式）,化学,自動チェック完了,月次価格取得済み,財務取得済み,irbank:2026/03,ランキング判定に利用,509.3,,
4008,住友精化,プライム（内国株式）,化学,自動チェック完了,月次価格取得済み,財務取得済み,irbank:2026/03,ランキング判定に利用,1289.0,,
4011,ヘッドウォータース,グロース（内国株式）,情報・通信業,自動チェック完了,月次価格取得済み,財務取得済み,irbank:2026/03,ランキング判定に利用,1956.0,,
4012,アクシス,スタンダード（内国株式）,情報・通信業,自動チェック完了,月次価格取得済み,財務取得済み,irbank:2026/03,ランキング判定に利用,1620.0,,
4013,勤次郎,グロース（内国株式）,情報・通信業,自動チェック完了,月次価格取得済み,財務取得済み,irbank:2026/03,ランキング判定に利用,623.0,,
4014,カラダノート,グロース（内国株式）,情報・通信業,自動チェック完了,月次価格取得済み,財務取得済み,irbank:2026/04,ランキング判定に利用,461.0,,
4015,ペイクラウドホールディングス,グロース（内国株式）,情報・通信業,自動チェック完了,月次価格取得済み,財務取得済み,irbank:2026/02,ランキング判定に利用,485.0,,
4016,ＭＩＴホールディングス,スタンダード（内国株式）,情報・通信業,自動チェック完了,月次価格取得済み,財務取得済み,irbank:2026/02,ランキング判定に利用,883.0,,
4017,クリーマ,グロース（内国株式）,情報・通信業,自動チェック完了,月次価格取得済み,財務取得済み,irbank:2026/02,ランキング判定に利用,200.0,,
4019,スタメン,グロース（内国株式）,情報・通信業,自動チェック完了,月次価格取得済み,財務取得済み,irbank:2026/03,ランキング判定に利用,569.0,,
4020,ビートレンド,グロース（内国株式）,情報・通信業,自動チェック完了,月次価格取得済み,財務取得済み,irbank:2026/03,ランキング判定に利用,653.0,,
4021,日産化学,プライム（内国株式）,化学,自動チェック完了,月次価格取得済み,財務取得済み,irbank:2026/03,ランキング判定に利用,8381.0,,
4022,ラサ工業,プライム（内国株式）,化学,自動チェック完了,月次価格取得済み,財務取得済み,irbank:2026/03,ランキング判定に利用,2215.0,,
4023,クレハ,プライム（内国株式）,化学,自動チェック完了,月次価格取得済み,財務取得済み,irbank:2026/03,ランキング判定に利用,3820.0,,
4025,多木化学,プライム（内国株式）,化学,自動チェック完了,月次価格取得済み,財務取得済み,irbank:2026/03,ランキング判定に利用,4735.0,,
4026,神島化学工業,スタンダード（内国株式）,ガラス・土石製品,自動チェック完了,月次価格取得済み,財務取得済み,irbank:2026/04,ランキング判定に利用,1653.0,,
4027,テイカ,プライム（内国株式）,化学,自動チェック完了,月次価格取得済み,財務取得済み,irbank:2026/03,ランキング判定に利用,2327.0,,
4028,石原産業,プライム（内国株式）,化学,自動チェック完了,月次価格取得済み,財務取得済み,irbank:2026/03,ランキング判定に利用,2956.0,,
402A,アクセルスペースホールディングス,グロース（内国株式）,輸送用機器,自動チェック完了,月次価格取得済み,財務取得済み,irbank:2026/02,ランキング判定に利用,492.0,,
4031,片倉コープアグリ,スタンダード（内国株式）,化学,自動チェック完了,月次価格取得済み,財務取得済み,irbank:2026/03,ランキング判定に利用,1026.0,,
4040,南海化学,スタンダード（内国株式）,化学,自動チェック完了,月次価格取得済み,財務取得済み,irbank:2026/03,ランキング判定に利用,3510.0,,
4041,日本曹達,プライム（内国株式）,化学,自動チェック完了,月次価格取得済み,財務取得済み,irbank:2026/03,ランキング判定に利用,3580.0,,
4042,東ソー,プライム（内国株式）,化学,自動チェック完了,月次価格取得済み,財務取得済み,irbank:2026/03,ランキング判定に利用,2930.5,,
4043,トクヤマ,プライム（内国株式）,化学,自動チェック完了,月次価格取得済み,財務取得済み,irbank:2026/03,ランキング判定に利用,5036.0,,
4044,セントラル硝子,プライム（内国株式）,化学,自動チェック完了,月次価格取得済み,財務取得済み,irbank:2026/03,ランキング判定に利用,4395.0,,
4045,東亞合成,プライム（内国株式）,化学,自動チェック完了,月次価格取得済み,財務取得済み,irbank:2026/03,ランキング判定に利用,1780.0,,
4046,大阪ソーダ,プライム（内国株式）,化学,自動チェック完了,月次価格取得済み,財務取得済み,irbank:2026/03,ランキング判定に利用,1863.0,,
4047,関東電化工業,プライム（内国株式）,化学,自動チェック完了,月次価格取得済み,財務取得済み,irbank:2026/03,ランキング判定に利用,3700.0,,
4051,ＧＭＯフィナンシャルゲート,プライム（内国株式）,情報・通信業,自動チェック完了,月次価格取得済み,財務取得済み,irbank:2026/03,ランキング判定に利用,6570.0,,
4052,フィーチャ,グロース（内国株式）,情報・通信業,自動チェック完了,月次価格取得済み,財務取得済み,irbank:2025/06,ランキング判定に利用,223.0,,
4053,Ｓｕｎ　Ａｓｔｅｒｉｓｋ,プライム（内国株式）,情報・通信業,自動チェック完了,月次価格取得済み,財務取得済み,irbank:2026/03,ランキング判定に利用,420.0,,
4054,日本情報クリエイト,グロース（内国株式）,情報・通信業,自動チェック完了,月次価格取得済み,財務取得済み,irbank:2026/03,ランキング判定に利用,520.0,,
4055,ティアンドエスグループ,グロース（内国株式）,情報・通信業,自動チェック完了,月次価格取得済み,財務取得済み,irbank:2026/03,ランキング判定に利用,1844.0,,
4056,ニューラルグループ,グロース（内国株式）,情報・通信業,自動チェック完了,月次価格取得済み,財務取得済み,irbank:2026/03,ランキング判定に利用,205.0,,
4057,インターファクトリー,グロース（内国株式）,情報・通信業,自動チェック完了,月次価格取得済み,財務取得済み,irbank:2026/02,ランキング判定に利用,348.0,,
4058,トヨクモ,グロース（内国株式）,情報・通信業,自動チェック完了,月次価格取得済み,財務取得済み,irbank:2026/03,ランキング判定に利用,1850.0,,
4059,まぐまぐ,スタンダード（内国株式）,情報・通信業,自動チェック完了,月次価格取得済み,財務取得済み,irbank:2026/03,ランキング判定に利用,407.0,,
4060,ｒａｋｕｍｏ,グロース（内国株式）,情報・通信業,自動チェック完了,月次価格取得済み,財務取得済み,irbank:2026/03,ランキング判定に利用,1080.0,,
4061,デンカ,プライム（内国株式）,化学,自動チェック完了,月次価格取得済み,財務取得済み,irbank:2026/03,ランキング判定に利用,4404.0,,
4062,イビデン,プライム（内国株式）,電気機器,自動チェック完了,月次価格取得済み,財務取得済み,irbank:2026/03,ランキング判定に利用,24000.0,,
4063,信越化学工業,プライム（内国株式）,化学,自動チェック完了,月次価格取得済み,財務取得済み,irbank:2026/03,ランキング判定に利用,6835.0,,
4064,日本カーバイド工業,プライム（内国株式）,化学,自動チェック完了,月次価格取得済み,財務取得済み,irbank:2026/03,ランキング判定に利用,3635.0,,
4068,ベイシス,グロース（内国株式）,情報・通信業,自動チェック完了,月次価格取得済み,財務取得済み,irbank:2026/03,ランキング判定に利用,1826.0,,
4069,ＢｌｕｅＭｅｍｅ,グロース（内国株式）,情報・通信業,自動チェック完了,月次価格取得済み,財務取得済み,irbank:2025/12,ランキング判定に利用,650.0,,
4071,プラスアルファ・コンサルティング,プライム（内国株式）,情報・通信業,自動チェック完了,月次価格取得済み,財務取得済み,irbank:2026/03,ランキング判定に利用,2523.0,,
4072,電算システムホールディングス,プライム（内国株式）,情報・通信業,自動チェック完了,月次価格取得済み,財務取得済み,irbank:2026/03,ランキング判定に利用,2793.0,,
4073,ジィ・シィ企画,グロース（内国株式）,情報・通信業,自動チェック完了,月次価格取得済み,財務取得済み,irbank:2026/03,ランキング判定に利用,418.0,,
4074,ラキール,グロース（内国株式）,情報・通信業,自動チェック完了,月次価格取得済み,財務取得済み,irbank:2026/03,ランキング判定に利用,738.0,,
4075,ブレインズテクノロジー,グロース（内国株式）,情報・通信業,自動チェック完了,月次価格取得済み,財務取得済み,irbank:2026/04,ランキング判定に利用,843.0,,
4076,シイエヌエス,グロース（内国株式）,情報・通信業,自動チェック完了,月次価格取得済み,財務取得済み,irbank:2026/02,ランキング判定に利用,1681.0,,
4078,堺化学工業,プライム（内国株式）,化学,自動チェック完了,月次価格取得済み,財務取得済み,irbank:2026/03,ランキング判定に利用,4705.0,,
407A,ＵＮＩＣＯＮホールディングス,スタンダード（内国株式）,建設業,補完チェック完了,月次価格取得済み,財務補完済み,completionEstimate,補完データでチャートと広域判定に利用,879.0,,BPS、純資産、株数推定が不足
4082,第一稀元素化学工業,プライム（内国株式）,化学,自動チェック完了,月次価格取得済み,財務取得済み,irbank:2026/03,ランキング判定に利用,2029.0,,
4088,エア・ウォーター,プライム（内国株式）,化学,自動チェック完了,月次価格取得済み,財務取得済み,irbank:2025/09,ランキング判定に利用,2778.0,,
4091,日本酸素ホールディングス,プライム（内国株式）,化学,自動チェック完了,月次価格取得済み,財務取得済み,irbank:2026/03,ランキング判定に利用,5938.0,,
4092,日本化学工業,プライム（内国株式）,化学,自動チェック完了,月次価格取得済み,財務取得済み,irbank:2026/03,ランキング判定に利用,4875.0,,
4093,東邦アセチレン,スタンダード（内国株式）,化学,自動チェック完了,月次価格取得済み,財務取得済み,irbank:2026/03,ランキング判定に利用,422.0,,
4094,日本化学産業,スタンダード（内国株式）,化学,自動チェック完了,月次価格取得済み,財務取得済み,irbank:2026/03,ランキング判定に利用,2109.0,,
4095,日本パーカライジング,プライム（内国株式）,化学,自動チェック完了,月次価格取得済み,財務取得済み,irbank:2026/03,ランキング判定に利用,1723.0,,
4097,高圧ガス工業,プライム（内国株式）,化学,自動チェック完了,月次価格取得済み,財務取得済み,irbank:2026/03,ランキング判定に利用,1108.0,,
4098,チタン工業,スタンダード（内国株式）,化学,自動チェック完了,月次価格取得済み,財務取得済み,irbank:2026/03,ランキング判定に利用,1005.0,,
4099,四国化成ホールディングス,プライム（内国株式）,化学,自動チェック完了,月次価格取得済み,財務取得済み,irbank:2026/03,ランキング判定に利用,7160.0,,
409A,オリオンビール,プライム（内国株式）,食料品,自動チェック完了,月次価格取得済み,財務取得済み,irbank:2026/03,ランキング判定に利用,1210.0,,
4100,戸田工業,スタンダード（内国株式）,化学,自動チェック完了,月次価格取得済み,財務取得済み,irbank:2026/03,ランキング判定に利用,1683.0,,
4102,丸尾カルシウム,スタンダード（内国株式）,化学,自動チェック完了,月次価格取得済み,財務取得済み,irbank:2026/03,ランキング判定に利用,1455.0,,
4107,伊勢化学工業,スタンダード（内国株式）,化学,自動チェック完了,月次価格取得済み,財務取得済み,irbank:2026/03,ランキング判定に利用,4385.0,,
4109,ステラ　ケミファ,プライム（内国株式）,化学,自動チェック完了,月次価格取得済み,財務取得済み,irbank:2026/03,ランキング判定に利用,6640.0,,
410A,ＧＭＯコマース,グロース（内国株式）,サービス業,自動チェック完了,月次価格取得済み,財務取得済み,irbank:2026/03,ランキング判定に利用,1101.0,,
4112,保土谷化学工業,プライム（内国株式）,化学,自動チェック完了,月次価格取得済み,財務取得済み,irbank:2026/03,ランキング判定に利用,2149.0,,
4113,田岡化学工業,スタンダード（内国株式）,化学,自動チェック完了,月次価格取得済み,財務取得済み,irbank:2026/03,ランキング判定に利用,688.0,,
4114,日本触媒,プライム（内国株式）,化学,自動チェック完了,月次価格取得済み,財務取得済み,irbank:2026/03,ランキング判定に利用,2097.0,,
4116,大日精化工業,プライム（内国株式）,化学,自動チェック完了,月次価格取得済み,財務取得済み,irbank:2026/03,ランキング判定に利用,1058.0,,
4118,カネカ,プライム（内国株式）,化学,自動チェック完了,月次価格取得済み,財務取得済み,irbank:2026/03,ランキング判定に利用,5775.0,,
4119,日本ピグメントホールディングス,スタンダード（内国株式）,化学,自動チェック完了,月次価格取得済み,財務取得済み,irbank:2026/03,ランキング判定に利用,5650.0,,
4120,スガイ化学工業,スタンダード（内国株式）,化学,自動チェック完了,月次価格取得済み,財務取得済み,irbank:2026/03,ランキング判定に利用,2770.0,,
4124,大阪油化工業,スタンダード（内国株式）,化学,自動チェック完了,月次価格取得済み,財務取得済み,irbank:2026/03,ランキング判定に利用,2536.0,,
4125,三和油化工業,スタンダード（内国株式）,化学,自動チェック完了,月次価格取得済み,財務取得済み,irbank:2026/03,ランキング判定に利用,3150.0,,
414A,オーバーラップホールディングス,グロース（内国株式）,情報・通信業,補完チェック完了,月次価格取得済み,財務補完済み,completionEstimate,補完データでチャートと広域判定に利用,899.0,,BPS、純資産、株数推定が不足
4151,協和キリン,プライム（内国株式）,医薬品,自動チェック完了,月次価格取得済み,財務取得済み,irbank:2026/03,ランキング判定に利用,2548.5,,
415A,ＧＭＯ　ＴＥＣＨホールディングス,グロース（内国株式）,サービス業,自動チェック完了,月次価格取得済み,財務取得済み,irbank:2026/03,ランキング判定に利用,4645.0,,
4165,プレイド,グロース（内国株式）,情報・通信業,自動チェック完了,月次価格取得済み,財務取得済み,irbank:2026/03,ランキング判定に利用,446.0,,
4166,かっこ,グロース（内国株式）,情報・通信業,自動チェック完了,月次価格取得済み,財務取得済み,irbank:2026/03,ランキング判定に利用,648.0,,
4167,ココペリ,グロース（内国株式）,情報・通信業,自動チェック完了,月次価格取得済み,財務取得済み,irbank:2026/03,ランキング判定に利用,269.0,,
4168,ヤプリ,グロース（内国株式）,情報・通信業,自動チェック完了,月次価格取得済み,財務取得済み,irbank:2026/03,ランキング判定に利用,713.0,,
4169,ＥＮＥＣＨＡＮＧＥ,グロース（内国株式）,情報・通信業,自動チェック完了,月次価格取得済み,財務取得済み,irbank:2026/03,ランキング判定に利用,170.0,,
416A,富士ユナイトホールディングス,スタンダード（内国株式）,卸売業,自動チェック完了,月次価格取得済み,財務取得済み,irbank:2026/03,ランキング判定に利用,1134.0,,
4170,Ｋａｉｚｅｎ　Ｐｌａｔｆｏｒｍ,グロース（内国株式）,情報・通信業,自動チェック完了,月次価格取得済み,財務取得済み,irbank:2026/03,ランキング判定に利用,104.0,,
4171,グローバルインフォメーション,スタンダード（内国株式）,情報・通信業,自動チェック完了,月次価格取得済み,財務取得済み,irbank:2026/03,ランキング判定に利用,1678.0,,
4172,Ｈｉクラテス,スタンダード（内国株式）,情報・通信業,自動チェック完了,月次価格取得済み,財務取得済み,irbank:2026/03,ランキング判定に利用,2102.0,,
4174,アピリッツ,スタンダード（内国株式）,情報・通信業,自動チェック完了,月次価格取得済み,財務取得済み,irbank:2026/04,ランキング判定に利用,682.0,,
4175,ｃｏｌｙ,グロース（内国株式）,情報・通信業,自動チェック完了,月次価格取得済み,財務取得済み,irbank:2026/04,ランキング判定に利用,2238.0,,
4176,ココナラ,グロース（内国株式）,情報・通信業,自動チェック完了,月次価格取得済み,財務取得済み,irbank:2026/02,ランキング判定に利用,244.0,,
4177,ｉ‐ｐｌｕｇ,グロース（内国株式）,情報・通信業,自動チェック完了,月次価格取得済み,財務取得済み,irbank:2026/03,ランキング判定に利用,1371.0,,
4178,Ｓｈａｒｉｎｇ　Ｉｎｎｏｖａｔｉｏｎｓ,グロース（内国株式）,情報・通信業,自動チェック完了,月次価格取得済み,財務取得済み,irbank:2026/03,ランキング判定に利用,520.0,,
4179,ジーネクスト,グロース（内国株式）,情報・通信業,自動チェック完了,月次価格取得済み,財務取得済み,irbank:2026/03,ランキング判定に利用,539.0,,
417A,ブルーゾーンホールディングス,プライム（内国株式）,小売業,自動チェック完了,月次価格取得済み,財務取得済み,irbank:2026/03,ランキング判定に利用,1755.5,,
4180,Ａｐｐｉｅｒ　Ｇｒｏｕｐ,プライム（内国株式）,情報・通信業,補完チェック完了,月次価格取得済み,財務補完済み,completionEstimate,補完データでチャートと広域判定に利用,720.0,,BPS、純資産、株数推定が不足
4182,三菱瓦斯化学,プライム（内国株式）,化学,自動チェック完了,月次価格取得済み,財務取得済み,irbank:2026/03,ランキング判定に利用,5099.0,,
4183,三井化学,プライム（内国株式）,化学,自動チェック完了,月次価格取得済み,財務取得済み,irbank:2026/03,ランキング判定に利用,2156.5,,
4186,東京応化工業,プライム（内国株式）,化学,自動チェック完了,月次価格取得済み,財務取得済み,irbank:2026/03,ランキング判定に利用,11205.0,,
4187,大阪有機化学工業,プライム（内国株式）,化学,自動チェック完了,月次価格取得済み,財務取得済み,irbank:2026/02,ランキング判定に利用,5960.0,,
4188,三菱ケミカルグループ,プライム（内国株式）,化学,自動チェック完了,月次価格取得済み,財務取得済み,irbank:2026/03,ランキング判定に利用,1094.5,,
4189,ＫＨネオケム,プライム（内国株式）,化学,自動チェック完了,月次価格取得済み,財務取得済み,irbank:2026/03,ランキング判定に利用,2989.0,,
4192,スパイダープラス,グロース（内国株式）,情報・通信業,自動チェック完了,月次価格取得済み,財務取得済み,irbank:2026/03,ランキング判定に利用,247.0,,
4193,ファブリカホールディングス,スタンダード（内国株式）,情報・通信業,自動チェック完了,月次価格取得済み,財務取得済み,irbank:2026/03,ランキング判定に利用,2277.0,,
4194,ビジョナル,プライム（内国株式）,情報・通信業,自動チェック完了,月次価格取得済み,財務取得済み,irbank:2026/04,ランキング判定に利用,7298.0,,
4196,ネオマーケティング,スタンダード（内国株式）,情報・通信業,自動チェック完了,月次価格取得済み,財務取得済み,irbank:2026/03,ランキング判定に利用,1696.0,,
4197,アスマーク,スタンダード（内国株式）,情報・通信業,自動チェック完了,月次価格取得済み,財務取得済み,irbank:2026/02,ランキング判定に利用,2192.0,,
4198,テンダ,スタンダード（内国株式）,情報・通信業,自動チェック完了,月次価格取得済み,財務取得済み,irbank:2026/02,ランキング判定に利用,486.0,,
4199,ワンダープラネット,グロース（内国株式）,情報・通信業,自動チェック完了,月次価格取得済み,財務取得済み,irbank:2026/02,ランキング判定に利用,680.0,,
4202,ダイセル,プライム（内国株式）,化学,自動チェック完了,月次価格取得済み,財務取得済み,irbank:2026/03,ランキング判定に利用,1341.0,,
4203,住友ベークライト,プライム（内国株式）,化学,自動チェック完了,月次価格取得済み,財務取得済み,irbank:2026/03,ランキング判定に利用,7616.0,,
4204,積水化学工業,プライム（内国株式）,化学,自動チェック完了,月次価格取得済み,財務取得済み,irbank:2026/03,ランキング判定に利用,2577.0,,
4205,日本ゼオン,プライム（内国株式）,化学,自動チェック完了,月次価格取得済み,財務取得済み,irbank:2026/03,ランキング判定に利用,2396.0,,
4206,アイカ工業,プライム（内国株式）,化学,自動チェック完了,月次価格取得済み,財務取得済み,irbank:2026/03,ランキング判定に利用,3691.0,,
4208,ＵＢＥ,プライム（内国株式）,化学,自動チェック完了,月次価格取得済み,財務取得済み,irbank:2026/03,ランキング判定に利用,3142.0,,
4212,積水樹脂,プライム（内国株式）,化学,自動チェック完了,月次価格取得済み,財務取得済み,irbank:2026/03,ランキング判定に利用,2560.0,,
4216,旭有機材,プライム（内国株式）,化学,自動チェック完了,月次価格取得済み,財務取得済み,irbank:2026/03,ランキング判定に利用,7480.0,,
4218,ニチバン,プライム（内国株式）,化学,自動チェック完了,月次価格取得済み,財務取得済み,irbank:2026/03,ランキング判定に利用,1867.0,,
421A,ムービン・ストラテジック・キャリア,グロース（内国株式）,サービス業,自動チェック完了,月次価格取得済み,財務取得済み,irbank:2026/03,ランキング判定に利用,3175.0,,
4220,リケンテクノス,プライム（内国株式）,化学,自動チェック完了,月次価格取得済み,財務取得済み,irbank:2026/03,ランキング判定に利用,1679.0,,
4221,大倉工業,プライム（内国株式）,化学,自動チェック完了,月次価格取得済み,財務取得済み,irbank:2026/03,ランキング判定に利用,4950.0,,
4222,児玉化学工業,スタンダード（内国株式）,化学,自動チェック完了,月次価格取得済み,財務取得済み,irbank:2026/03,ランキング判定に利用,658.0,,
4224,ロンシール工業,スタンダード（内国株式）,化学,自動チェック完了,月次価格取得済み,財務取得済み,irbank:2026/03,ランキング判定に利用,1988.0,,
4228,積水化成品工業,プライム（内国株式）,化学,自動チェック完了,月次価格取得済み,財務取得済み,irbank:2026/03,ランキング判定に利用,544.0,,
4229,群栄化学工業,プライム（内国株式）,化学,自動チェック完了,月次価格取得済み,財務取得済み,irbank:2026/03,ランキング判定に利用,4600.0,,
4231,タイガースポリマー,スタンダード（内国株式）,化学,自動チェック完了,月次価格取得済み,財務取得済み,irbank:2026/03,ランキング判定に利用,970.0,,
4234,サンエー化研,スタンダード（内国株式）,化学,自動チェック完了,月次価格取得済み,財務取得済み,irbank:2026/03,ランキング判定に利用,693.0,,
4235,ウルトラファブリックス・ホールディングス,スタンダード（内国株式）,化学,自動チェック完了,月次価格取得済み,財務取得済み,irbank:2026/03,ランキング判定に利用,657.0,,
4237,フジプレアム,スタンダード（内国株式）,化学,自動チェック完了,月次価格取得済み,財務取得済み,irbank:2026/03,ランキング判定に利用,334.0,,
4238,ミライアル,スタンダード（内国株式）,化学,自動チェック完了,月次価格取得済み,財務取得済み,irbank:2026/04,ランキング判定に利用,1762.0,,
423A,ライオン事務器,スタンダード（内国株式）,卸売業,自動チェック完了,月次価格取得済み,財務取得済み,irbank:2026/03,ランキング判定に利用,299.0,,
4240,クラスターテクノロジー,スタンダード（内国株式）,化学,自動チェック完了,月次価格取得済み,財務取得済み,irbank:2026/03,ランキング判定に利用,315.0,,
4241,アテクト,スタンダード（内国株式）,化学,自動チェック完了,月次価格取得済み,財務取得済み,irbank:2026/03,ランキング判定に利用,664.0,,
4242,タカギセイコー,スタンダード（内国株式）,化学,自動チェック完了,月次価格取得済み,財務取得済み,irbank:2026/03,ランキング判定に利用,1722.0,,
4243,ニックス,スタンダード（内国株式）,化学,自動チェック完了,月次価格取得済み,財務取得済み,irbank:2026/03,ランキング判定に利用,958.0,,
4245,ダイキアクシス,スタンダード（内国株式）,化学,自動チェック完了,月次価格取得済み,財務取得済み,irbank:2026/03,ランキング判定に利用,665.0,,
4246,ダイキョーニシカワ,プライム（内国株式）,化学,自動チェック完了,月次価格取得済み,財務取得済み,irbank:2026/03,ランキング判定に利用,1005.0,,
4247,ポバール興業,スタンダード（内国株式）,化学,自動チェック完了,月次価格取得済み,財務取得済み,irbank:2026/03,ランキング判定に利用,1260.0,,
4248,竹本容器,スタンダード（内国株式）,化学,自動チェック完了,月次価格取得済み,財務取得済み,irbank:2026/03,ランキング判定に利用,880.0,,
4249,森六,プライム（内国株式）,化学,自動チェック完了,月次価格取得済み,財務取得済み,irbank:2026/03,ランキング判定に利用,2340.0,,
4251,恵和,プライム（内国株式）,化学,自動チェック完了,月次価格取得済み,財務取得済み,irbank:2026/03,ランキング判定に利用,1209.0,,
4255,ＴＨＥＣＯＯ,グロース（内国株式）,情報・通信業,自動チェック完了,月次価格取得済み,財務取得済み,irbank:2026/03,ランキング判定に利用,2450.0,,
4256,サインド,グロース（内国株式）,情報・通信業,自動チェック完了,月次価格取得済み,財務取得済み,irbank:2026/03,ランキング判定に利用,913.0,,
4258,網屋,グロース（内国株式）,情報・通信業,自動チェック完了,月次価格取得済み,財務取得済み,irbank:2026/03,ランキング判定に利用,3250.0,,
4259,エクサウィザーズ,グロース（内国株式）,情報・通信業,自動チェック完了,月次価格取得済み,財務取得済み,irbank:2026/03,ランキング判定に利用,777.0,,
4260,ハイブリッドテクノロジーズ,グロース（内国株式）,情報・通信業,補完チェック完了,月次価格取得済み,財務補完済み,completionEstimate,補完データでチャートと広域判定に利用,241.0,,BPS、純資産、株数推定が不足
4261,アジアクエスト,グロース（内国株式）,情報・通信業,自動チェック完了,月次価格取得済み,財務取得済み,irbank:2026/03,ランキング判定に利用,3450.0,,
4262,ニフティライフスタイル,グロース（内国株式）,情報・通信業,自動チェック完了,月次価格取得済み,財務取得済み,irbank:2026/03,ランキング判定に利用,1271.0,,
4263,サスメド,グロース（内国株式）,情報・通信業,自動チェック完了,月次価格取得済み,財務取得済み,irbank:2026/03,ランキング判定に利用,814.0,,
4264,セキュア,グロース（内国株式）,情報・通信業,自動チェック完了,月次価格取得済み,財務取得済み,irbank:2026/03,ランキング判定に利用,1502.0,,
4265,Ｉｎｓｔｉｔｕｔｉｏｎ　ｆｏｒ　ａ　Ｇｌｏｂａｌ　Ｓｏｃｉｅｔｙ,グロース（内国株式）,情報・通信業,自動チェック完了,月次価格取得済み,財務取得済み,irbank:2026/03,ランキング判定に利用,350.0,,
4270,ＢｅｅＸ,グロース（内国株式）,情報・通信業,自動チェック完了,月次価格取得済み,財務取得済み,irbank:2026/02,ランキング判定に利用,1810.0,,
4272,日本化薬,プライム（内国株式）,化学,自動チェック完了,月次価格取得済み,財務取得済み,irbank:2026/03,ランキング判定に利用,2029.0,,
4274,細谷火工,スタンダード（内国株式）,化学,自動チェック完了,月次価格取得済み,財務取得済み,irbank:2026/03,ランキング判定に利用,1026.0,,
4275,カーリット,プライム（内国株式）,化学,自動チェック完了,月次価格取得済み,財務取得済み,irbank:2026/03,ランキング判定に利用,2161.0,,
4284,ソルクシーズ,スタンダード（内国株式）,情報・通信業,自動チェック完了,月次価格取得済み,財務取得済み,irbank:2026/03,ランキング判定に利用,418.0,,
4286,ＣＬホールディングス,スタンダード（内国株式）,サービス業,自動チェック完了,月次価格取得済み,財務取得済み,irbank:2026/03,ランキング判定に利用,1040.0,,
4287,ジャストプランニング,スタンダード（内国株式）,情報・通信業,自動チェック完了,月次価格取得済み,財務取得済み,irbank:2026/04,ランキング判定に利用,453.0,,
4288,アズジェント,スタンダード（内国株式）,情報・通信業,自動チェック完了,月次価格取得済み,財務取得済み,irbank:2026/03,ランキング判定に利用,374.0,,
428A,サイプレス・ホールディングス,スタンダード（内国株式）,小売業,補完チェック完了,月次価格取得済み,財務補完済み,completionEstimate,補完データでチャートと広域判定に利用,1226.0,,BPS、純資産、株数推定が不足
4290,プレステージ・インターナショナル,プライム（内国株式）,サービス業,自動チェック完了,月次価格取得済み,財務取得済み,irbank:2026/03,ランキング判定に利用,640.0,,
4293,セプテーニ・ホールディングス,スタンダード（内国株式）,サービス業,補完チェック完了,月次価格取得済み,財務補完済み,completionEstimate,補完データでチャートと広域判定に利用,455.0,,BPS、純資産、株数推定が不足
4299,ハイマックス,スタンダード（内国株式）,情報・通信業,自動チェック完了,月次価格取得済み,財務取得済み,irbank:2026/03,ランキング判定に利用,1186.0,,
429A,テクセンドフォトマスク,プライム（内国株式）,その他製品,補完チェック完了,月次価格取得済み,財務補完済み,completionEstimate,補完データでチャートと広域判定に利用,4165.0,,BPS、純資産、株数推定が不足
4301,アミューズ,プライム（内国株式）,サービス業,自動チェック完了,月次価格取得済み,財務取得済み,irbank:2026/03,ランキング判定に利用,1803.0,,
4307,野村総合研究所,プライム（内国株式）,情報・通信業,自動チェック完了,月次価格取得済み,財務取得済み,irbank:2026/03,ランキング判定に利用,4301.0,,
4308,Ｊストリーム,グロース（内国株式）,情報・通信業,自動チェック完了,月次価格取得済み,財務取得済み,irbank:2026/03,ランキング判定に利用,354.0,,
4310,ドリームインキュベータ,プライム（内国株式）,サービス業,自動チェック完了,月次価格取得済み,財務取得済み,irbank:2026/03,ランキング判定に利用,2603.0,,
4316,ビーマップ,グロース（内国株式）,情報・通信業,自動チェック完了,月次価格取得済み,財務取得済み,irbank:2026/03,ランキング判定に利用,125.0,,
4317,レイ,スタンダード（内国株式）,サービス業,自動チェック完了,月次価格取得済み,財務取得済み,irbank:2026/02,ランキング判定に利用,473.0,,
4318,クイック,プライム（内国株式）,サービス業,自動チェック完了,月次価格取得済み,財務取得済み,irbank:2026/03,ランキング判定に利用,707.0,,
431A,ユーソナー,グロース（内国株式）,情報・通信業,自動チェック完了,月次価格取得済み,財務取得済み,irbank:2026/03,ランキング判定に利用,1686.0,,
4320,ＣＥホールディングス,スタンダード（内国株式）,情報・通信業,自動チェック完了,月次価格取得済み,財務取得済み,irbank:2026/03,ランキング判定に利用,1757.0,,
4323,日本システム技術,プライム（内国株式）,情報・通信業,自動チェック完了,月次価格取得済み,財務取得済み,irbank:2026/03,ランキング判定に利用,1488.0,,
4324,電通グループ,プライム（内国株式）,サービス業,補完チェック完了,月次価格取得済み,財務補完済み,completionEstimate,補完データでチャートと広域判定に利用,3053.0,,BPS、純資産、株数推定が不足
4326,インテージホールディングス,プライム（内国株式）,情報・通信業,自動チェック完了,月次価格取得済み,財務取得済み,irbank:2026/03,ランキング判定に利用,1718.0,,
4331,テイクアンドギヴ・ニーズ,プライム（内国株式）,サービス業,自動チェック完了,月次価格取得済み,財務取得済み,irbank:2026/03,ランキング判定に利用,657.0,,
4334,ユークス,スタンダード（内国株式）,情報・通信業,自動チェック完了,月次価格取得済み,財務取得済み,irbank:2026/04,ランキング判定に利用,369.0,,
4335,ＩＰＳホールディングス,スタンダード（内国株式）,情報・通信業,自動チェック完了,月次価格取得済み,財務取得済み,irbank:2026/03,ランキング判定に利用,1235.0,,
4337,ぴあ,プライム（内国株式）,サービス業,自動チェック完了,月次価格取得済み,財務取得済み,irbank:2026/03,ランキング判定に利用,2392.0,,
4341,西菱電機,スタンダード（内国株式）,サービス業,自動チェック完了,月次価格取得済み,財務取得済み,confirmed,ランキング判定に利用,871.0,,
4343,イオンファンタジー,プライム（内国株式）,サービス業,自動チェック完了,月次価格取得済み,財務取得済み,irbank:2026/02,ランキング判定に利用,2474.0,,
4344,ソースネクスト,プライム（内国株式）,情報・通信業,自動チェック完了,月次価格取得済み,財務取得済み,irbank:2026/03,ランキング判定に利用,100.0,,
4345,シーティーエス,プライム（内国株式）,サービス業,自動チェック完了,月次価格取得済み,財務取得済み,irbank:2026/03,ランキング判定に利用,826.0,,
4346,ＮＥＸＹＺ．Ｇｒｏｕｐ,スタンダード（内国株式）,その他金融業,自動チェック完了,月次価格取得済み,財務取得済み,irbank:2026/03,ランキング判定に利用,759.0,,
4347,ブロードメディア,スタンダード（内国株式）,サービス業,自動チェック完了,月次価格取得済み,財務取得済み,irbank:2026/03,ランキング判定に利用,1620.0,,
4350,メディカルシステムネットワーク,スタンダード（内国株式）,小売業,自動チェック完了,月次価格取得済み,財務取得済み,irbank:2026/03,ランキング判定に利用,461.0,,
4351,山田再生系債権回収総合事務所,スタンダード（内国株式）,その他金融業,自動チェック完了,月次価格取得済み,財務取得済み,irbank:2026/03,ランキング判定に利用,924.0,,
4356,応用技術,スタンダード（内国株式）,情報・通信業,自動チェック完了,月次価格取得済み,財務取得済み,irbank:2026/03,ランキング判定に利用,1530.0,,
4360,マナック・ケミカル・パートナーズ,スタンダード（内国株式）,化学,自動チェック完了,月次価格取得済み,財務取得済み,irbank:2026/03,ランキング判定に利用,811.0,,
4361,川口化学工業,スタンダード（内国株式）,化学,自動チェック完了,月次価格取得済み,財務取得済み,irbank:2026/02,ランキング判定に利用,1441.0,,
4362,日本精化,プライム（内国株式）,化学,自動チェック完了,月次価格取得済み,財務取得済み,irbank:2026/03,ランキング判定に利用,2592.0,,
4365,松本油脂製薬,スタンダード（内国株式）,化学,自動チェック完了,月次価格取得済み,財務取得済み,irbank:2026/03,ランキング判定に利用,20600.0,,
4366,ダイトーケミックス,スタンダード（内国株式）,化学,自動チェック完了,月次価格取得済み,財務取得済み,irbank:2026/03,ランキング判定に利用,518.0,,
4367,広栄化学,スタンダード（内国株式）,化学,自動チェック完了,月次価格取得済み,財務取得済み,irbank:2026/03,ランキング判定に利用,2480.0,,
4368,扶桑化学工業,プライム（内国株式）,化学,自動チェック完了,月次価格取得済み,財務取得済み,irbank:2026/03,ランキング判定に利用,4640.0,,
4369,トリケミカル研究所,プライム（内国株式）,化学,自動チェック完了,月次価格取得済み,財務取得済み,irbank:2026/04,ランキング判定に利用,3480.0,,
436A,サイバーソリューションズ,グロース（内国株式）,情報・通信業,補完チェック完了,月次価格取得済み,財務補完済み,completionEstimate,補完データでチャートと広域判定に利用,944.0,,BPS、純資産、株数推定が不足
4370,モビルス,グロース（内国株式）,情報・通信業,自動チェック完了,月次価格取得済み,財務取得済み,irbank:2026/02,ランキング判定に利用,307.0,,
4371,コアコンセプト・テクノロジー,グロース（内国株式）,情報・通信業,自動チェック完了,月次価格取得済み,財務取得済み,irbank:2026/03,ランキング判定に利用,1380.0,,
4372,ユミルリンク,グロース（内国株式）,情報・通信業,自動チェック完了,月次価格取得済み,財務取得済み,irbank:2026/03,ランキング判定に利用,1094.0,,
4373,シンプレクス・ホールディングス,プライム（内国株式）,情報・通信業,補完チェック完了,月次価格取得済み,財務補完済み,completionEstimate,補完データでチャートと広域判定に利用,911.0,,BPS、純資産、株数推定が不足
4374,ＲＯＢＯＴ　ＰＡＹＭＥＮＴ,グロース（内国株式）,情報・通信業,自動チェック完了,月次価格取得済み,財務取得済み,irbank:2026/03,ランキング判定に利用,2276.0,,
4375,セーフィー,グロース（内国株式）,情報・通信業,自動チェック完了,月次価格取得済み,財務取得済み,irbank:2026/03,ランキング判定に利用,616.0,,
4376,くふうカンパニーホールディングス,グロース（内国株式）,情報・通信業,自動チェック完了,月次価格取得済み,財務取得済み,irbank:2026/03,ランキング判定に利用,156.0,,
4377,ワンキャリア,グロース（内国株式）,情報・通信業,自動チェック完了,月次価格取得済み,財務取得済み,irbank:2026/03,ランキング判定に利用,1790.0,,
4378,ＣＩＮＣ,グロース（内国株式）,情報・通信業,自動チェック完了,月次価格取得済み,財務取得済み,irbank:2026/04,ランキング判定に利用,538.0,,
4379,Ｐｈｏｔｏｓｙｎｔｈ,グロース（内国株式）,情報・通信業,自動チェック完了,月次価格取得済み,財務取得済み,irbank:2026/03,ランキング判定に利用,379.0,,
4380,Ｍマート,グロース（内国株式）,情報・通信業,自動チェック完了,月次価格取得済み,財務取得済み,irbank:2026/04,ランキング判定に利用,1043.0,,
4381,ビープラッツ,グロース（内国株式）,情報・通信業,補完チェック完了,月次価格取得済み,財務補完済み,completionEstimate,補完データでチャートと広域判定に利用,187.0,,BPS、純資産、株数推定が不足
4382,ＨＥＲＯＺ,スタンダード（内国株式）,情報・通信業,自動チェック完了,月次価格取得済み,財務取得済み,irbank:2026/04,ランキング判定に利用,713.0,,
4385,メルカリ,プライム（内国株式）,情報・通信業,自動チェック完了,月次価格取得済み,財務取得済み,irbank:2026/03,ランキング判定に利用,3763.0,,
4386,ＳＩＧグループ,スタンダード（内国株式）,情報・通信業,自動チェック完了,月次価格取得済み,財務取得済み,irbank:2026/03,ランキング判定に利用,808.0,,
4387,ＺＵＵ,グロース（内国株式）,情報・通信業,自動チェック完了,月次価格取得済み,財務取得済み,irbank:2026/03,ランキング判定に利用,473.0,,
4388,エーアイ,スタンダード（内国株式）,情報・通信業,自動チェック完了,月次価格取得済み,財務取得済み,irbank:2026/03,ランキング判定に利用,357.0,,
4389,プロパティデータバンク,グロース（内国株式）,情報・通信業,自動チェック完了,月次価格取得済み,財務取得済み,irbank:2026/03,ランキング判定に利用,883.0,,
438A,インフキュリオン,グロース（内国株式）,情報・通信業,自動チェック完了,月次価格取得済み,財務取得済み,irbank:2026/03,ランキング判定に利用,709.0,,
4390,ＩＰＳ,プライム（内国株式）,情報・通信業,自動チェック完了,月次価格取得済み,財務取得済み,irbank:2026/03,ランキング判定に利用,3305.0,,
4391,ロジザード,グロース（内国株式）,情報・通信業,自動チェック完了,月次価格取得済み,財務取得済み,irbank:2026/03,ランキング判定に利用,1094.0,,
4392,ＦＩＧ,プライム（内国株式）,情報・通信業,自動チェック完了,月次価格取得済み,財務取得済み,irbank:2026/03,ランキング判定に利用,1115.0,,
4393,バンク・オブ・イノベーション,グロース（内国株式）,情報・通信業,自動チェック完了,月次価格取得済み,財務取得済み,irbank:2026/03,ランキング判定に利用,4495.0,,
4394,エクスモーション,グロース（内国株式）,情報・通信業,自動チェック完了,月次価格取得済み,財務取得済み,irbank:2026/02,ランキング判定に利用,393.0,,
4395,アクリート,グロース（内国株式）,情報・通信業,自動チェック完了,月次価格取得済み,財務取得済み,irbank:2026/03,ランキング判定に利用,787.0,,
4396,システムサポートホールディングス,プライム（内国株式）,情報・通信業,自動チェック完了,月次価格取得済み,財務取得済み,irbank:2026/03,ランキング判定に利用,956.0,,
4397,チームスピリット,グロース（内国株式）,情報・通信業,自動チェック完了,月次価格取得済み,財務取得済み,irbank:2026/02,ランキング判定に利用,350.0,,
4398,ブロードバンドセキュリティ,スタンダード（内国株式）,情報・通信業,自動チェック完了,月次価格取得済み,財務取得済み,irbank:2026/03,ランキング判定に利用,1255.0,,
4401,ＡＤＥＫＡ,プライム（内国株式）,化学,自動チェック完了,月次価格取得済み,財務取得済み,irbank:2026/03,ランキング判定に利用,4287.0,,
4403,日油,プライム（内国株式）,化学,自動チェック完了,月次価格取得済み,財務取得済み,irbank:2026/03,ランキング判定に利用,2574.0,,
4404,ミヨシ油脂,スタンダード（内国株式）,食料品,自動チェック完了,月次価格取得済み,財務取得済み,irbank:2026/03,ランキング判定に利用,1820.0,,
4406,新日本理化,スタンダード（内国株式）,化学,自動チェック完了,月次価格取得済み,財務取得済み,irbank:2026/03,ランキング判定に利用,201.0,,
4409,東邦化学工業,スタンダード（内国株式）,化学,自動チェック完了,月次価格取得済み,財務取得済み,irbank:2026/03,ランキング判定に利用,722.0,,
4410,ハリマ化成グループ,プライム（内国株式）,化学,自動チェック完了,月次価格取得済み,財務取得済み,irbank:2026/03,ランキング判定に利用,1047.0,,
4412,サイエンスアーツ,グロース（内国株式）,情報・通信業,自動チェック完了,月次価格取得済み,財務取得済み,irbank:2026/02,ランキング判定に利用,1091.0,,
4413,ボードルア,プライム（内国株式）,情報・通信業,自動チェック完了,月次価格取得済み,財務取得済み,irbank:2026/02,ランキング判定に利用,2404.0,,
4414,フレクト,グロース（内国株式）,情報・通信業,自動チェック完了,月次価格取得済み,財務取得済み,irbank:2026/03,ランキング判定に利用,1015.0,,
4415,ブロードエンタープライズ,グロース（内国株式）,情報・通信業,自動チェック完了,月次価格取得済み,財務取得済み,irbank:2026/03,ランキング判定に利用,1270.0,,
4416,Ｔｒｕｅ　Ｄａｔａ,グロース（内国株式）,情報・通信業,自動チェック完了,月次価格取得済み,財務取得済み,irbank:2026/03,ランキング判定に利用,424.0,,
4417,グローバルセキュリティエキスパート,グロース（内国株式）,情報・通信業,自動チェック完了,月次価格取得済み,財務取得済み,irbank:2026/03,ランキング判定に利用,3310.0,,
4418,ＪＤＳＣ,グロース（内国株式）,情報・通信業,自動チェック完了,月次価格取得済み,財務取得済み,irbank:2026/03,ランキング判定に利用,630.0,,
4419,Ｆｉｎａｔｅｘｔホールディングス,グロース（内国株式）,情報・通信業,自動チェック完了,月次価格取得済み,財務取得済み,irbank:2026/03,ランキング判定に利用,1316.0,,
441A,ＮＥ,グロース（内国株式）,情報・通信業,自動チェック完了,月次価格取得済み,財務取得済み,irbank:2026/04,ランキング判定に利用,225.0,,
4420,イーソル,スタンダード（内国株式）,情報・通信業,自動チェック完了,月次価格取得済み,財務取得済み,irbank:2026/03,ランキング判定に利用,806.0,,
4421,ディ・アイ・システム,スタンダード（内国株式）,情報・通信業,自動チェック完了,月次価格取得済み,財務取得済み,irbank:2026/03,ランキング判定に利用,927.0,,
4422,ＶＡＬＵＥＮＥＸ,グロース（内国株式）,情報・通信業,自動チェック完了,月次価格取得済み,財務取得済み,irbank:2026/04,ランキング判定に利用,568.0,,
4424,Ａｍａｚｉａ,グロース（内国株式）,情報・通信業,自動チェック完了,月次価格取得済み,財務取得済み,irbank:2026/03,ランキング判定に利用,203.0,,
4425,Ｋｕｄａｎ,グロース（内国株式）,情報・通信業,自動チェック完了,月次価格取得済み,財務取得済み,irbank:2026/03,ランキング判定に利用,1815.0,,
4427,ＥｄｕＬａｂ,グロース（内国株式）,情報・通信業,自動チェック完了,月次価格取得済み,財務取得済み,irbank:2026/03,ランキング判定に利用,170.0,,
4428,シノプス,グロース（内国株式）,情報・通信業,自動チェック完了,月次価格取得済み,財務取得済み,irbank:2026/03,ランキング判定に利用,625.0,,
4429,リックソフト,グロース（内国株式）,情報・通信業,自動チェック完了,月次価格取得済み,財務取得済み,irbank:2026/02,ランキング判定に利用,708.0,,
442A,クラシコ,グロース（内国株式）,繊維製品,自動チェック完了,月次価格取得済み,財務取得済み,irbank:2026/04,ランキング判定に利用,995.0,,
4430,東海ソフト,スタンダード（内国株式）,情報・通信業,自動チェック完了,月次価格取得済み,財務取得済み,irbank:2026/02,ランキング判定に利用,1585.0,,
4431,スマレジ,グロース（内国株式）,情報・通信業,自動チェック完了,月次価格取得済み,財務取得済み,irbank:2026/04,ランキング判定に利用,2641.0,,
4432,ウイングアーク１ｓｔ,プライム（内国株式）,情報・通信業,補完チェック完了,月次価格取得済み,財務補完済み,completionEstimate,補完データでチャートと広域判定に利用,2255.0,,BPS、純資産、株数推定が不足
4433,ヒト・コミュニケーションズ・ホールディングス,プライム（内国株式）,サービス業,自動チェック完了,月次価格取得済み,財務取得済み,irbank:2026/02,ランキング判定に利用,837.0,,
4434,サーバーワークス,スタンダード（内国株式）,情報・通信業,自動チェック完了,月次価格取得済み,財務取得済み,irbank:2026/02,ランキング判定に利用,1905.0,,
4436,ミンカブ・ジ・インフォノイド,グロース（内国株式）,情報・通信業,自動チェック完了,月次価格取得済み,財務取得済み,irbank:2026/03,ランキング判定に利用,418.0,,
4437,ｇｏｏｄｄａｙｓホールディングス,グロース（内国株式）,情報・通信業,自動チェック完了,月次価格取得済み,財務取得済み,irbank:2026/03,ランキング判定に利用,792.0,,
4438,Ｗｅｌｂｙ,グロース（内国株式）,情報・通信業,自動チェック完了,月次価格取得済み,財務取得済み,irbank:2026/03,ランキング判定に利用,241.0,,
4439,東名,スタンダード（内国株式）,情報・通信業,自動チェック完了,月次価格取得済み,財務取得済み,irbank:2026/02,ランキング判定に利用,717.0,,
4440,ヴィッツ,スタンダード（内国株式）,情報・通信業,自動チェック完了,月次価格取得済み,財務取得済み,irbank:2026/02,ランキング判定に利用,1113.0,,
4441,トビラシステムズ,スタンダード（内国株式）,情報・通信業,自動チェック完了,月次価格取得済み,財務取得済み,irbank:2026/04,ランキング判定に利用,1330.0,,
4442,バルテス・ホールディングス,グロース（内国株式）,情報・通信業,自動チェック完了,月次価格取得済み,財務取得済み,irbank:2026/03,ランキング判定に利用,375.0,,
4443,Ｓａｎｓａｎ,プライム（内国株式）,情報・通信業,自動チェック完了,月次価格取得済み,財務取得済み,irbank:2026/02,ランキング判定に利用,1383.0,,
4444,インフォネット,グロース（内国株式）,情報・通信業,自動チェック完了,月次価格取得済み,財務取得済み,irbank:2026/03,ランキング判定に利用,795.0,,
4445,リビン・テクノロジーズ,グロース（内国株式）,情報・通信業,自動チェック完了,月次価格取得済み,財務取得済み,irbank:2026/03,ランキング判定に利用,1496.0,,
4446,Ｌｉｎｋ－Ｕグループ,プライム（内国株式）,情報・通信業,自動チェック完了,月次価格取得済み,財務取得済み,irbank:2026/04,ランキング判定に利用,664.0,,
4447,ピー・ビーシステムズ,グロース（内国株式）,情報・通信業,自動チェック完了,月次価格取得済み,財務取得済み,irbank:2026/03,ランキング判定に利用,429.0,,
4448,ｋｕｂｅｌｌ,グロース（内国株式）,情報・通信業,自動チェック完了,月次価格取得済み,財務取得済み,irbank:2026/03,ランキング判定に利用,268.0,,
4449,ギフティ,プライム（内国株式）,情報・通信業,自動チェック完了,月次価格取得済み,財務取得済み,irbank:2026/03,ランキング判定に利用,995.0,,
4450,パワーソリューションズ,グロース（内国株式）,情報・通信業,自動チェック完了,月次価格取得済み,財務取得済み,irbank:2026/03,ランキング判定に利用,1922.0,,
4452,花王,プライム（内国株式）,化学,補完チェック完了,月次価格取得済み,財務補完済み,completionEstimate,補完データでチャートと広域判定に利用,6544.0,,BPS、純資産、株数推定が不足
4461,第一工業製薬,プライム（内国株式）,化学,自動チェック完了,月次価格取得済み,財務取得済み,irbank:2026/03,ランキング判定に利用,12510.0,,
4462,石原ケミカル,プライム（内国株式）,化学,自動チェック完了,月次価格取得済み,財務取得済み,irbank:2026/03,ランキング判定に利用,3390.0,,
4463,日華化学,スタンダード（内国株式）,化学,自動チェック完了,月次価格取得済み,財務取得済み,irbank:2026/03,ランキング判定に利用,1686.0,,
4464,ソフト９９コーポレーション,スタンダード（内国株式）,化学,自動チェック完了,月次価格取得済み,財務取得済み,irbank:2026/03,ランキング判定に利用,3485.0,,
4465,ニイタカ,スタンダード（内国株式）,化学,自動チェック完了,月次価格取得済み,財務取得済み,irbank:2026/02,ランキング判定に利用,2142.0,,
446A,ノースサンド,グロース（内国株式）,サービス業,自動チェック完了,月次価格取得済み,財務取得済み,irbank:2026/04,ランキング判定に利用,1165.0,,
4471,三洋化成工業,プライム（内国株式）,化学,自動チェック完了,月次価格取得済み,財務取得済み,irbank:2026/03,ランキング判定に利用,5000.0,,
4475,ＨＥＮＮＧＥ,グロース（内国株式）,情報・通信業,自動チェック完了,月次価格取得済み,財務取得済み,irbank:2026/03,ランキング判定に利用,1033.0,,
4476,ＡＩ　ＣＲＯＳＳ,グロース（内国株式）,情報・通信業,自動チェック完了,月次価格取得済み,財務取得済み,irbank:2026/03,ランキング判定に利用,926.0,,
4477,ＢＡＳＥ,グロース（内国株式）,情報・通信業,自動チェック完了,月次価格取得済み,財務取得済み,irbank:2026/03,ランキング判定に利用,256.0,,
4478,フリー,グロース（内国株式）,情報・通信業,自動チェック完了,月次価格取得済み,財務取得済み,irbank:2026/03,ランキング判定に利用,1876.0,,
4479,マクアケ,グロース（内国株式）,情報・通信業,自動チェック完了,月次価格取得済み,財務取得済み,irbank:2026/03,ランキング判定に利用,819.0,,
4480,メドレー,プライム（内国株式）,情報・通信業,自動チェック完了,月次価格取得済み,財務取得済み,irbank:2026/03,ランキング判定に利用,1980.0,,
4481,ベース,プライム（内国株式）,情報・通信業,自動チェック完了,月次価格取得済み,財務取得済み,irbank:2026/03,ランキング判定に利用,2865.0,,
4482,ウィルズ,グロース（内国株式）,情報・通信業,自動チェック完了,月次価格取得済み,財務取得済み,irbank:2026/03,ランキング判定に利用,710.0,,
4483,ＪＭＤＣ,プライム（内国株式）,情報・通信業,補完チェック完了,月次価格取得済み,財務補完済み,completionEstimate,補完データでチャートと広域判定に利用,2771.0,,BPS、純資産、株数推定が不足
4484,ランサーズ,グロース（内国株式）,情報・通信業,自動チェック完了,月次価格取得済み,財務取得済み,irbank:2026/03,ランキング判定に利用,266.0,,
4486,ユナイトアンドグロウ,グロース（内国株式）,情報・通信業,自動チェック完了,月次価格取得済み,財務取得済み,irbank:2026/03,ランキング判定に利用,626.0,,
4487,スペースマーケット,グロース（内国株式）,情報・通信業,自動チェック完了,月次価格取得済み,財務取得済み,irbank:2026/03,ランキング判定に利用,213.0,,
4488,ＡＩ　ｉｎｓｉｄｅ,グロース（内国株式）,情報・通信業,自動チェック完了,月次価格取得済み,財務取得済み,irbank:2026/03,ランキング判定に利用,2042.0,,
4490,ビザスク,グロース（内国株式）,情報・通信業,自動チェック完了,月次価格取得済み,財務取得済み,irbank:2026/02,ランキング判定に利用,588.0,,
4491,コンピューターマネージメント,スタンダード（内国株式）,情報・通信業,自動チェック完了,月次価格取得済み,財務取得済み,irbank:2026/03,ランキング判定に利用,2980.0,,
4492,ゼネテック,スタンダード（内国株式）,情報・通信業,自動チェック完了,月次価格取得済み,財務取得済み,irbank:2026/03,ランキング判定に利用,390.0,,
4493,サイバーセキュリティクラウド,グロース（内国株式）,情報・通信業,自動チェック完了,月次価格取得済み,財務取得済み,irbank:2026/03,ランキング判定に利用,1675.0,,
4494,バリオセキュア,スタンダード（内国株式）,情報・通信業,補完チェック完了,月次価格取得済み,財務補完済み,completionEstimate,補完データでチャートと広域判定に利用,680.0,,BPS、純資産、株数推定が不足
4495,アイキューブドシステムズ,グロース（内国株式）,情報・通信業,自動チェック完了,月次価格取得済み,財務取得済み,irbank:2026/03,ランキング判定に利用,1846.0,,
4496,コマースＯｎｅホールディングス,グロース（内国株式）,情報・通信業,自動チェック完了,月次価格取得済み,財務取得済み,irbank:2026/03,ランキング判定に利用,752.0,,
4498,サイバートラスト,グロース（内国株式）,情報・通信業,自動チェック完了,月次価格取得済み,財務取得済み,irbank:2026/03,ランキング判定に利用,1045.0,,
4499,Ｓｐｅｅｅ,スタンダード（内国株式）,情報・通信業,自動チェック完了,月次価格取得済み,財務取得済み,irbank:2026/03,ランキング判定に利用,2260.0,,
4502,武田薬品工業,プライム（内国株式）,医薬品,補完チェック完了,月次価格取得済み,財務補完済み,completionEstimate,補完データでチャートと広域判定に利用,5087.0,,BPS、純資産、株数推定が不足
4503,アステラス製薬,プライム（内国株式）,医薬品,補完チェック完了,月次価格取得済み,財務補完済み,completionEstimate,補完データでチャートと広域判定に利用,2145.0,,BPS、純資産、株数推定が不足
4506,住友ファーマ,プライム（内国株式）,医薬品,自動チェック完了,月次価格取得済み,財務取得済み,irbank:2026/03,ランキング判定に利用,1444.0,,
4507,塩野義製薬,プライム（内国株式）,医薬品,自動チェック完了,月次価格取得済み,財務取得済み,irbank:2026/03,ランキング判定に利用,2755.0,,
4512,わかもと製薬,スタンダード（内国株式）,医薬品,自動チェック完了,月次価格取得済み,財務取得済み,irbank:2026/03,ランキング判定に利用,265.0,,
4516,日本新薬,プライム（内国株式）,医薬品,自動チェック完了,月次価格取得済み,財務取得済み,irbank:2026/03,ランキング判定に利用,4049.0,,
4519,中外製薬,プライム（内国株式）,医薬品,補完チェック完了,月次価格取得済み,財務補完済み,completionEstimate,補完データでチャートと広域判定に利用,7434.0,,BPS、純資産、株数推定が不足
4521,科研製薬,プライム（内国株式）,医薬品,自動チェック完了,月次価格取得済み,財務取得済み,irbank:2026/03,ランキング判定に利用,3830.0,,
4523,エーザイ,プライム（内国株式）,医薬品,補完チェック完了,月次価格取得済み,財務補完済み,completionEstimate,補完データでチャートと広域判定に利用,3991.0,,BPS、純資産、株数推定が不足
4524,森下仁丹,スタンダード（内国株式）,医薬品,自動チェック完了,月次価格取得済み,財務取得済み,irbank:2026/03,ランキング判定に利用,2158.0,,
4526,理研ビタミン,プライム（内国株式）,食料品,自動チェック完了,月次価格取得済み,財務取得済み,irbank:2026/03,ランキング判定に利用,3080.0,,
4527,ロート製薬,プライム（内国株式）,医薬品,自動チェック完了,月次価格取得済み,財務取得済み,irbank:2026/03,ランキング判定に利用,2397.0,,
4528,小野薬品工業,プライム（内国株式）,医薬品,補完チェック完了,月次価格取得済み,財務補完済み,completionEstimate,補完データでチャートと広域判定に利用,2377.5,,BPS、純資産、株数推定が不足
4531,有機合成薬品工業,スタンダード（内国株式）,化学,自動チェック完了,月次価格取得済み,財務取得済み,irbank:2026/03,ランキング判定に利用,366.0,,
4534,持田製薬,プライム（内国株式）,医薬品,自動チェック完了,月次価格取得済み,財務取得済み,irbank:2026/03,ランキング判定に利用,3135.0,,
4536,参天製薬,プライム（内国株式）,医薬品,補完チェック完了,月次価格取得済み,財務補完済み,completionEstimate,補完データでチャートと広域判定に利用,2128.5,,BPS、純資産、株数推定が不足
4538,扶桑薬品工業,プライム（内国株式）,医薬品,自動チェック完了,月次価格取得済み,財務取得済み,irbank:2026/03,ランキング判定に利用,2071.0,,
4539,日本ケミファ,スタンダード（内国株式）,医薬品,自動チェック完了,月次価格取得済み,財務取得済み,irbank:2026/03,ランキング判定に利用,1568.0,,
4540,ツムラ,プライム（内国株式）,医薬品,自動チェック完了,月次価格取得済み,財務取得済み,irbank:2026/03,ランキング判定に利用,3729.0,,
4543,テルモ,プライム（内国株式）,精密機器,自動チェック完了,月次価格取得済み,財務取得済み,irbank:2026/03,ランキング判定に利用,2212.0,,
4544,Ｈ．Ｕ．グループホールディングス,プライム（内国株式）,サービス業,自動チェック完了,月次価格取得済み,財務取得済み,irbank:2026/03,ランキング判定に利用,3244.0,,
4547,キッセイ薬品工業,プライム（内国株式）,医薬品,自動チェック完了,月次価格取得済み,財務取得済み,irbank:2026/03,ランキング判定に利用,4075.0,,
4548,生化学工業,プライム（内国株式）,医薬品,自動チェック完了,月次価格取得済み,財務取得済み,irbank:2026/03,ランキング判定に利用,715.0,,
4549,栄研化学,プライム（内国株式）,医薬品,自動チェック完了,月次価格取得済み,財務取得済み,irbank:2026/03,ランキング判定に利用,2525.0,,
4552,ＪＣＲファーマ,プライム（内国株式）,医薬品,自動チェック完了,月次価格取得済み,財務取得済み,irbank:2026/03,ランキング判定に利用,445.0,,
4553,東和薬品,プライム（内国株式）,医薬品,自動チェック完了,月次価格取得済み,財務取得済み,irbank:2026/03,ランキング判定に利用,3750.0,,
4554,富士製薬工業,プライム（内国株式）,医薬品,自動チェック完了,月次価格取得済み,財務取得済み,irbank:2026/03,ランキング判定に利用,2092.0,,
4556,カイノス,スタンダード（内国株式）,医薬品,自動チェック完了,月次価格取得済み,財務取得済み,irbank:2026/03,ランキング判定に利用,2268.0,,
4558,中京医薬品,スタンダード（内国株式）,医薬品,自動チェック完了,月次価格取得済み,財務取得済み,irbank:2026/03,ランキング判定に利用,197.0,,
4559,ゼリア新薬工業,プライム（内国株式）,医薬品,自動チェック完了,月次価格取得済み,財務取得済み,irbank:2026/03,ランキング判定に利用,2038.0,,
4563,アンジェス,グロース（内国株式）,医薬品,自動チェック完了,月次価格取得済み,財務取得済み,irbank:2026/03,ランキング判定に利用,45.0,,
4564,オンコセラピー・サイエンス,グロース（内国株式）,医薬品,自動チェック完了,月次価格取得済み,財務取得済み,irbank:2026/03,ランキング判定に利用,19.0,,
4565,ネクセラファーマ,プライム（内国株式）,医薬品,補完チェック完了,月次価格取得済み,財務補完済み,completionEstimate,補完データでチャートと広域判定に利用,954.0,,BPS、純資産、株数推定が不足
4568,第一三共,プライム（内国株式）,医薬品,補完チェック完了,月次価格取得済み,財務補完済み,completionEstimate,補完データでチャートと広域判定に利用,2535.5,,BPS、純資産、株数推定が不足
4569,杏林製薬,プライム（内国株式）,医薬品,自動チェック完了,月次価格取得済み,財務取得済み,irbank:2026/03,ランキング判定に利用,1154.0,,
456A,ＨＵＭＡＮ　ＭＡＤＥ,グロース（内国株式）,小売業,自動チェック完了,月次価格取得済み,財務取得済み,irbank:2026/04,ランキング判定に利用,1477.0,,
4570,免疫生物研究所,グロース（内国株式）,医薬品,自動チェック完了,月次価格取得済み,財務取得済み,irbank:2026/03,ランキング判定に利用,969.0,,
4571,ＮＡＮＯホールディングス,グロース（内国株式）,医薬品,自動チェック完了,月次価格取得済み,財務取得済み,irbank:2026/03,ランキング判定に利用,96.0,,
4572,カルナバイオサイエンス,グロース（内国株式）,医薬品,補完チェック完了,月次価格取得済み,財務補完済み,completionEstimate,補完データでチャートと広域判定に利用,314.0,,BPS、純資産、株数推定が不足
4574,大幸薬品,プライム（内国株式）,医薬品,自動チェック完了,月次価格取得済み,財務取得済み,irbank:2026/03,ランキング判定に利用,275.0,,
4575,キャンバス,グロース（内国株式）,医薬品,自動チェック完了,月次価格取得済み,財務取得済み,irbank:2026/03,ランキング判定に利用,563.0,,
4576,デ・ウエスタン・セラピテクス研究所,グロース（内国株式）,医薬品,自動チェック完了,月次価格取得済み,財務取得済み,irbank:2026/03,ランキング判定に利用,69.0,,
4577,ダイト,プライム（内国株式）,医薬品,自動チェック完了,月次価格取得済み,財務取得済み,irbank:2026/02,ランキング判定に利用,1224.0,,
4578,大塚ホールディングス,プライム（内国株式）,医薬品,補完チェック完了,月次価格取得済み,財務補完済み,completionEstimate,補完データでチャートと広域判定に利用,10895.0,,BPS、純資産、株数推定が不足
4579,ラクオリア創薬,グロース（内国株式）,医薬品,自動チェック完了,月次価格取得済み,財務取得済み,irbank:2026/03,ランキング判定に利用,466.0,,
4582,シンバイオ製薬,グロース（内国株式）,医薬品,補完チェック完了,月次価格取得済み,財務補完済み,completionEstimate,補完データでチャートと広域判定に利用,68.0,,BPS、純資産、株数推定が不足
4583,カイオム・バイオサイエンス,グロース（内国株式）,医薬品,自動チェック完了,月次価格取得済み,財務取得済み,irbank:2026/03,ランキング判定に利用,69.0,,
4584,キッズウェル・バイオ,グロース（内国株式）,医薬品,自動チェック完了,月次価格取得済み,財務取得済み,irbank:2026/03,ランキング判定に利用,136.0,,
4586,メドレックス,グロース（内国株式）,医薬品,自動チェック完了,月次価格取得済み,財務取得済み,irbank:2026/03,ランキング判定に利用,49.0,,
4587,ペプチドリーム,プライム（内国株式）,医薬品,自動チェック完了,月次価格取得済み,財務取得済み,irbank:2026/03,ランキング判定に利用,1025.5,,
4588,オンコリスバイオファーマ,グロース（内国株式）,医薬品,自動チェック完了,月次価格取得済み,財務取得済み,irbank:2026/03,ランキング判定に利用,2733.0,,
4591,リボミック,グロース（内国株式）,医薬品,自動チェック完了,月次価格取得済み,財務取得済み,irbank:2026/03,ランキング判定に利用,59.0,,
4592,サンバイオ,グロース（内国株式）,医薬品,自動チェック完了,月次価格取得済み,財務取得済み,irbank:2026/04,ランキング判定に利用,919.0,,
4593,ヘリオス,グロース（内国株式）,医薬品,補完チェック完了,月次価格取得済み,財務補完済み,completionEstimate,補完データでチャートと広域判定に利用,246.0,,BPS、純資産、株数推定が不足
4594,ブライトパス・バイオ,グロース（内国株式）,医薬品,自動チェック完了,月次価格取得済み,財務取得済み,irbank:2026/03,ランキング判定に利用,45.0,,
4595,ミズホメディー,スタンダード（内国株式）,医薬品,自動チェック完了,月次価格取得済み,財務取得済み,irbank:2026/03,ランキング判定に利用,1693.0,,
4596,窪田製薬ホールディングス,グロース（内国株式）,医薬品,補完チェック完了,月次価格取得済み,財務補完済み,completionEstimate,補完データでチャートと広域判定に利用,56.0,,BPS、純資産、株数推定が不足
4597,ソレイジア・ファーマ,グロース（内国株式）,医薬品,補完チェック完了,月次価格取得済み,財務補完済み,completionEstimate,補完データでチャートと広域判定に利用,24.0,,BPS、純資産、株数推定が不足
4598,Ｄｅｌｔａ－Ｆｌｙ　Ｐｈａｒｍａ,グロース（内国株式）,医薬品,自動チェック完了,月次価格取得済み,財務取得済み,irbank:2026/03,ランキング判定に利用,124.0,,
4599,ステムリム,グロース（内国株式）,医薬品,自動チェック完了,月次価格取得済み,財務取得済み,irbank:2026/04,ランキング判定に利用,313.0,,
460A,ＢＲＡＮＵ,グロース（内国株式）,情報・通信業,自動チェック完了,月次価格取得済み,財務取得済み,irbank:2026/04,ランキング判定に利用,915.0,,
4611,大日本塗料,プライム（内国株式）,化学,自動チェック完了,月次価格取得済み,財務取得済み,irbank:2026/03,ランキング判定に利用,1340.0,,
4612,日本ペイントホールディングス,プライム（内国株式）,化学,自動チェック完了,月次価格取得済み,財務取得済み,irbank:2026/03,ランキング判定に利用,1054.0,,
4613,関西ペイント,プライム（内国株式）,化学,自動チェック完了,月次価格取得済み,財務取得済み,irbank:2026/03,ランキング判定に利用,2630.5,,
4615,神東塗料,スタンダード（内国株式）,化学,自動チェック完了,月次価格取得済み,財務取得済み,irbank:2026/03,ランキング判定に利用,126.0,,
4616,川上塗料,スタンダード（内国株式）,化学,自動チェック完了,月次価格取得済み,財務取得済み,irbank:2026/02,ランキング判定に利用,1860.0,,
4617,中国塗料,プライム（内国株式）,化学,自動チェック完了,月次価格取得済み,財務取得済み,irbank:2026/03,ランキング判定に利用,3390.0,,
4619,日本特殊塗料,スタンダード（内国株式）,化学,自動チェック完了,月次価格取得済み,財務取得済み,irbank:2026/03,ランキング判定に利用,2329.0,,
4620,藤倉化成,スタンダード（内国株式）,化学,自動チェック完了,月次価格取得済み,財務取得済み,irbank:2026/03,ランキング判定に利用,1071.0,,
4623,アサヒペン,スタンダード（内国株式）,化学,自動チェック完了,月次価格取得済み,財務取得済み,irbank:2026/03,ランキング判定に利用,1708.0,,
4624,イサム塗料,スタンダード（内国株式）,化学,自動チェック完了,月次価格取得済み,財務取得済み,irbank:2026/03,ランキング判定に利用,3395.0,,
4625,アトミクス,スタンダード（内国株式）,化学,自動チェック完了,月次価格取得済み,財務取得済み,irbank:2026/03,ランキング判定に利用,722.0,,
4626,太陽ホールディングス,プライム（内国株式）,化学,自動チェック完了,月次価格取得済み,財務取得済み,irbank:2026/03,ランキング判定に利用,4967.0,,
4627,ナトコ,スタンダード（内国株式）,化学,自動チェック完了,月次価格取得済み,財務取得済み,irbank:2026/04,ランキング判定に利用,1777.0,,
4628,エスケー化研,スタンダード（内国株式）,化学,自動チェック完了,月次価格取得済み,財務取得済み,irbank:2026/03,ランキング判定に利用,9400.0,,
4629,大伸化学,スタンダード（内国株式）,化学,自動チェック完了,月次価格取得済み,財務取得済み,irbank:2026/03,ランキング判定に利用,1852.0,,
462A,ＦＵＮＤＩＮＮＯ,グロース（内国株式）,証券、商品先物取引業,自動チェック完了,月次価格取得済み,財務取得済み,irbank:2026/04,ランキング判定に利用,222.0,,
4631,ＤＩＣ,プライム（内国株式）,化学,自動チェック完了,月次価格取得済み,財務取得済み,irbank:2026/03,ランキング判定に利用,5040.0,,
4633,サカタインクス,プライム（内国株式）,化学,自動チェック完了,月次価格取得済み,財務取得済み,irbank:2026/03,ランキング判定に利用,2437.0,,
4634,ａｒｔｉｅｎｃｅ,プライム（内国株式）,化学,自動チェック完了,月次価格取得済み,財務取得済み,irbank:2026/03,ランキング判定に利用,4285.0,,
4635,東京インキ,スタンダード（内国株式）,化学,自動チェック完了,月次価格取得済み,財務取得済み,irbank:2026/03,ランキング判定に利用,1330.0,,
463A,インテリックスホールディングス,スタンダード（内国株式）,不動産業,補完チェック完了,月次価格取得済み,財務補完済み,completionEstimate,補完データでチャートと広域判定に利用,859.0,,BPS、純資産、株数推定が不足
4641,アルプス技研,プライム（内国株式）,サービス業,自動チェック完了,月次価格取得済み,財務取得済み,irbank:2026/03,ランキング判定に利用,2320.0,,
4642,オリジナル設計,スタンダード（内国株式）,サービス業,自動チェック完了,月次価格取得済み,財務取得済み,irbank:2026/03,ランキング判定に利用,1470.0,,
4644,イマジニア,スタンダード（内国株式）,情報・通信業,自動チェック完了,月次価格取得済み,財務取得済み,irbank:2026/03,ランキング判定に利用,1021.0,,
4645,市進ホールディングス,スタンダード（内国株式）,サービス業,自動チェック完了,月次価格取得済み,財務取得済み,irbank:2026/02,ランキング判定に利用,430.0,,
464A,ＱＰＳホールディングス,グロース（内国株式）,情報・通信業,補完チェック完了,月次価格取得済み,財務補完済み,completionEstimate,補完データでチャートと広域判定に利用,1866.0,,BPS、純資産、株数推定が不足
4650,ＳＤエンターテイメント,スタンダード（内国株式）,サービス業,自動チェック完了,月次価格取得済み,財務取得済み,irbank:2026/03,ランキング判定に利用,260.0,,
4651,サニックスホールディングス,スタンダード（内国株式）,サービス業,自動チェック完了,月次価格取得済み,財務取得済み,irbank:2026/03,ランキング判定に利用,227.0,,
4657,環境管理センター,スタンダード（内国株式）,サービス業,自動チェック完了,月次価格取得済み,財務取得済み,irbank:2026/03,ランキング判定に利用,448.0,,
4658,日本空調サービス,プライム（内国株式）,サービス業,自動チェック完了,月次価格取得済み,財務取得済み,irbank:2026/03,ランキング判定に利用,1590.0,,
4659,エイジス,スタンダード（内国株式）,サービス業,自動チェック完了,月次価格取得済み,財務取得済み,irbank:2026/03,ランキング判定に利用,4420.0,,
4661,オリエンタルランド,プライム（内国株式）,サービス業,自動チェック完了,月次価格取得済み,財務取得済み,irbank:2026/03,ランキング判定に利用,2398.5,,
4662,フォーカスシステムズ,プライム（内国株式）,情報・通信業,自動チェック完了,月次価格取得済み,財務取得済み,irbank:2026/03,ランキング判定に利用,1610.0,,
4664,アール・エス・シー,スタンダード（内国株式）,サービス業,自動チェック完了,月次価格取得済み,財務取得済み,irbank:2026/03,ランキング判定に利用,1191.0,,
4665,ダスキン,プライム（内国株式）,サービス業,自動チェック完了,月次価格取得済み,財務取得済み,irbank:2026/03,ランキング判定に利用,4296.0,,
4666,パーク２４,プライム（内国株式）,不動産業,自動チェック完了,月次価格取得済み,財務取得済み,irbank:2026/04,ランキング判定に利用,2066.0,,
4667,アイサンテクノロジー,スタンダード（内国株式）,情報・通信業,自動チェック完了,月次価格取得済み,財務取得済み,irbank:2026/03,ランキング判定に利用,1978.0,,
4668,明光ネットワークジャパン,プライム（内国株式）,サービス業,自動チェック完了,月次価格取得済み,財務取得済み,irbank:2026/02,ランキング判定に利用,684.0,,
4671,ファルコホールディングス,スタンダード（内国株式）,サービス業,自動チェック完了,月次価格取得済み,財務取得済み,irbank:2026/03,ランキング判定に利用,2542.0,,
4673,川崎地質,スタンダード（内国株式）,サービス業,自動チェック完了,月次価格取得済み,財務取得済み,irbank:2026/02,ランキング判定に利用,4425.0,,
4674,クレスコ,プライム（内国株式）,情報・通信業,自動チェック完了,月次価格取得済み,財務取得済み,irbank:2026/03,ランキング判定に利用,1445.0,,
4676,フジ・メディア・ホールディングス,プライム（内国株式）,情報・通信業,自動チェック完了,月次価格取得済み,財務取得済み,irbank:2026/03,ランキング判定に利用,3843.0,,
4678,秀英予備校,スタンダード（内国株式）,サービス業,自動チェック完了,月次価格取得済み,財務取得済み,irbank:2026/03,ランキング判定に利用,303.0,,
4679,田谷,スタンダード（内国株式）,サービス業,自動チェック完了,月次価格取得済み,財務取得済み,irbank:2026/03,ランキング判定に利用,243.0,,
4680,ラウンドワン,プライム（内国株式）,サービス業,自動チェック完了,月次価格取得済み,財務取得済み,irbank:2026/03,ランキング判定に利用,1138.0,,
4681,リゾートトラスト,プライム（内国株式）,サービス業,自動チェック完了,月次価格取得済み,財務取得済み,irbank:2026/03,ランキング判定に利用,1735.0,,
4684,オービック,プライム（内国株式）,情報・通信業,自動チェック完了,月次価格取得済み,財務取得済み,irbank:2026/03,ランキング判定に利用,3687.0,,
4685,菱友システムズ,スタンダード（内国株式）,情報・通信業,自動チェック完了,月次価格取得済み,財務取得済み,irbank:2026/03,ランキング判定に利用,2650.0,,
4686,ジャストシステム,プライム（内国株式）,情報・通信業,自動チェック完了,月次価格取得済み,財務取得済み,irbank:2026/03,ランキング判定に利用,3610.0,,
4687,ＴＤＣソフト,プライム（内国株式）,情報・通信業,自動チェック完了,月次価格取得済み,財務取得済み,irbank:2026/03,ランキング判定に利用,864.0,,
4689,ＬＩＮＥヤフー,プライム（内国株式）,情報・通信業,補完チェック完了,月次価格取得済み,財務補完済み,completionEstimate,補完データでチャートと広域判定に利用,410.0,,BPS、純資産、株数推定が不足
4691,ワシントンホテル,スタンダード（内国株式）,サービス業,自動チェック完了,月次価格取得済み,財務取得済み,irbank:2026/03,ランキング判定に利用,2774.0,,
4694,ビー・エム・エル,プライム（内国株式）,サービス業,自動チェック完了,月次価格取得済み,財務取得済み,irbank:2026/03,ランキング判定に利用,3645.0,,
469A,フィットクルー,グロース（内国株式）,サービス業,自動チェック完了,月次価格取得済み,財務取得済み,irbank:2026/02,ランキング判定に利用,1534.0,,
4704,トレンドマイクロ,プライム（内国株式）,情報・通信業,自動チェック完了,月次価格取得済み,財務取得済み,irbank:2026/03,ランキング判定に利用,5590.0,,
4705,クリップコーポレーション,スタンダード（内国株式）,サービス業,自動チェック完了,月次価格取得済み,財務取得済み,irbank:2026/03,ランキング判定に利用,767.0,,
4707,キタック,スタンダード（内国株式）,サービス業,自動チェック完了,月次価格取得済み,財務取得済み,irbank:2026/04,ランキング判定に利用,333.0,,
4709,ＩＤホールディングス,プライム（内国株式）,情報・通信業,自動チェック完了,月次価格取得済み,財務取得済み,irbank:2026/03,ランキング判定に利用,1059.0,,
4712,ＫｅｙＨｏｌｄｅｒ,スタンダード（内国株式）,サービス業,自動チェック完了,月次価格取得済み,財務取得済み,irbank:2026/03,ランキング判定に利用,805.0,,
4714,リソー教育グループ,プライム（内国株式）,サービス業,自動チェック完了,月次価格取得済み,財務取得済み,irbank:2026/02,ランキング判定に利用,197.0,,
4716,日本オラクル,スタンダード（内国株式）,情報・通信業,自動チェック完了,月次価格取得済み,財務取得済み,irbank:2026/05,ランキング判定に利用,8088.0,,
4718,早稲田アカデミー,プライム（内国株式）,サービス業,自動チェック完了,月次価格取得済み,財務取得済み,irbank:2026/03,ランキング判定に利用,2292.0,,
4719,アルファシステムズ,プライム（内国株式）,情報・通信業,自動チェック完了,月次価格取得済み,財務取得済み,irbank:2026/03,ランキング判定に利用,3280.0,,
471A,ＮＳグループ,プライム（内国株式）,その他金融業,補完チェック完了,月次価格取得済み,財務補完済み,completionEstimate,補完データでチャートと広域判定に利用,1470.0,,BPS、純資産、株数推定が不足
4720,城南進学研究社,スタンダード（内国株式）,サービス業,自動チェック完了,月次価格取得済み,財務取得済み,irbank:2026/03,ランキング判定に利用,230.0,,
4722,フューチャー,プライム（内国株式）,情報・通信業,自動チェック完了,月次価格取得済み,財務取得済み,irbank:2026/03,ランキング判定に利用,1500.0,,
4725,ＣＡＣ　Ｈｏｌｄｉｎｇｓ,プライム（内国株式）,情報・通信業,自動チェック完了,月次価格取得済み,財務取得済み,irbank:2026/03,ランキング判定に利用,1774.0,,
4728,トーセ,スタンダード（内国株式）,情報・通信業,自動チェック完了,月次価格取得済み,財務取得済み,irbank:2026/02,ランキング判定に利用,640.0,,
472A,ミラティブ,グロース（内国株式）,情報・通信業,自動チェック完了,月次価格取得済み,財務取得済み,irbank:2026/03,ランキング判定に利用,392.0,,
4732,ユー・エス・エス,プライム（内国株式）,サービス業,自動チェック完了,月次価格取得済み,財務取得済み,irbank:2026/03,ランキング判定に利用,1927.5,,
4733,オービックビジネスコンサルタント,プライム（内国株式）,情報・通信業,自動チェック完了,月次価格取得済み,財務取得済み,irbank:2026/03,ランキング判定に利用,5827.0,,
4735,京進,スタンダード（内国株式）,サービス業,自動チェック完了,月次価格取得済み,財務取得済み,irbank:2026/02,ランキング判定に利用,314.0,,
4736,日本ラッド,スタンダード（内国株式）,情報・通信業,自動チェック完了,月次価格取得済み,財務取得済み,irbank:2026/03,ランキング判定に利用,607.0,,
4743,アイティフォー,プライム（内国株式）,情報・通信業,自動チェック完了,月次価格取得済み,財務取得済み,irbank:2026/03,ランキング判定に利用,1592.0,,
4746,東計電算,スタンダード（内国株式）,情報・通信業,自動チェック完了,月次価格取得済み,財務取得済み,irbank:2026/03,ランキング判定に利用,4440.0,,
4750,ダイサン,スタンダード（内国株式）,サービス業,自動チェック完了,月次価格取得済み,財務取得済み,irbank:2026/04,ランキング判定に利用,539.0,,
4751,サイバーエージェント,プライム（内国株式）,サービス業,自動チェック完了,月次価格取得済み,財務取得済み,irbank:2026/03,ランキング判定に利用,1299.5,,
4752,昭和システムエンジニアリング,スタンダード（内国株式）,情報・通信業,自動チェック完了,月次価格取得済み,財務取得済み,irbank:2026/03,ランキング判定に利用,1483.0,,
4754,トスネット,スタンダード（内国株式）,サービス業,自動チェック完了,月次価格取得済み,財務取得済み,irbank:2026/03,ランキング判定に利用,1457.0,,
4755,楽天グループ,プライム（内国株式）,サービス業,補完チェック完了,月次価格取得済み,財務補完済み,completionEstimate,補完データでチャートと広域判定に利用,690.2,,BPS、純資産、株数推定が不足
475A,ギミック,スタンダード（内国株式）,サービス業,自動チェック完了,月次価格取得済み,財務取得済み,irbank:2026/03,ランキング判定に利用,630.0,,
4760,アルファ,スタンダード（内国株式）,サービス業,自動チェック完了,月次価格取得済み,財務取得済み,irbank:2026/02,ランキング判定に利用,1557.0,,
4761,さくらケーシーエス,スタンダード（内国株式）,情報・通信業,自動チェック完了,月次価格取得済み,財務取得済み,irbank:2026/03,ランキング判定に利用,1380.0,,
4762,エックスネット,スタンダード（内国株式）,情報・通信業,自動チェック完了,月次価格取得済み,財務取得済み,irbank:2026/03,ランキング判定に利用,1663.0,,
4763,クリーク・アンド・リバー社,プライム（内国株式）,サービス業,自動チェック完了,月次価格取得済み,財務取得済み,irbank:2026/02,ランキング判定に利用,1277.0,,
4765,ＳＢＩグローバルアセットマネジメント,プライム（内国株式）,サービス業,自動チェック完了,月次価格取得済み,財務取得済み,irbank:2026/03,ランキング判定に利用,561.0,,
4766,ピーエイ,スタンダード（内国株式）,サービス業,自動チェック完了,月次価格取得済み,財務取得済み,irbank:2026/03,ランキング判定に利用,182.0,,
4767,テー・オー・ダブリュー,スタンダード（内国株式）,サービス業,自動チェック完了,月次価格取得済み,財務取得済み,irbank:2026/03,ランキング判定に利用,325.0,,
4768,大塚商会,プライム（内国株式）,情報・通信業,自動チェック完了,月次価格取得済み,財務取得済み,irbank:2026/03,ランキング判定に利用,2763.5,,
4769,ＩＣ,スタンダード（内国株式）,情報・通信業,自動チェック完了,月次価格取得済み,財務取得済み,irbank:2026/03,ランキング判定に利用,1095.0,,
476A,辻・本郷ＩＴコンサルティング,スタンダード（内国株式）,情報・通信業,自動チェック完了,月次価格取得済み,財務取得済み,irbank:2026/03,ランキング判定に利用,1445.0,,
4771,エフアンドエム,スタンダード（内国株式）,サービス業,自動チェック完了,月次価格取得済み,財務取得済み,irbank:2026/03,ランキング判定に利用,2404.0,,
4772,ＳＭ　ＥＮＴＥＲＴＡＩＮＭＥＮＴ　ＪＡＰＡＮ,グロース（内国株式）,情報・通信業,自動チェック完了,月次価格取得済み,財務取得済み,irbank:2026/03,ランキング判定に利用,68.0,,
4776,サイボウズ,プライム（内国株式）,情報・通信業,自動チェック完了,月次価格取得済み,財務取得済み,irbank:2026/03,ランキング判定に利用,2136.0,,
4777,ガーラ,スタンダード（内国株式）,情報・通信業,自動チェック完了,月次価格取得済み,財務取得済み,irbank:2026/03,ランキング判定に利用,200.0,,
477A,スタートライン,グロース（内国株式）,サービス業,自動チェック完了,月次価格取得済み,財務取得済み,irbank:2026/03,ランキング判定に利用,568.0,,
4783,ＮＣＤ,スタンダード（内国株式）,情報・通信業,自動チェック完了,月次価格取得済み,財務取得済み,irbank:2026/03,ランキング判定に利用,2381.0,,
4784,ＧＭＯインターネット,プライム（内国株式）,サービス業,自動チェック完了,月次価格取得済み,財務取得済み,irbank:2026/03,ランキング判定に利用,454.0,,
478A,フツパー,グロース（内国株式）,情報・通信業,自動チェック完了,月次価格取得済み,財務取得済み,irbank:2026/03,ランキング判定に利用,701.0,,
4792,山田コンサルティンググループ,プライム（内国株式）,サービス業,自動チェック完了,月次価格取得済み,財務取得済み,irbank:2026/03,ランキング判定に利用,1647.0,,
479A,ＰＲＯＮＩ,グロース（内国株式）,情報・通信業,自動チェック完了,月次価格取得済み,財務取得済み,irbank:2026/03,ランキング判定に利用,1249.0,,
4800,オリコン,スタンダード（内国株式）,情報・通信業,自動チェック完了,月次価格取得済み,財務取得済み,irbank:2026/03,ランキング判定に利用,1330.0,,
4801,セントラルスポーツ,プライム（内国株式）,サービス業,自動チェック完了,月次価格取得済み,財務取得済み,irbank:2026/03,ランキング判定に利用,2350.0,,
4809,パラカ,プライム（内国株式）,不動産業,自動チェック完了,月次価格取得済み,財務取得済み,irbank:2026/03,ランキング判定に利用,2015.0,,
480A,リブ・コンサルティング,グロース（内国株式）,サービス業,自動チェック完了,月次価格取得済み,財務取得済み,irbank:2026/03,ランキング判定に利用,944.0,,
4811,ドリーム・アーツ,グロース（内国株式）,情報・通信業,自動チェック完了,月次価格取得済み,財務取得済み,irbank:2026/03,ランキング判定に利用,736.0,,
4812,電通総研,プライム（内国株式）,情報・通信業,自動チェック完了,月次価格取得済み,財務取得済み,irbank:2026/03,ランキング判定に利用,2017.0,,
4813,ＡＣＣＥＳＳ,プライム（内国株式）,情報・通信業,自動チェック完了,月次価格取得済み,財務取得済み,irbank:2026/04,ランキング判定に利用,335.0,,
4814,ネクストウェア,スタンダード（内国株式）,情報・通信業,自動チェック完了,月次価格取得済み,財務取得済み,irbank:2026/03,ランキング判定に利用,145.0,,
4816,東映アニメーション,スタンダード（内国株式）,情報・通信業,自動チェック完了,月次価格取得済み,財務取得済み,irbank:2026/03,ランキング判定に利用,2309.0,,
4819,デジタルガレージ,プライム（内国株式）,情報・通信業,自動チェック完了,月次価格取得済み,財務取得済み,irbank:2026/03,ランキング判定に利用,1753.0,,
4820,イーエムシステムズ,プライム（内国株式）,情報・通信業,自動チェック完了,月次価格取得済み,財務取得済み,irbank:2026/03,ランキング判定に利用,489.0,,
4825,ウェザーニューズ,プライム（内国株式）,情報・通信業,自動チェック完了,月次価格取得済み,財務取得済み,irbank:2026/02,ランキング判定に利用,1937.0,,
4826,ＣＩＪ,プライム（内国株式）,情報・通信業,自動チェック完了,月次価格取得済み,財務取得済み,irbank:2026/03,ランキング判定に利用,496.0,,
4828,ビジネスエンジニアリング,プライム（内国株式）,情報・通信業,自動チェック完了,月次価格取得済み,財務取得済み,irbank:2026/03,ランキング判定に利用,975.0,,
4829,日本エンタープライズ,スタンダード（内国株式）,情報・通信業,自動チェック完了,月次価格取得済み,財務取得済み,irbank:2026/02,ランキング判定に利用,102.0,,
4832,ＪＦＥシステムズ,スタンダード（内国株式）,情報・通信業,自動チェック完了,月次価格取得済み,財務取得済み,irbank:2026/03,ランキング判定に利用,1899.0,,
4833,Ｄｅｆ　ｃｏｎｓｕｌｔｉｎｇ,グロース（内国株式）,サービス業,自動チェック完了,月次価格取得済み,財務取得済み,irbank:2026/03,ランキング判定に利用,33.0,,
4838,スペースシャワーＳＫＩＹＡＫＩホールディングス,スタンダード（内国株式）,情報・通信業,自動チェック完了,月次価格取得済み,財務取得済み,irbank:2026/03,ランキング判定に利用,628.0,,
4839,ＷＯＷＯＷ,プライム（内国株式）,情報・通信業,自動チェック完了,月次価格取得済み,財務取得済み,irbank:2026/03,ランキング判定に利用,974.0,,
483A,テラテクノロジー,スタンダード（内国株式）,情報・通信業,自動チェック完了,月次価格取得済み,財務取得済み,irbank:2026/03,ランキング判定に利用,2117.0,,
4840,トライアイズ,スタンダード（内国株式）,サービス業,自動チェック完了,月次価格取得済み,財務取得済み,irbank:2026/03,ランキング判定に利用,630.0,,
4845,スカラ,スタンダード（内国株式）,情報・通信業,補完チェック完了,月次価格取得済み,財務補完済み,completionEstimate,補完データでチャートと広域判定に利用,333.0,,BPS、純資産、株数推定が不足
4847,インテリジェント　ウェイブ,プライム（内国株式）,情報・通信業,自動チェック完了,月次価格取得済み,財務取得済み,irbank:2026/03,ランキング判定に利用,941.0,,
4848,フルキャストホールディングス,プライム（内国株式）,サービス業,自動チェック完了,月次価格取得済み,財務取得済み,irbank:2026/03,ランキング判定に利用,1520.0,,
4849,エン,プライム（内国株式）,サービス業,自動チェック完了,月次価格取得済み,財務取得済み,irbank:2026/03,ランキング判定に利用,1099.0,,
485A,パワーエックス,グロース（内国株式）,電気機器,自動チェック完了,月次価格取得済み,財務取得済み,irbank:2026/03,ランキング判定に利用,1977.0,,
4880,セルソース,スタンダード（内国株式）,医薬品,自動チェック完了,月次価格取得済み,財務取得済み,irbank:2026/04,ランキング判定に利用,307.0,,
4881,ファンペップ,グロース（内国株式）,医薬品,自動チェック完了,月次価格取得済み,財務取得済み,irbank:2026/03,ランキング判定に利用,59.0,,
4882,ペルセウスプロテオミクス,グロース（内国株式）,医薬品,自動チェック完了,月次価格取得済み,財務取得済み,irbank:2026/03,ランキング判定に利用,164.0,,
4883,モダリス,グロース（内国株式）,医薬品,自動チェック完了,月次価格取得済み,財務取得済み,irbank:2026/03,ランキング判定に利用,30.0,,
4884,クリングルファーマ,グロース（内国株式）,医薬品,自動チェック完了,月次価格取得済み,財務取得済み,irbank:2026/03,ランキング判定に利用,318.0,,
4885,室町ケミカル,スタンダード（内国株式）,医薬品,自動チェック完了,月次価格取得済み,財務取得済み,irbank:2026/02,ランキング判定に利用,892.0,,
4886,あすか製薬ホールディングス,プライム（内国株式）,医薬品,自動チェック完了,月次価格取得済み,財務取得済み,irbank:2026/03,ランキング判定に利用,2175.0,,
4887,サワイグループホールディングス,プライム（内国株式）,医薬品,補完チェック完了,月次価格取得済み,財務補完済み,completionEstimate,補完データでチャートと広域判定に利用,1626.0,,BPS、純資産、株数推定が不足
4888,ステラファーマ,グロース（内国株式）,医薬品,自動チェック完了,月次価格取得済み,財務取得済み,irbank:2026/03,ランキング判定に利用,300.0,,
4889,レナサイエンス,グロース（内国株式）,医薬品,自動チェック完了,月次価格取得済み,財務取得済み,irbank:2026/03,ランキング判定に利用,1413.0,,
4890,坪田ラボ,グロース（内国株式）,医薬品,自動チェック完了,月次価格取得済み,財務取得済み,irbank:2026/03,ランキング判定に利用,221.0,,
4891,ティムス,グロース（内国株式）,医薬品,自動チェック完了,月次価格取得済み,財務取得済み,irbank:2026/03,ランキング判定に利用,101.0,,
4892,サイフューズ,グロース（内国株式）,医薬品,自動チェック完了,月次価格取得済み,財務取得済み,irbank:2026/03,ランキング判定に利用,520.0,,
4893,ノイルイミューン・バイオテック,グロース（内国株式）,医薬品,自動チェック完了,月次価格取得済み,財務取得済み,irbank:2026/03,ランキング判定に利用,120.0,,
4894,クオリプス,グロース（内国株式）,医薬品,自動チェック完了,月次価格取得済み,財務取得済み,irbank:2026/03,ランキング判定に利用,3855.0,,
4896,ケイファーマ,グロース（内国株式）,医薬品,自動チェック完了,月次価格取得済み,財務取得済み,irbank:2026/03,ランキング判定に利用,704.0,,
4901,富士フイルムホールディングス,プライム（内国株式）,化学,補完チェック完了,月次価格取得済み,財務補完済み,completionEstimate,補完データでチャートと広域判定に利用,3436.0,,BPS、純資産、株数推定が不足
4902,コニカミノルタ,プライム（内国株式）,電気機器,補完チェック完了,月次価格取得済み,財務補完済み,completionEstimate,補完データでチャートと広域判定に利用,564.7,,BPS、純資産、株数推定が不足
4911,資生堂,プライム（内国株式）,化学,自動チェック完了,月次価格取得済み,財務取得済み,irbank:2026/03,ランキング判定に利用,2573.5,,
4912,ライオン,プライム（内国株式）,化学,自動チェック完了,月次価格取得済み,財務取得済み,irbank:2026/03,ランキング判定に利用,1724.5,,
4914,高砂香料工業,プライム（内国株式）,化学,自動チェック完了,月次価格取得済み,財務取得済み,irbank:2026/03,ランキング判定に利用,1125.0,,
4918,アイビー化粧品,スタンダード（内国株式）,化学,自動チェック完了,月次価格取得済み,財務取得済み,irbank:2026/03,ランキング判定に利用,289.0,,
4919,ミルボン,プライム（内国株式）,化学,自動チェック完了,月次価格取得済み,財務取得済み,irbank:2026/03,ランキング判定に利用,2709.0,,
4920,日本色材工業研究所,スタンダード（内国株式）,化学,自動チェック完了,月次価格取得済み,財務取得済み,irbank:2026/02,ランキング判定に利用,1115.0,,
4922,コーセーホールディングス,プライム（内国株式）,化学,自動チェック完了,月次価格取得済み,財務取得済み,irbank:2026/03,ランキング判定に利用,5024.0,,
4923,コタ,プライム（内国株式）,化学,自動チェック完了,月次価格取得済み,財務取得済み,irbank:2025/12,ランキング判定に利用,1142.0,,
4925,ハーバー研究所,スタンダード（内国株式）,化学,自動チェック完了,月次価格取得済み,財務取得済み,irbank:2026/03,ランキング判定に利用,1706.0,,
4926,シーボン,スタンダード（内国株式）,化学,自動チェック完了,月次価格取得済み,財務取得済み,irbank:2026/03,ランキング判定に利用,1204.0,,
4927,ポーラ・オルビスホールディングス,プライム（内国株式）,化学,自動チェック完了,月次価格取得済み,財務取得済み,irbank:2026/03,ランキング判定に利用,1273.0,,
4928,ノエビアホールディングス,プライム（内国株式）,化学,自動チェック完了,月次価格取得済み,財務取得済み,irbank:2026/03,ランキング判定に利用,4365.0,,
4929,アジュバンホールディングス,スタンダード（内国株式）,化学,自動チェック完了,月次価格取得済み,財務取得済み,irbank:2026/03,ランキング判定に利用,717.0,,
4931,新日本製薬,プライム（内国株式）,化学,自動チェック完了,月次価格取得済み,財務取得済み,irbank:2026/03,ランキング判定に利用,1956.0,,
4932,アルマード,スタンダード（内国株式）,化学,自動チェック完了,月次価格取得済み,財務取得済み,irbank:2026/03,ランキング判定に利用,629.0,,
4933,Ｉ－ｎｅ,プライム（内国株式）,化学,自動チェック完了,月次価格取得済み,財務取得済み,irbank:2026/03,ランキング判定に利用,1236.0,,
4934,プレミアアンチエイジング,グロース（内国株式）,化学,自動チェック完了,月次価格取得済み,財務取得済み,irbank:2026/04,ランキング判定に利用,608.0,,
4935,リベルタ,スタンダード（内国株式）,化学,自動チェック完了,月次価格取得済み,財務取得済み,irbank:2026/03,ランキング判定に利用,207.0,,
4936,アクシージア,スタンダード（内国株式）,化学,自動チェック完了,月次価格取得済み,財務取得済み,irbank:2026/04,ランキング判定に利用,318.0,,
4937,Ｗａｑｏｏ,グロース（内国株式）,化学,自動チェック完了,月次価格取得済み,財務取得済み,irbank:2026/03,ランキング判定に利用,1495.0,,
4951,エステー,プライム（内国株式）,化学,自動チェック完了,月次価格取得済み,財務取得済み,irbank:2026/03,ランキング判定に利用,1484.0,,
4956,コニシ,プライム（内国株式）,化学,自動チェック完了,月次価格取得済み,財務取得済み,irbank:2026/03,ランキング判定に利用,1485.0,,
4958,長谷川香料,プライム（内国株式）,化学,自動チェック完了,月次価格取得済み,財務取得済み,irbank:2026/03,ランキング判定に利用,3215.0,,
4960,ケミプロ化成,スタンダード（内国株式）,化学,自動チェック完了,月次価格取得済み,財務取得済み,irbank:2026/03,ランキング判定に利用,569.0,,
4966,上村工業,スタンダード（内国株式）,化学,自動チェック完了,月次価格取得済み,財務取得済み,irbank:2026/03,ランキング判定に利用,26930.0,,
4967,小林製薬,プライム（内国株式）,化学,自動チェック完了,月次価格取得済み,財務取得済み,irbank:2026/03,ランキング判定に利用,5580.0,,
4968,荒川化学工業,プライム（内国株式）,化学,自動チェック完了,月次価格取得済み,財務取得済み,irbank:2026/03,ランキング判定に利用,2090.0,,
4970,東洋合成工業,スタンダード（内国株式）,化学,自動チェック完了,月次価格取得済み,財務取得済み,irbank:2026/03,ランキング判定に利用,16430.0,,
4971,メック,プライム（内国株式）,化学,自動チェック完了,月次価格取得済み,財務取得済み,irbank:2026/03,ランキング判定に利用,10410.0,,
4972,綜研化学,スタンダード（内国株式）,化学,自動チェック完了,月次価格取得済み,財務取得済み,irbank:2026/03,ランキング判定に利用,3205.0,,
4973,日本高純度化学,プライム（内国株式）,化学,自動チェック完了,月次価格取得済み,財務取得済み,irbank:2026/03,ランキング判定に利用,5640.0,,
4974,タカラバイオ,プライム（内国株式）,化学,自動チェック完了,月次価格取得済み,財務取得済み,irbank:2026/03,ランキング判定に利用,1144.0,,
4975,ＪＣＵ,プライム（内国株式）,化学,自動チェック完了,月次価格取得済み,財務取得済み,irbank:2026/03,ランキング判定に利用,7910.0,,
4976,東洋ドライルーブ,スタンダード（内国株式）,化学,自動チェック完了,月次価格取得済み,財務取得済み,irbank:2026/03,ランキング判定に利用,1280.0,,
4977,新田ゼラチン,スタンダード（内国株式）,化学,自動チェック完了,月次価格取得済み,財務取得済み,irbank:2026/03,ランキング判定に利用,1305.0,,
4978,リプロセル,グロース（内国株式）,化学,自動チェック完了,月次価格取得済み,財務取得済み,irbank:2026/03,ランキング判定に利用,127.0,,
4979,ＯＡＴアグリオ,スタンダード（内国株式）,化学,自動チェック完了,月次価格取得済み,財務取得済み,irbank:2026/03,ランキング判定に利用,2627.0,,
4980,デクセリアルズ,プライム（内国株式）,化学,自動チェック完了,月次価格取得済み,財務取得済み,irbank:2026/03,ランキング判定に利用,4407.0,,
4985,アース製薬,プライム（内国株式）,化学,自動チェック完了,月次価格取得済み,財務取得済み,irbank:2026/03,ランキング判定に利用,4770.0,,
4990,昭和化学工業,スタンダード（内国株式）,化学,自動チェック完了,月次価格取得済み,財務取得済み,irbank:2026/03,ランキング判定に利用,495.0,,
4992,北興化学工業,スタンダード（内国株式）,化学,自動チェック完了,月次価格取得済み,財務取得済み,irbank:2026/02,ランキング判定に利用,2208.0,,
4994,大成ラミックグループ,スタンダード（内国株式）,化学,自動チェック完了,月次価格取得済み,財務取得済み,irbank:2026/03,ランキング判定に利用,2381.0,,
4996,クミアイ化学工業,プライム（内国株式）,化学,自動チェック完了,月次価格取得済み,財務取得済み,irbank:2026/04,ランキング判定に利用,743.0,,
4997,日本農薬,プライム（内国株式）,化学,自動チェック完了,月次価格取得済み,財務取得済み,irbank:2026/03,ランキング判定に利用,1022.0,,
4998,フマキラー,スタンダード（内国株式）,化学,自動チェック完了,月次価格取得済み,財務取得済み,irbank:2026/03,ランキング判定に利用,1158.0,,
500A,ＴＯブックス,スタンダード（内国株式）,情報・通信業,自動チェック完了,月次価格取得済み,財務取得済み,irbank:2026/04,ランキング判定に利用,2779.0,,
5010,日本精蝋,スタンダード（内国株式）,石油・石炭製品,自動チェック完了,月次価格取得済み,財務取得済み,irbank:2026/03,ランキング判定に利用,228.0,,
5011,ニチレキグループ,プライム（内国株式）,石油・石炭製品,自動チェック完了,月次価格取得済み,財務取得済み,irbank:2026/03,ランキング判定に利用,2112.0,,
5013,ユシロ,スタンダード（内国株式）,石油・石炭製品,自動チェック完了,月次価格取得済み,財務取得済み,irbank:2026/03,ランキング判定に利用,2870.0,,
5015,ビーピー・カストロール,スタンダード（内国株式）,石油・石炭製品,自動チェック完了,月次価格取得済み,財務取得済み,irbank:2026/03,ランキング判定に利用,1008.0,,
5016,ＪＸ金属,プライム（内国株式）,非鉄金属,自動チェック完了,月次価格取得済み,財務取得済み,irbank:2026/03,ランキング判定に利用,4553.0,,
5018,ＭＯＲＥＳＣＯ,スタンダード（内国株式）,石油・石炭製品,自動チェック完了,月次価格取得済み,財務取得済み,irbank:2026/02,ランキング判定に利用,1810.0,,
5019,出光興産,プライム（内国株式）,石油・石炭製品,自動チェック完了,月次価格取得済み,財務取得済み,irbank:2026/03,ランキング判定に利用,1223.5,,
5020,ＥＮＥＯＳホールディングス,プライム（内国株式）,石油・石炭製品,補完チェック完了,月次価格取得済み,財務補完済み,completionEstimate,補完データでチャートと広域判定に利用,1214.5,,BPS、純資産、株数推定が不足
5021,コスモエネルギーホールディングス,プライム（内国株式）,石油・石炭製品,自動チェック完了,月次価格取得済み,財務取得済み,irbank:2026/03,ランキング判定に利用,3757.0,,
5025,マーキュリー,グロース（内国株式）,情報・通信業,自動チェック完了,月次価格取得済み,財務取得済み,irbank:2026/02,ランキング判定に利用,532.0,,
5026,トリプルアイズ,グロース（内国株式）,情報・通信業,自動チェック完了,月次価格取得済み,財務取得済み,irbank:2026/02,ランキング判定に利用,532.0,,
5027,ＡｎｙＭｉｎｄ　Ｇｒｏｕｐ,グロース（内国株式）,情報・通信業,補完チェック完了,月次価格取得済み,財務補完済み,completionEstimate,補完データでチャートと広域判定に利用,414.0,,BPS、純資産、株数推定が不足
5028,セカンドサイトアナリティカ,グロース（内国株式）,情報・通信業,自動チェック完了,月次価格取得済み,財務取得済み,irbank:2026/03,ランキング判定に利用,356.0,,
5029,サークレイス,グロース（内国株式）,情報・通信業,自動チェック完了,月次価格取得済み,財務取得済み,irbank:2026/03,ランキング判定に利用,630.0,,
5031,モイ,グロース（内国株式）,情報・通信業,自動チェック完了,月次価格取得済み,財務取得済み,irbank:2026/04,ランキング判定に利用,332.0,,
5032,ＡＮＹＣＯＬＯＲ,プライム（内国株式）,情報・通信業,自動チェック完了,月次価格取得済み,財務取得済み,irbank:2026/04,ランキング判定に利用,2097.0,,
5033,ヌーラボ,グロース（内国株式）,情報・通信業,自動チェック完了,月次価格取得済み,財務取得済み,irbank:2026/03,ランキング判定に利用,898.0,,
5034,ｕｎｅｒｒｙ,グロース（内国株式）,情報・通信業,自動チェック完了,月次価格取得済み,財務取得済み,irbank:2026/03,ランキング判定に利用,2050.0,,
5035,ＨＯＵＳＥＩ,グロース（内国株式）,情報・通信業,自動チェック完了,月次価格取得済み,財務取得済み,irbank:2026/03,ランキング判定に利用,359.0,,
5036,日本ビジネスシステムズ,プライム（内国株式）,情報・通信業,自動チェック完了,月次価格取得済み,財務取得済み,irbank:2026/03,ランキング判定に利用,1374.0,,
5038,ｅＷｅＬＬ,グロース（内国株式）,情報・通信業,自動チェック完了,月次価格取得済み,財務取得済み,irbank:2026/03,ランキング判定に利用,1706.0,,
504A,イノバセル,グロース（内国株式）,医薬品,補完チェック完了,月次価格取得済み,財務補完済み,completionEstimate,補完データでチャートと広域判定に利用,385.0,,BPS、純資産、株数推定が不足
505A,ギークリー,スタンダード（内国株式）,サービス業,自動チェック完了,月次価格取得済み,財務取得済み,irbank:2026/02,ランキング判定に利用,1082.0,,
5071,ヴィス,スタンダード（内国株式）,サービス業,自動チェック完了,月次価格取得済み,財務取得済み,irbank:2026/03,ランキング判定に利用,1333.0,,
5074,テスホールディングス,プライム（内国株式）,建設業,自動チェック完了,月次価格取得済み,財務取得済み,irbank:2026/03,ランキング判定に利用,972.0,,
5076,インフロニア・ホールディングス,プライム（内国株式）,建設業,補完チェック完了,月次価格取得済み,財務補完済み,completionEstimate,補完データでチャートと広域判定に利用,2711.0,,BPS、純資産、株数推定が不足
5078,セレコーポレーション,スタンダード（内国株式）,建設業,自動チェック完了,月次価格取得済み,財務取得済み,irbank:2026/02,ランキング判定に利用,4780.0,,
5079,ノバック,スタンダード（内国株式）,建設業,自動チェック完了,月次価格取得済み,財務取得済み,irbank:2026/04,ランキング判定に利用,2434.0,,
5101,横浜ゴム,プライム（内国株式）,ゴム製品,自動チェック完了,月次価格取得済み,財務取得済み,irbank:2026/03,ランキング判定に利用,7441.0,,
5103,昭和ホールディングス,スタンダード（内国株式）,ゴム製品,自動チェック完了,月次価格取得済み,財務取得済み,irbank:2026/03,ランキング判定に利用,37.0,,
5105,ＴＯＹＯ　ＴＩＲＥ,プライム（内国株式）,ゴム製品,自動チェック完了,月次価格取得済み,財務取得済み,irbank:2026/03,ランキング判定に利用,3862.0,,
5108,ブリヂストン,プライム（内国株式）,ゴム製品,自動チェック完了,月次価格取得済み,財務取得済み,irbank:2026/03,ランキング判定に利用,3462.0,,
5110,住友ゴム工業,プライム（内国株式）,ゴム製品,補完チェック完了,月次価格取得済み,財務補完済み,completionEstimate,補完データでチャートと広域判定に利用,2175.5,,BPS、純資産、株数推定が不足
5121,藤倉コンポジット,プライム（内国株式）,ゴム製品,自動チェック完了,月次価格取得済み,財務取得済み,irbank:2026/03,ランキング判定に利用,2595.0,,
5122,オカモト,プライム（内国株式）,ゴム製品,自動チェック完了,月次価格取得済み,財務取得済み,irbank:2026/03,ランキング判定に利用,5290.0,,
5125,ファインズ,グロース（内国株式）,情報・通信業,自動チェック完了,月次価格取得済み,財務取得済み,irbank:2025/12,ランキング判定に利用,474.0,,
5126,ポーターズ,グロース（内国株式）,情報・通信業,自動チェック完了,月次価格取得済み,財務取得済み,irbank:2026/03,ランキング判定に利用,1396.0,,
5129,ＦＩＸＥＲ,グロース（内国株式）,情報・通信業,自動チェック完了,月次価格取得済み,財務取得済み,irbank:2026/02,ランキング判定に利用,253.0,,
5131,リンカーズ,グロース（内国株式）,情報・通信業,自動チェック完了,月次価格取得済み,財務取得済み,irbank:2026/04,ランキング判定に利用,139.0,,
5132,ｐｌｕｓｚｅｒｏ,グロース（内国株式）,情報・通信業,自動チェック完了,月次価格取得済み,財務取得済み,irbank:2026/04,ランキング判定に利用,1904.0,,
5133,テリロジーホールディングス,スタンダード（内国株式）,情報・通信業,自動チェック完了,月次価格取得済み,財務取得済み,irbank:2026/03,ランキング判定に利用,274.0,,
5134,ＰＯＰＥＲ,グロース（内国株式）,情報・通信業,自動チェック完了,月次価格取得済み,財務取得済み,irbank:2026/04,ランキング判定に利用,490.0,,
5136,ｔｒｉｐｌａ,グロース（内国株式）,情報・通信業,自動チェック完了,月次価格取得済み,財務取得済み,irbank:2026/04,ランキング判定に利用,1653.0,,
5137,スマートドライブ,グロース（内国株式）,情報・通信業,自動チェック完了,月次価格取得済み,財務取得済み,irbank:2026/03,ランキング判定に利用,200.0,,
5138,Ｒｅｂａｓｅ,グロース（内国株式）,情報・通信業,自動チェック完了,月次価格取得済み,財務取得済み,irbank:2026/03,ランキング判定に利用,370.0,,
5139,オープンワーク,グロース（内国株式）,情報・通信業,自動チェック完了,月次価格取得済み,財務取得済み,irbank:2026/03,ランキング判定に利用,989.0,,
5142,アキレス,プライム（内国株式）,化学,自動チェック完了,月次価格取得済み,財務取得済み,irbank:2026/03,ランキング判定に利用,1159.0,,
5161,西川ゴム工業,スタンダード（内国株式）,ゴム製品,自動チェック完了,月次価格取得済み,財務取得済み,irbank:2026/03,ランキング判定に利用,2974.0,,
5162,朝日ラバー,スタンダード（内国株式）,ゴム製品,自動チェック完了,月次価格取得済み,財務取得済み,irbank:2026/03,ランキング判定に利用,819.0,,
5184,ニチリン,スタンダード（内国株式）,ゴム製品,自動チェック完了,月次価格取得済み,財務取得済み,irbank:2026/03,ランキング判定に利用,4220.0,,
5185,フコク,プライム（内国株式）,ゴム製品,自動チェック完了,月次価格取得済み,財務取得済み,irbank:2026/03,ランキング判定に利用,1797.0,,
5186,ニッタ,プライム（内国株式）,ゴム製品,自動チェック完了,月次価格取得済み,財務取得済み,irbank:2026/03,ランキング判定に利用,6100.0,,
5187,クリエートメディック,スタンダード（内国株式）,精密機器,自動チェック完了,月次価格取得済み,財務取得済み,irbank:2026/03,ランキング判定に利用,1103.0,,
5189,櫻護謨,スタンダード（内国株式）,ゴム製品,自動チェック完了,月次価格取得済み,財務取得済み,irbank:2026/03,ランキング判定に利用,3020.0,,
5192,三ツ星ベルト,プライム（内国株式）,ゴム製品,自動チェック完了,月次価格取得済み,財務取得済み,irbank:2026/03,ランキング判定に利用,3940.0,,
5194,相模ゴム工業,スタンダード（内国株式）,ゴム製品,自動チェック完了,月次価格取得済み,財務取得済み,irbank:2026/03,ランキング判定に利用,610.0,,
5195,バンドー化学,プライム（内国株式）,ゴム製品,自動チェック完了,月次価格取得済み,財務取得済み,irbank:2026/03,ランキング判定に利用,2221.0,,
5199,不二ラテックス,スタンダード（内国株式）,ゴム製品,自動チェック完了,月次価格取得済み,財務取得済み,irbank:2026/03,ランキング判定に利用,1916.0,,
519A,ベーシック,グロース（内国株式）,情報・通信業,自動チェック完了,月次価格取得済み,財務取得済み,irbank:2026/03,ランキング判定に利用,517.0,,
5201,ＡＧＣ,プライム（内国株式）,ガラス・土石製品,補完チェック完了,月次価格取得済み,財務補完済み,completionEstimate,補完データでチャートと広域判定に利用,7146.0,,BPS、純資産、株数推定が不足
5202,日本板硝子,プライム（内国株式）,ガラス・土石製品,補完チェック完了,月次価格取得済み,財務補完済み,completionEstimate,補完データでチャートと広域判定に利用,479.0,,BPS、純資産、株数推定が不足
5204,石塚硝子,スタンダード（内国株式）,ガラス・土石製品,自動チェック完了,月次価格取得済み,財務取得済み,irbank:2026/03,ランキング判定に利用,3000.0,,
5208,有沢製作所,プライム（内国株式）,化学,自動チェック完了,月次価格取得済み,財務取得済み,irbank:2026/03,ランキング判定に利用,2582.0,,
520A,ジェイファーマ,グロース（内国株式）,医薬品,自動チェック完了,月次価格取得済み,財務取得済み,irbank:2026/03,ランキング判定に利用,296.0,,
5210,日本山村硝子,スタンダード（内国株式）,ガラス・土石製品,自動チェック完了,月次価格取得済み,財務取得済み,irbank:2026/03,ランキング判定に利用,2736.0,,
5214,日本電気硝子,プライム（内国株式）,ガラス・土石製品,自動チェック完了,月次価格取得済み,財務取得済み,irbank:2026/03,ランキング判定に利用,6470.0,,
5216,倉元製作所,スタンダード（内国株式）,ガラス・土石製品,自動チェック完了,月次価格取得済み,財務取得済み,irbank:2026/03,ランキング判定に利用,142.0,,
5218,オハラ,スタンダード（内国株式）,ガラス・土石製品,自動チェック完了,月次価格取得済み,財務取得済み,irbank:2026/04,ランキング判定に利用,1571.0,,
5232,住友大阪セメント,プライム（内国株式）,ガラス・土石製品,自動チェック完了,月次価格取得済み,財務取得済み,irbank:2026/03,ランキング判定に利用,6212.0,,
5233,太平洋セメント,プライム（内国株式）,ガラス・土石製品,自動チェック完了,月次価格取得済み,財務取得済み,irbank:2026/03,ランキング判定に利用,4087.0,,
5237,ノザワ,スタンダード（内国株式）,ガラス・土石製品,自動チェック完了,月次価格取得済み,財務取得済み,irbank:2026/03,ランキング判定に利用,1211.0,,
523A,セイワホールディングス,グロース（内国株式）,金属製品,補完チェック完了,月次価格取得済み,財務補完済み,completionEstimate,補完データでチャートと広域判定に利用,1758.0,,BPS、純資産、株数推定が不足
5240,ｍｏｎｏＡＩ　ｔｅｃｈｎｏｌｏｇｙ,グロース（内国株式）,情報・通信業,自動チェック完了,月次価格取得済み,財務取得済み,irbank:2026/03,ランキング判定に利用,116.0,,
5242,アイズ,グロース（内国株式）,情報・通信業,自動チェック完了,月次価格取得済み,財務取得済み,irbank:2026/03,ランキング判定に利用,815.0,,
5243,ｎｏｔｅ,グロース（内国株式）,情報・通信業,自動チェック完了,月次価格取得済み,財務取得済み,irbank:2026/02,ランキング判定に利用,1745.0,,
5244,ｊｉｇ．ｊｐ,グロース（内国株式）,情報・通信業,自動チェック完了,月次価格取得済み,財務取得済み,irbank:2026/03,ランキング判定に利用,167.0,,
5246,ＥＬＥＭＥＮＴＳ,グロース（内国株式）,情報・通信業,自動チェック完了,月次価格取得済み,財務取得済み,irbank:2026/02,ランキング判定に利用,575.0,,
5247,ＢＴＭ,グロース（内国株式）,情報・通信業,自動チェック完了,月次価格取得済み,財務取得済み,irbank:2026/03,ランキング判定に利用,527.0,,
5248,テクノロジーズ,グロース（内国株式）,情報・通信業,自動チェック完了,月次価格取得済み,財務取得済み,irbank:2026/04,ランキング判定に利用,479.0,,
5250,ＧＭＯプライム・ストラテジー,スタンダード（内国株式）,情報・通信業,自動チェック完了,月次価格取得済み,財務取得済み,irbank:2026/02,ランキング判定に利用,1120.0,,
5252,日本ナレッジ,グロース（内国株式）,情報・通信業,自動チェック完了,月次価格取得済み,財務取得済み,irbank:2026/03,ランキング判定に利用,749.0,,
5253,カバー,グロース（内国株式）,情報・通信業,自動チェック完了,月次価格取得済み,財務取得済み,irbank:2026/03,ランキング判定に利用,1218.0,,
5254,Ａｒｅｎｔ,グロース（内国株式）,情報・通信業,自動チェック完了,月次価格取得済み,財務取得済み,irbank:2026/03,ランキング判定に利用,3580.0,,
5255,モンスターラボ,グロース（内国株式）,情報・通信業,補完チェック完了,月次価格取得済み,財務補完済み,completionEstimate,補完データでチャートと広域判定に利用,72.0,,BPS、純資産、株数推定が不足
5256,Ｆｕｓｉｃ,グロース（内国株式）,情報・通信業,自動チェック完了,月次価格取得済み,財務取得済み,irbank:2026/03,ランキング判定に利用,2230.0,,
5257,ノバシステム,スタンダード（内国株式）,情報・通信業,自動チェック完了,月次価格取得済み,財務取得済み,irbank:2026/03,ランキング判定に利用,2461.0,,
5258,トランザクション・メディア・ネットワークス,グロース（内国株式）,情報・通信業,自動チェック完了,月次価格取得済み,財務取得済み,irbank:2026/03,ランキング判定に利用,344.0,,
5261,リソルホールディングス,プライム（内国株式）,サービス業,自動チェック完了,月次価格取得済み,財務取得済み,irbank:2026/03,ランキング判定に利用,7260.0,,
5262,日本ヒューム,プライム（内国株式）,ガラス・土石製品,自動チェック完了,月次価格取得済み,財務取得済み,irbank:2026/03,ランキング判定に利用,1013.0,,
5268,旭コンクリート工業,スタンダード（内国株式）,ガラス・土石製品,自動チェック完了,月次価格取得済み,財務取得済み,irbank:2026/03,ランキング判定に利用,818.0,,
5269,日本コンクリート工業,プライム（内国株式）,ガラス・土石製品,自動チェック完了,月次価格取得済み,財務取得済み,irbank:2026/03,ランキング判定に利用,323.0,,
5271,トーヨーアサノ,スタンダード（内国株式）,ガラス・土石製品,自動チェック完了,月次価格取得済み,財務取得済み,irbank:2026/02,ランキング判定に利用,2112.0,,
5273,三谷セキサン,スタンダード（内国株式）,ガラス・土石製品,自動チェック完了,月次価格取得済み,財務取得済み,irbank:2026/03,ランキング判定に利用,1526.0,,
5279,日本興業,スタンダード（内国株式）,ガラス・土石製品,自動チェック完了,月次価格取得済み,財務取得済み,irbank:2026/03,ランキング判定に利用,1167.0,,
5280,ヨシコン,スタンダード（内国株式）,不動産業,自動チェック完了,月次価格取得済み,財務取得済み,irbank:2026/03,ランキング判定に利用,2112.0,,
5282,ジオスター,スタンダード（内国株式）,ガラス・土石製品,自動チェック完了,月次価格取得済み,財務取得済み,irbank:2026/03,ランキング判定に利用,419.0,,
5283,高見澤,スタンダード（内国株式）,卸売業,自動チェック完了,月次価格取得済み,財務取得済み,irbank:2026/03,ランキング判定に利用,2978.0,,
5284,ヤマウホールディングス,スタンダード（内国株式）,ガラス・土石製品,自動チェック完了,月次価格取得済み,財務取得済み,irbank:2026/03,ランキング判定に利用,2205.0,,
5285,ヤマックス,スタンダード（内国株式）,ガラス・土石製品,自動チェック完了,月次価格取得済み,財務取得済み,irbank:2026/03,ランキング判定に利用,1283.0,,
5287,イトーヨーギョー,スタンダード（内国株式）,ガラス・土石製品,自動チェック完了,月次価格取得済み,財務取得済み,irbank:2026/03,ランキング判定に利用,830.0,,
5288,アジアパイルホールディングス,プライム（内国株式）,ガラス・土石製品,自動チェック完了,月次価格取得済み,財務取得済み,irbank:2026/03,ランキング判定に利用,1486.0,,
5290,ベルテクスコーポレーション,スタンダード（内国株式）,ガラス・土石製品,自動チェック完了,月次価格取得済み,財務取得済み,irbank:2026/03,ランキング判定に利用,1329.0,,
5301,東海カーボン,プライム（内国株式）,ガラス・土石製品,自動チェック完了,月次価格取得済み,財務取得済み,irbank:2026/03,ランキング判定に利用,1729.0,,
5302,日本カーボン,プライム（内国株式）,ガラス・土石製品,自動チェック完了,月次価格取得済み,財務取得済み,irbank:2026/03,ランキング判定に利用,4765.0,,
5304,ＳＥＣカーボン,スタンダード（内国株式）,ガラス・土石製品,自動チェック完了,月次価格取得済み,財務取得済み,irbank:2026/03,ランキング判定に利用,2362.0,,
5310,東洋炭素,プライム（内国株式）,ガラス・土石製品,自動チェック完了,月次価格取得済み,財務取得済み,irbank:2026/03,ランキング判定に利用,7450.0,,
5331,ノリタケ,プライム（内国株式）,ガラス・土石製品,自動チェック完了,月次価格取得済み,財務取得済み,irbank:2026/03,ランキング判定に利用,4155.0,,
5332,ＴＯＴＯ,プライム（内国株式）,ガラス・土石製品,自動チェック完了,月次価格取得済み,財務取得済み,irbank:2026/03,ランキング判定に利用,8533.0,,
5333,ＮＧＫ,プライム（内国株式）,ガラス・土石製品,自動チェック完了,月次価格取得済み,財務取得済み,irbank:2026/03,ランキング判定に利用,7509.0,,
5334,日本特殊陶業,プライム（内国株式）,ガラス・土石製品,自動チェック完了,月次価格取得済み,財務取得済み,irbank:2026/03,ランキング判定に利用,10845.0,,
5337,ダントーホールディングス,スタンダード（内国株式）,ガラス・土石製品,自動チェック完了,月次価格取得済み,財務取得済み,irbank:2026/03,ランキング判定に利用,811.0,,
5341,ＡＳＡＨＩ　ＥＩＴＯホールディングス,スタンダード（内国株式）,ガラス・土石製品,自動チェック完了,月次価格取得済み,財務取得済み,irbank:2026/02,ランキング判定に利用,176.0,,
5344,ＭＡＲＵＷＡ,プライム（内国株式）,ガラス・土石製品,自動チェック完了,月次価格取得済み,財務取得済み,irbank:2026/03,ランキング判定に利用,68570.0,,
5351,品川リフラ,プライム（内国株式）,ガラス・土石製品,自動チェック完了,月次価格取得済み,財務取得済み,irbank:2026/03,ランキング判定に利用,1906.0,,
5355,日本坩堝,スタンダード（内国株式）,ガラス・土石製品,自動チェック完了,月次価格取得済み,財務取得済み,irbank:2026/03,ランキング判定に利用,673.0,,
5356,美濃窯業,スタンダード（内国株式）,ガラス・土石製品,自動チェック完了,月次価格取得済み,財務取得済み,irbank:2026/03,ランキング判定に利用,1398.0,,
5357,ヨータイ,プライム（内国株式）,ガラス・土石製品,自動チェック完了,月次価格取得済み,財務取得済み,irbank:2026/03,ランキング判定に利用,1761.0,,
5363,東京窯業,スタンダード（内国株式）,ガラス・土石製品,自動チェック完了,月次価格取得済み,財務取得済み,irbank:2026/03,ランキング判定に利用,674.0,,
5367,ニッカトー,スタンダード（内国株式）,ガラス・土石製品,自動チェック完了,月次価格取得済み,財務取得済み,irbank:2026/03,ランキング判定に利用,1678.0,,
5368,日本インシュレーション,スタンダード（内国株式）,ガラス・土石製品,自動チェック完了,月次価格取得済み,財務取得済み,irbank:2026/03,ランキング判定に利用,919.0,,
5380,新東,スタンダード（内国株式）,ガラス・土石製品,自動チェック完了,月次価格取得済み,財務取得済み,irbank:2026/03,ランキング判定に利用,1168.0,,
5381,マイポックス,スタンダード（内国株式）,ガラス・土石製品,自動チェック完了,月次価格取得済み,財務取得済み,irbank:2026/03,ランキング判定に利用,1110.0,,
5384,フジミインコーポレーテッド,プライム（内国株式）,ガラス・土石製品,自動チェック完了,月次価格取得済み,財務取得済み,irbank:2026/03,ランキング判定に利用,4555.0,,
5388,クニミネ工業,スタンダード（内国株式）,ガラス・土石製品,自動チェック完了,月次価格取得済み,財務取得済み,irbank:2026/03,ランキング判定に利用,1251.0,,
5391,エーアンドエーマテリアル,スタンダード（内国株式）,ガラス・土石製品,自動チェック完了,月次価格取得済み,財務取得済み,irbank:2026/03,ランキング判定に利用,1421.0,,
5393,ニチアス,プライム（内国株式）,ガラス・土石製品,自動チェック完了,月次価格取得済み,財務取得済み,irbank:2026/03,ランキング判定に利用,3995.0,,
5401,日本製鉄,プライム（内国株式）,鉄鋼,自動チェック完了,月次価格取得済み,財務取得済み,irbank:2026/03,ランキング判定に利用,543.3,,
5406,神戸製鋼所,プライム（内国株式）,鉄鋼,自動チェック完了,月次価格取得済み,財務取得済み,irbank:2026/03,ランキング判定に利用,1876.0,,
5408,中山製鋼所,プライム（内国株式）,鉄鋼,自動チェック完了,月次価格取得済み,財務取得済み,irbank:2026/03,ランキング判定に利用,604.0,,
5410,合同製鐵,プライム（内国株式）,鉄鋼,自動チェック完了,月次価格取得済み,財務取得済み,irbank:2026/03,ランキング判定に利用,2592.0,,
5411,ＪＦＥホールディングス,プライム（内国株式）,鉄鋼,自動チェック完了,月次価格取得済み,財務取得済み,irbank:2026/03,ランキング判定に利用,1547.5,,
5423,東京製鐵,プライム（内国株式）,鉄鋼,自動チェック完了,月次価格取得済み,財務取得済み,irbank:2026/03,ランキング判定に利用,1679.0,,
542A,ビタブリッドジャパン,グロース（内国株式）,化学,財務のみ完了,価格取得不可,財務取得済み,irbank:2026/02,価格が取れたらランキング判定,,,
543A,ＡＲＣＨＩＯＮ,プライム（内国株式）,輸送用機器,自動チェック完了,月次価格取得済み,財務取得済み,promotionDraft,ランキング判定に利用,278.0,,BPS、純資産、株数推定が不足
5440,共英製鋼,プライム（内国株式）,鉄鋼,自動チェック完了,月次価格取得済み,財務取得済み,irbank:2026/03,ランキング判定に利用,1740.0,,
5444,大和工業,プライム（内国株式）,鉄鋼,自動チェック完了,月次価格取得済み,財務取得済み,irbank:2026/03,ランキング判定に利用,12150.0,,
5445,東京鐵鋼,プライム（内国株式）,鉄鋼,自動チェック完了,月次価格取得済み,財務取得済み,irbank:2026/03,ランキング判定に利用,1823.0,,
5446,北越メタル,スタンダード（内国株式）,鉄鋼,自動チェック完了,月次価格取得済み,財務取得済み,irbank:2026/03,ランキング判定に利用,1140.0,,
5449,大阪製鐵,スタンダード（内国株式）,鉄鋼,自動チェック完了,月次価格取得済み,財務取得済み,irbank:2026/03,ランキング判定に利用,2291.0,,
544A,ＧＭＳグループ,プライム（内国株式）,機械,取得不可で自動除外,価格取得不可,財務取得不可,unavailable,自動除外。通知しない,,,BPS、純資産、株数推定が不足
5451,ヨドコウ,プライム（内国株式）,鉄鋼,自動チェック完了,月次価格取得済み,財務取得済み,irbank:2026/03,ランキング判定に利用,1293.0,,
5458,高砂鐵工,スタンダード（内国株式）,鉄鋼,自動チェック完了,月次価格取得済み,財務取得済み,irbank:2026/03,ランキング判定に利用,1240.0,,
545A,トランヴィア,プライム（内国株式）,情報・通信業,取得不可で自動除外,価格取得不可,財務取得不可,unavailable,自動除外。通知しない,,,BPS、純資産、株数推定が不足
5461,中部鋼鈑,プライム（内国株式）,鉄鋼,自動チェック完了,月次価格取得済み,財務取得済み,irbank:2026/03,ランキング判定に利用,1950.0,,
5463,丸一鋼管,プライム（内国株式）,鉄鋼,自動チェック完了,月次価格取得済み,財務取得済み,irbank:2026/03,ランキング判定に利用,1710.0,,
5464,モリ工業,スタンダード（内国株式）,鉄鋼,自動チェック完了,月次価格取得済み,財務取得済み,irbank:2026/03,ランキング判定に利用,933.0,,
546A,ＭＩＲＡＩＮＩホールディングス,プライム（内国株式）,卸売業,取得不可で自動除外,価格取得不可,財務取得不可,unavailable,自動除外。通知しない,,,BPS、純資産、株数推定が不足
5471,大同特殊鋼,プライム（内国株式）,鉄鋼,自動チェック完了,月次価格取得済み,財務取得済み,irbank:2026/03,ランキング判定に利用,2913.0,,
547A,ムニノバホールディングス,プライム（内国株式）,その他金融業,補完チェック完了,月次価格取得済み,財務補完済み,completionEstimate,補完データでチャートと広域判定に利用,433.0,,BPS、純資産、株数推定が不足
5480,日本冶金工業,プライム（内国株式）,鉄鋼,自動チェック完了,月次価格取得済み,財務取得済み,irbank:2026/03,ランキング判定に利用,4715.0,,
5482,愛知製鋼,プライム（内国株式）,鉄鋼,自動チェック完了,月次価格取得済み,財務取得済み,irbank:2026/03,ランキング判定に利用,3045.0,,
5484,東北特殊鋼,スタンダード（内国株式）,鉄鋼,自動チェック完了,月次価格取得済み,財務取得済み,irbank:2026/03,ランキング判定に利用,4455.0,,
548A,システムエグゼ,スタンダード（内国株式）,情報・通信業,財務のみ完了,価格取得不可,財務取得済み,irbank:2026/03,価格が取れたらランキング判定,,,
5491,日本金属,スタンダード（内国株式）,鉄鋼,自動チェック完了,月次価格取得済み,財務取得済み,irbank:2026/03,ランキング判定に利用,862.0,,
549A,ヒトトヒトホールディングス,スタンダード（内国株式）,サービス業,取得不可で自動除外,価格取得不可,財務取得不可,unavailable,自動除外。通知しない,,,BPS、純資産、株数推定が不足
550A,ソフトテックス,スタンダード（内国株式）,情報・通信業,財務のみ完了,価格取得不可,財務取得済み,irbank:2026/03,価格が取れたらランキング判定,,,
5527,ｐｒｏｐｅｒｔｙ　ｔｅｃｈｎｏｌｏｇｉｅｓ,グロース（内国株式）,不動産業,自動チェック完了,月次価格取得済み,財務取得済み,irbank:2026/02,ランキング判定に利用,632.0,,
5532,リアルゲイト,グロース（内国株式）,不動産業,自動チェック完了,月次価格取得済み,財務取得済み,irbank:2026/03,ランキング判定に利用,3180.0,,
5533,エリッツホールディングス,スタンダード（内国株式）,不動産業,自動チェック完了,月次価格取得済み,財務取得済み,irbank:2026/03,ランキング判定に利用,1887.0,,
5535,ミガロホールディングス,プライム（内国株式）,不動産業,自動チェック完了,月次価格取得済み,財務取得済み,irbank:2026/03,ランキング判定に利用,246.0,,
5537,ＡｌｂａＬｉｎｋ,グロース（内国株式）,不動産業,自動チェック完了,月次価格取得済み,財務取得済み,irbank:2026/03,ランキング判定に利用,2643.0,,
5541,大平洋金属,プライム（内国株式）,鉄鋼,自動チェック完了,月次価格取得済み,財務取得済み,irbank:2026/03,ランキング判定に利用,2150.0,,
5542,新報国マテリアル,スタンダード（内国株式）,鉄鋼,自動チェック完了,月次価格取得済み,財務取得済み,irbank:2026/03,ランキング判定に利用,824.0,,
554A,バトンズ,グロース（内国株式）,情報・通信業,財務のみ完了,価格取得不可,財務取得済み,irbank:2026/03,価格が取れたらランキング判定,,,
5563,新日本電工,プライム（内国株式）,鉄鋼,自動チェック完了,月次価格取得済み,財務取得済み,irbank:2026/03,ランキング判定に利用,461.0,,
556A,犬猫生活,グロース（内国株式）,小売業,財務のみ完了,価格取得不可,財務取得済み,irbank:2026/04,価格が取れたらランキング判定,,,
5570,ジェノバ,グロース（内国株式）,情報・通信業,自動チェック完了,月次価格取得済み,財務取得済み,irbank:2026/03,ランキング判定に利用,602.0,,
5571,エキサイトホールディングス,スタンダード（内国株式）,情報・通信業,自動チェック完了,月次価格取得済み,財務取得済み,irbank:2026/03,ランキング判定に利用,1000.0,,
5572,Ｒｉｄｇｅ－ｉ,グロース（内国株式）,情報・通信業,自動チェック完了,月次価格取得済み,財務取得済み,irbank:2026/04,ランキング判定に利用,2483.0,,
5574,ＡＢＥＪＡ,グロース（内国株式）,情報・通信業,自動チェック完了,月次価格取得済み,財務取得済み,irbank:2026/02,ランキング判定に利用,2072.0,,
5575,Ｇｌｏｂｅｅ,グロース（内国株式）,情報・通信業,自動チェック完了,月次価格取得済み,財務取得済み,irbank:2026/02,ランキング判定に利用,600.0,,
5576,オービーシステム,スタンダード（内国株式）,情報・通信業,自動チェック完了,月次価格取得済み,財務取得済み,irbank:2026/03,ランキング判定に利用,2858.0,,
5578,ＡＲアドバンストテクノロジ,グロース（内国株式）,情報・通信業,自動チェック完了,月次価格取得済み,財務取得済み,irbank:2026/02,ランキング判定に利用,824.0,,
5580,プロディライト,グロース（内国株式）,情報・通信業,自動チェック完了,月次価格取得済み,財務取得済み,irbank:2026/02,ランキング判定に利用,1461.0,,
5582,グリッド,グロース（内国株式）,情報・通信業,自動チェック完了,月次価格取得済み,財務取得済み,irbank:2026/03,ランキング判定に利用,1776.0,,
5586,Ｌａｂｏｒｏ．ＡＩ,グロース（内国株式）,情報・通信業,自動チェック完了,月次価格取得済み,財務取得済み,irbank:2026/03,ランキング判定に利用,780.0,,
5587,インバウンドプラットフォーム,グロース（内国株式）,情報・通信業,自動チェック完了,月次価格取得済み,財務取得済み,irbank:2026/03,ランキング判定に利用,745.0,,
5588,ファーストアカウンティング,グロース（内国株式）,情報・通信業,自動チェック完了,月次価格取得済み,財務取得済み,irbank:2026/03,ランキング判定に利用,690.0,,
5589,オートサーバー,スタンダード（内国株式）,情報・通信業,自動チェック完了,月次価格取得済み,財務取得済み,irbank:2026/03,ランキング判定に利用,2704.0,,
558A,ＳＱＵＥＥＺＥ,グロース（内国株式）,サービス業,財務のみ完了,価格取得不可,財務取得済み,irbank:2026/03,価格が取れたらランキング判定,,,
5590,ネットスターズ,グロース（内国株式）,情報・通信業,自動チェック完了,月次価格取得済み,財務取得済み,irbank:2026/03,ランキング判定に利用,646.0,,
5591,ＡＶＩＬＥＮ,グロース（内国株式）,情報・通信業,自動チェック完了,月次価格取得済み,財務取得済み,irbank:2026/03,ランキング判定に利用,700.0,,
5592,くすりの窓口,グロース（内国株式）,情報・通信業,自動チェック完了,月次価格取得済み,財務取得済み,irbank:2026/03,ランキング判定に利用,2104.0,,
5597,ブルーイノベーション,グロース（内国株式）,情報・通信業,自動チェック完了,月次価格取得済み,財務取得済み,irbank:2026/03,ランキング判定に利用,1301.0,,
5599,Ｓ＆Ｊ,グロース（内国株式）,情報・通信業,自動チェック完了,月次価格取得済み,財務取得済み,irbank:2026/03,ランキング判定に利用,973.0,,
559A,梅乃宿酒造,スタンダード（内国株式）,食料品,財務のみ完了,価格取得不可,財務取得済み,irbank:2026/03,価格が取れたらランキング判定,,,
5602,栗本鐵工所,プライム（内国株式）,鉄鋼,自動チェック完了,月次価格取得済み,財務取得済み,irbank:2026/03,ランキング判定に利用,1398.0,,
5603,虹技,スタンダード（内国株式）,鉄鋼,自動チェック完了,月次価格取得済み,財務取得済み,irbank:2026/03,ランキング判定に利用,1247.0,,
5609,日本鋳造,スタンダード（内国株式）,鉄鋼,自動チェック完了,月次価格取得済み,財務取得済み,irbank:2026/03,ランキング判定に利用,891.0,,
5612,日本鋳鉄管,スタンダード（内国株式）,鉄鋼,自動チェック完了,月次価格取得済み,財務取得済み,irbank:2026/03,ランキング判定に利用,1555.0,,
5616,雨風太陽,グロース（内国株式）,情報・通信業,自動チェック完了,月次価格取得済み,財務取得済み,irbank:2026/03,ランキング判定に利用,607.0,,
5618,ナイル,グロース（内国株式）,情報・通信業,自動チェック完了,月次価格取得済み,財務取得済み,irbank:2026/03,ランキング判定に利用,288.0,,
5619,マーソ,グロース（内国株式）,情報・通信業,自動チェック完了,月次価格取得済み,財務取得済み,irbank:2026/03,ランキング判定に利用,794.0,,
5621,ヒューマンテクノロジーズ,グロース（内国株式）,情報・通信業,自動チェック完了,月次価格取得済み,財務取得済み,irbank:2026/03,ランキング判定に利用,1327.0,,
5631,日本製鋼所,プライム（内国株式）,機械,自動チェック完了,月次価格取得済み,財務取得済み,irbank:2026/03,ランキング判定に利用,7724.0,,
5632,三菱製鋼,プライム（内国株式）,鉄鋼,自動チェック完了,月次価格取得済み,財務取得済み,irbank:2026/03,ランキング判定に利用,2177.0,,
5644,メタルアート,スタンダード（内国株式）,鉄鋼,自動チェック完了,月次価格取得済み,財務取得済み,irbank:2026/03,ランキング判定に利用,7600.0,,
5658,日亜鋼業,スタンダード（内国株式）,鉄鋼,自動チェック完了,月次価格取得済み,財務取得済み,irbank:2026/03,ランキング判定に利用,346.0,,
5659,日本精線,プライム（内国株式）,鉄鋼,自動チェック完了,月次価格取得済み,財務取得済み,irbank:2026/03,ランキング判定に利用,1431.0,,
5660,神鋼鋼線工業,スタンダード（内国株式）,鉄鋼,自動チェック完了,月次価格取得済み,財務取得済み,irbank:2026/03,ランキング判定に利用,1752.0,,
5695,パウダーテック,スタンダード（内国株式）,鉄鋼,自動チェック完了,月次価格取得済み,財務取得済み,irbank:2026/03,ランキング判定に利用,3240.0,,
5697,サンユウ,スタンダード（内国株式）,鉄鋼,自動チェック完了,月次価格取得済み,財務取得済み,irbank:2026/03,ランキング判定に利用,696.0,,
5698,エンビプロ・ホールディングス,スタンダード（内国株式）,鉄鋼,自動チェック完了,月次価格取得済み,財務取得済み,irbank:2026/03,ランキング判定に利用,831.0,,
5699,イボキン,スタンダード（内国株式）,鉄鋼,自動チェック完了,月次価格取得済み,財務取得済み,irbank:2026/03,ランキング判定に利用,1445.0,,
5702,大紀アルミニウム工業所,プライム（内国株式）,非鉄金属,自動チェック完了,月次価格取得済み,財務取得済み,irbank:2026/03,ランキング判定に利用,1511.0,,
5703,日本軽金属ホールディングス,プライム（内国株式）,非鉄金属,自動チェック完了,月次価格取得済み,財務取得済み,irbank:2026/03,ランキング判定に利用,2819.0,,
5704,ＪＭＣ,グロース（内国株式）,非鉄金属,自動チェック完了,月次価格取得済み,財務取得済み,irbank:2026/03,ランキング判定に利用,385.0,,
5706,三井金属,プライム（内国株式）,非鉄金属,自動チェック完了,月次価格取得済み,財務取得済み,irbank:2026/03,ランキング判定に利用,42390.0,,
5707,東邦亜鉛,プライム（内国株式）,非鉄金属,自動チェック完了,月次価格取得済み,財務取得済み,irbank:2026/03,ランキング判定に利用,799.0,,
5711,三菱マテリアル,プライム（内国株式）,非鉄金属,自動チェック完了,月次価格取得済み,財務取得済み,irbank:2026/03,ランキング判定に利用,4363.0,,
5713,住友金属鉱山,プライム（内国株式）,非鉄金属,自動チェック完了,月次価格取得済み,財務取得済み,irbank:2026/03,ランキング判定に利用,7635.0,,
5714,ＤＯＷＡホールディングス,プライム（内国株式）,非鉄金属,自動チェック完了,月次価格取得済み,財務取得済み,irbank:2026/03,ランキング判定に利用,8744.0,,
5715,古河機械金属,プライム（内国株式）,非鉄金属,自動チェック完了,月次価格取得済み,財務取得済み,irbank:2026/03,ランキング判定に利用,3630.0,,
5721,エスクリプトエナジー,スタンダード（内国株式）,非鉄金属,自動チェック完了,月次価格取得済み,財務取得済み,irbank:2026/03,ランキング判定に利用,70.0,,
5724,アサカ理研,スタンダード（内国株式）,非鉄金属,自動チェック完了,月次価格取得済み,財務取得済み,irbank:2026/03,ランキング判定に利用,2395.0,,
5726,大阪チタニウムテクノロジーズ,プライム（内国株式）,非鉄金属,自動チェック完了,月次価格取得済み,財務取得済み,irbank:2026/03,ランキング判定に利用,2673.0,,
5729,日本精鉱,スタンダード（内国株式）,非鉄金属,自動チェック完了,月次価格取得済み,財務取得済み,irbank:2026/03,ランキング判定に利用,1414.0,,
5741,ＵＡＣＪ,プライム（内国株式）,非鉄金属,自動チェック完了,月次価格取得済み,財務取得済み,irbank:2026/03,ランキング判定に利用,2494.0,,
5742,エヌアイシ・オートテック,スタンダード（内国株式）,非鉄金属,自動チェック完了,月次価格取得済み,財務取得済み,irbank:2026/03,ランキング判定に利用,693.0,,
5753,日本伸銅,スタンダード（内国株式）,非鉄金属,自動チェック完了,月次価格取得済み,財務取得済み,irbank:2026/03,ランキング判定に利用,2330.0,,
5757,ＣＫサンエツ,プライム（内国株式）,非鉄金属,自動チェック完了,月次価格取得済み,財務取得済み,irbank:2026/03,ランキング判定に利用,5290.0,,
5801,古河電気工業,プライム（内国株式）,非鉄金属,自動チェック完了,月次価格取得済み,財務取得済み,irbank:2026/03,ランキング判定に利用,45280.0,,
5802,住友電気工業,プライム（内国株式）,非鉄金属,自動チェック完了,月次価格取得済み,財務取得済み,irbank:2026/03,ランキング判定に利用,11935.0,,
5803,フジクラ,プライム（内国株式）,非鉄金属,自動チェック完了,月次価格取得済み,財務取得済み,irbank:2026/03,ランキング判定に利用,6131.0,,
5805,ＳＷＣＣ,プライム（内国株式）,非鉄金属,自動チェック完了,月次価格取得済み,財務取得済み,irbank:2026/03,ランキング判定に利用,13480.0,,
5816,オーナンバ,スタンダード（内国株式）,非鉄金属,自動チェック完了,月次価格取得済み,財務取得済み,irbank:2026/03,ランキング判定に利用,1721.0,,
5817,ＪＭＡＣＳ,スタンダード（内国株式）,非鉄金属,自動チェック完了,月次価格取得済み,財務取得済み,irbank:2026/02,ランキング判定に利用,922.0,,
5819,カナレ電気,スタンダード（内国株式）,非鉄金属,自動チェック完了,月次価格取得済み,財務取得済み,irbank:2026/03,ランキング判定に利用,1792.0,,
5820,三ッ星,スタンダード（内国株式）,非鉄金属,自動チェック完了,月次価格取得済み,財務取得済み,irbank:2026/03,ランキング判定に利用,753.0,,
5821,平河ヒューテック,プライム（内国株式）,非鉄金属,自動チェック完了,月次価格取得済み,財務取得済み,irbank:2026/03,ランキング判定に利用,3685.0,,
5830,いよぎんホールディングス,プライム（内国株式）,銀行業,自動チェック完了,月次価格取得済み,財務取得済み,irbank:2026/03,ランキング判定に利用,3181.0,,
5831,しずおかフィナンシャルグループ,プライム（内国株式）,銀行業,自動チェック完了,月次価格取得済み,財務取得済み,irbank:2026/03,ランキング判定に利用,3032.0,,
5832,ちゅうぎんフィナンシャルグループ,プライム（内国株式）,銀行業,自動チェック完了,月次価格取得済み,財務取得済み,irbank:2026/03,ランキング判定に利用,3090.0,,
5834,ＳＢＩリーシングサービス,グロース（内国株式）,証券、商品先物取引業,自動チェック完了,月次価格取得済み,財務取得済み,irbank:2026/03,ランキング判定に利用,2632.0,,
5838,楽天銀行,プライム（内国株式）,銀行業,自動チェック完了,月次価格取得済み,財務取得済み,irbank:2026/03,ランキング判定に利用,5039.0,,
5842,インテグラル,グロース（内国株式）,証券、商品先物取引業,補完チェック完了,月次価格取得済み,財務補完済み,completionEstimate,補完データでチャートと広域判定に利用,2814.0,,BPS、純資産、株数推定が不足
5843,ニッポンインシュア,スタンダード（内国株式）,その他金融業,自動チェック完了,月次価格取得済み,財務取得済み,irbank:2026/03,ランキング判定に利用,2155.0,,
5844,京都フィナンシャルグループ,プライム（内国株式）,銀行業,自動チェック完了,月次価格取得済み,財務取得済み,irbank:2026/03,ランキング判定に利用,4477.0,,
5845,全保連,スタンダード（内国株式）,その他金融業,自動チェック完了,月次価格取得済み,財務取得済み,irbank:2026/03,ランキング判定に利用,996.0,,
5851,リョービ,プライム（内国株式）,非鉄金属,自動チェック完了,月次価格取得済み,財務取得済み,irbank:2026/03,ランキング判定に利用,2736.0,,
5852,アーレスティ,プライム（内国株式）,非鉄金属,自動チェック完了,月次価格取得済み,財務取得済み,irbank:2026/03,ランキング判定に利用,695.0,,
5856,エルアイイーエイチ,スタンダード（内国株式）,小売業,自動チェック完了,月次価格取得済み,財務取得済み,irbank:2025/09,ランキング判定に利用,1.0,,
5857,ＡＲＥホールディングス,プライム（内国株式）,非鉄金属,補完チェック完了,月次価格取得済み,財務補完済み,completionEstimate,補完データでチャートと広域判定に利用,2915.0,,BPS、純資産、株数推定が不足
5858,ＳＴＧ,グロース（内国株式）,非鉄金属,自動チェック完了,月次価格取得済み,財務取得済み,irbank:2026/03,ランキング判定に利用,1268.0,,
5867,エスネットワークス,グロース（内国株式）,サービス業,自動チェック完了,月次価格取得済み,財務取得済み,irbank:2026/03,ランキング判定に利用,1121.0,,
5868,ロココ,スタンダード（内国株式）,サービス業,自動チェック完了,月次価格取得済み,財務取得済み,irbank:2026/03,ランキング判定に利用,995.0,,
5869,早稲田学習研究会,スタンダード（内国株式）,サービス業,自動チェック完了,月次価格取得済み,財務取得済み,irbank:2026/03,ランキング判定に利用,1185.0,,
5870,ナルネットコミュニケーションズ,グロース（内国株式）,サービス業,自動チェック完了,月次価格取得済み,財務取得済み,irbank:2026/03,ランキング判定に利用,722.0,,
5871,ＳＯＬＩＺＥ　Ｈｏｌｄｉｎｇｓ,スタンダード（内国株式）,サービス業,自動チェック完了,月次価格取得済み,財務取得済み,irbank:2026/03,ランキング判定に利用,1292.0,,
5884,クラダシ,グロース（内国株式）,小売業,自動チェック完了,月次価格取得済み,財務取得済み,irbank:2026/03,ランキング判定に利用,561.0,,
5885,ジーデップ・アドバンス,スタンダード（内国株式）,卸売業,自動チェック完了,月次価格取得済み,財務取得済み,irbank:2026/02,ランキング判定に利用,2793.0,,
5888,ＤＡＩＷＡ　ＣＹＣＬＥ,グロース（内国株式）,小売業,自動チェック完了,月次価格取得済み,財務取得済み,irbank:2026/04,ランキング判定に利用,2993.0,,
5889,Ｊａｐａｎ　Ｅｙｅｗｅａｒ　Ｈｏｌｄｉｎｇｓ,プライム（内国株式）,小売業,補完チェック完了,月次価格取得済み,財務補完済み,completionEstimate,補完データでチャートと広域判定に利用,2189.0,,BPS、純資産、株数推定が不足
5891,魁力屋,スタンダード（内国株式）,小売業,自動チェック完了,月次価格取得済み,財務取得済み,irbank:2026/03,ランキング判定に利用,1684.0,,
5892,ｙｕｔｏｒｉ,グロース（内国株式）,小売業,自動チェック完了,月次価格取得済み,財務取得済み,irbank:2026/03,ランキング判定に利用,1978.0,,
5900,ダイケン,スタンダード（内国株式）,金属製品,自動チェック完了,月次価格取得済み,財務取得済み,irbank:2026/02,ランキング判定に利用,844.0,,
5901,東洋製罐グループホールディングス,プライム（内国株式）,金属製品,自動チェック完了,月次価格取得済み,財務取得済み,irbank:2026/03,ランキング判定に利用,4167.0,,
5902,ホッカンホールディングス,プライム（内国株式）,金属製品,自動チェック完了,月次価格取得済み,財務取得済み,irbank:2026/03,ランキング判定に利用,2343.0,,
5903,シンポ,スタンダード（内国株式）,金属製品,自動チェック完了,月次価格取得済み,財務取得済み,irbank:2026/03,ランキング判定に利用,1680.0,,
5905,日本製罐,スタンダード（内国株式）,金属製品,自動チェック完了,月次価格取得済み,財務取得済み,irbank:2026/03,ランキング判定に利用,1339.0,,
5906,エムケー精工,スタンダード（内国株式）,金属製品,自動チェック完了,月次価格取得済み,財務取得済み,irbank:2026/03,ランキング判定に利用,784.0,,
5909,コロナ,スタンダード（内国株式）,金属製品,自動チェック完了,月次価格取得済み,財務取得済み,irbank:2026/03,ランキング判定に利用,965.0,,
5911,横河ブリッジホールディングス,プライム（内国株式）,金属製品,自動チェック完了,月次価格取得済み,財務取得済み,irbank:2026/03,ランキング判定に利用,2814.0,,
5915,駒井ハルテック,スタンダード（内国株式）,金属製品,自動チェック完了,月次価格取得済み,財務取得済み,irbank:2026/03,ランキング判定に利用,2340.0,,
5918,瀧上工業,スタンダード（内国株式）,金属製品,自動チェック完了,月次価格取得済み,財務取得済み,irbank:2026/03,ランキング判定に利用,7070.0,,
5921,川岸工業,スタンダード（内国株式）,金属製品,自動チェック完了,月次価格取得済み,財務取得済み,irbank:2026/03,ランキング判定に利用,3930.0,,
5922,那須電機鉄工,スタンダード（内国株式）,金属製品,自動チェック完了,月次価格取得済み,財務取得済み,irbank:2026/03,ランキング判定に利用,17560.0,,
5923,高田機工,スタンダード（内国株式）,金属製品,自動チェック完了,月次価格取得済み,財務取得済み,irbank:2026/03,ランキング判定に利用,1102.0,,
5928,アルメタックス,スタンダード（内国株式）,金属製品,自動チェック完了,月次価格取得済み,財務取得済み,irbank:2026/03,ランキング判定に利用,270.0,,
5929,三和ホールディングス,プライム（内国株式）,金属製品,自動チェック完了,月次価格取得済み,財務取得済み,irbank:2026/03,ランキング判定に利用,3729.0,,
5930,文化シヤッター,プライム（内国株式）,金属製品,自動チェック完了,月次価格取得済み,財務取得済み,irbank:2026/03,ランキング判定に利用,1911.0,,
5932,三協立山,プライム（内国株式）,金属製品,自動チェック完了,月次価格取得済み,財務取得済み,irbank:2026/02,ランキング判定に利用,619.0,,
5933,アルインコ,プライム（内国株式）,金属製品,自動チェック完了,月次価格取得済み,財務取得済み,irbank:2026/03,ランキング判定に利用,1051.0,,
5936,東洋シヤッター,スタンダード（内国株式）,金属製品,自動チェック完了,月次価格取得済み,財務取得済み,irbank:2026/03,ランキング判定に利用,890.0,,
5938,ＬＩＸＩＬ,プライム（内国株式）,金属製品,補完チェック完了,月次価格取得済み,財務補完済み,completionEstimate,補完データでチャートと広域判定に利用,1771.0,,BPS、純資産、株数推定が不足
5939,大谷工業,スタンダード（内国株式）,金属製品,自動チェック完了,月次価格取得済み,財務取得済み,confirmed,ランキング判定に利用,4970.0,,
5940,不二サッシ,スタンダード（内国株式）,金属製品,自動チェック完了,月次価格取得済み,財務取得済み,irbank:2026/03,ランキング判定に利用,702.0,,
5941,中西製作所,スタンダード（内国株式）,金属製品,自動チェック完了,月次価格取得済み,財務取得済み,irbank:2026/03,ランキング判定に利用,2500.0,,
5942,日本フイルコン,スタンダード（内国株式）,金属製品,自動チェック完了,月次価格取得済み,財務取得済み,irbank:2026/02,ランキング判定に利用,599.0,,
5943,ノーリツ,プライム（内国株式）,金属製品,自動チェック完了,月次価格取得済み,財務取得済み,irbank:2026/03,ランキング判定に利用,2363.0,,
5945,天龍製鋸,スタンダード（内国株式）,金属製品,自動チェック完了,月次価格取得済み,財務取得済み,irbank:2026/03,ランキング判定に利用,2500.0,,
5946,長府製作所,プライム（内国株式）,金属製品,自動チェック完了,月次価格取得済み,財務取得済み,irbank:2026/03,ランキング判定に利用,2019.0,,
5947,リンナイ,プライム（内国株式）,金属製品,自動チェック完了,月次価格取得済み,財務取得済み,irbank:2026/03,ランキング判定に利用,3588.0,,
5949,ユニプレス,プライム（内国株式）,輸送用機器,自動チェック完了,月次価格取得済み,財務取得済み,irbank:2026/03,ランキング判定に利用,1220.0,,
5950,日本パワーファスニング,スタンダード（内国株式）,金属製品,自動チェック完了,月次価格取得済み,財務取得済み,irbank:2026/03,ランキング判定に利用,142.0,,
5951,ダイニチ工業,スタンダード（内国株式）,金属製品,自動チェック完了,月次価格取得済み,財務取得済み,irbank:2026/03,ランキング判定に利用,1192.0,,
5952,アマテイ,スタンダード（内国株式）,金属製品,自動チェック完了,月次価格取得済み,財務取得済み,irbank:2026/03,ランキング判定に利用,178.0,,
5955,ワイズホールディングス,スタンダード（内国株式）,金属製品,自動チェック完了,月次価格取得済み,財務取得済み,irbank:2026/03,ランキング判定に利用,77.0,,
5956,トーソー,スタンダード（内国株式）,金属製品,自動チェック完了,月次価格取得済み,財務取得済み,irbank:2026/03,ランキング判定に利用,559.0,,
5957,日東精工,プライム（内国株式）,金属製品,自動チェック完了,月次価格取得済み,財務取得済み,irbank:2026/03,ランキング判定に利用,791.0,,
5958,三洋工業,スタンダード（内国株式）,金属製品,自動チェック完了,月次価格取得済み,財務取得済み,irbank:2026/03,ランキング判定に利用,4370.0,,
5959,岡部,プライム（内国株式）,金属製品,自動チェック完了,月次価格取得済み,財務取得済み,irbank:2026/03,ランキング判定に利用,915.0,,
5962,浅香工業,スタンダード（内国株式）,その他製品,自動チェック完了,月次価格取得済み,財務取得済み,irbank:2026/03,ランキング判定に利用,1884.0,,
5965,フジマック,スタンダード（内国株式）,金属製品,自動チェック完了,月次価格取得済み,財務取得済み,irbank:2026/03,ランキング判定に利用,1147.0,,
5966,京都機械工具,スタンダード（内国株式）,金属製品,自動チェック完了,月次価格取得済み,財務取得済み,irbank:2026/03,ランキング判定に利用,2540.0,,
5967,ＴＯＮＥ,スタンダード（内国株式）,金属製品,自動チェック完了,月次価格取得済み,財務取得済み,irbank:2026/02,ランキング判定に利用,424.0,,
5969,ロブテックス,スタンダード（内国株式）,金属製品,自動チェック完了,月次価格取得済み,財務取得済み,irbank:2026/03,ランキング判定に利用,1180.0,,
5970,ジーテクト,プライム（内国株式）,金属製品,自動チェック完了,月次価格取得済み,財務取得済み,irbank:2026/03,ランキング判定に利用,2054.0,,
5971,共和工業所,スタンダード（内国株式）,金属製品,自動チェック完了,月次価格取得済み,財務取得済み,irbank:2026/04,ランキング判定に利用,8080.0,,
5973,トーアミ,スタンダード（内国株式）,金属製品,自動チェック完了,月次価格取得済み,財務取得済み,irbank:2026/03,ランキング判定に利用,607.0,,
5974,中国工業,スタンダード（内国株式）,金属製品,自動チェック完了,月次価格取得済み,財務取得済み,irbank:2026/03,ランキング判定に利用,870.0,,
5975,東プレ,プライム（内国株式）,金属製品,自動チェック完了,月次価格取得済み,財務取得済み,irbank:2026/03,ランキング判定に利用,2703.0,,
5976,高周波熱錬,プライム（内国株式）,金属製品,自動チェック完了,月次価格取得済み,財務取得済み,irbank:2026/03,ランキング判定に利用,1279.0,,
5981,東京製綱,プライム（内国株式）,金属製品,自動チェック完了,月次価格取得済み,財務取得済み,irbank:2026/03,ランキング判定に利用,1944.0,,
5982,マルゼン,スタンダード（内国株式）,金属製品,自動チェック完了,月次価格取得済み,財務取得済み,irbank:2026/02,ランキング判定に利用,3800.0,,
5983,イワブチ,スタンダード（内国株式）,金属製品,自動チェック完了,月次価格取得済み,財務取得済み,irbank:2026/03,ランキング判定に利用,13690.0,,
5984,兼房,スタンダード（内国株式）,金属製品,自動チェック完了,月次価格取得済み,財務取得済み,irbank:2026/03,ランキング判定に利用,712.0,,
5985,サンコール,スタンダード（内国株式）,金属製品,自動チェック完了,月次価格取得済み,財務取得済み,irbank:2026/03,ランキング判定に利用,1800.0,,
5986,モリテック　スチール,スタンダード（内国株式）,金属製品,自動チェック完了,月次価格取得済み,財務取得済み,irbank:2026/03,ランキング判定に利用,227.0,,
5987,オーネックス,スタンダード（内国株式）,金属製品,自動チェック完了,月次価格取得済み,財務取得済み,irbank:2026/03,ランキング判定に利用,1860.0,,
5988,パイオラックス,プライム（内国株式）,金属製品,自動チェック完了,月次価格取得済み,財務取得済み,irbank:2026/03,ランキング判定に利用,1559.0,,
5989,エイチワン,プライム（内国株式）,金属製品,自動チェック完了,月次価格取得済み,財務取得済み,promotionDraft,ランキング判定に利用,1464.0,,BPS、純資産、株数推定が不足
5990,スーパーツール,スタンダード（内国株式）,金属製品,自動チェック完了,月次価格取得済み,財務取得済み,irbank:2026/03,ランキング判定に利用,1978.0,,
5991,日本発條,プライム（内国株式）,金属製品,自動チェック完了,月次価格取得済み,財務取得済み,irbank:2026/03,ランキング判定に利用,3974.0,,
5992,中央発條,スタンダード（内国株式）,金属製品,自動チェック完了,月次価格取得済み,財務取得済み,irbank:2026/03,ランキング判定に利用,3885.0,,
5994,ファインシンター,スタンダード（内国株式）,金属製品,自動チェック完了,月次価格取得済み,財務取得済み,irbank:2026/03,ランキング判定に利用,936.0,,
5997,協立エアテック,スタンダード（内国株式）,金属製品,自動チェック完了,月次価格取得済み,財務取得済み,irbank:2026/03,ランキング判定に利用,873.0,,
5998,アドバネクス,スタンダード（内国株式）,金属製品,自動チェック完了,月次価格取得済み,財務取得済み,irbank:2026/03,ランキング判定に利用,3050.0,,
6005,三浦工業,プライム（内国株式）,機械,自動チェック完了,月次価格取得済み,財務取得済み,irbank:2026/03,ランキング判定に利用,3160.0,,
6013,タクマ,プライム（内国株式）,機械,自動チェック完了,月次価格取得済み,財務取得済み,irbank:2026/03,ランキング判定に利用,3650.0,,
6016,ジャパンエンジンコーポレーション,スタンダード（内国株式）,輸送用機器,自動チェック完了,月次価格取得済み,財務取得済み,irbank:2026/03,ランキング判定に利用,8260.0,,
6018,阪神内燃機工業,スタンダード（内国株式）,輸送用機器,自動チェック完了,月次価格取得済み,財務取得済み,irbank:2026/03,ランキング判定に利用,5600.0,,
6022,赤阪鐵工所,スタンダード（内国株式）,機械,自動チェック完了,月次価格取得済み,財務取得済み,irbank:2026/03,ランキング判定に利用,2290.0,,
6023,ダイハツインフィニアース,スタンダード（内国株式）,輸送用機器,自動チェック完了,月次価格取得済み,財務取得済み,irbank:2026/03,ランキング判定に利用,2544.0,,
6027,弁護士ドットコム,プライム（内国株式）,サービス業,自動チェック完了,月次価格取得済み,財務取得済み,irbank:2026/03,ランキング判定に利用,2050.0,,
6029,アトラグループ,スタンダード（内国株式）,サービス業,自動チェック完了,月次価格取得済み,財務取得済み,irbank:2026/03,ランキング判定に利用,188.0,,
6030,アドベンチャー,グロース（内国株式）,サービス業,自動チェック完了,月次価格取得済み,財務取得済み,irbank:2026/03,ランキング判定に利用,1324.0,,
6031,ＺＥＴＡ,グロース（内国株式）,サービス業,自動チェック完了,月次価格取得済み,財務取得済み,irbank:2026/03,ランキング判定に利用,286.0,,
6033,エクストリーム,グロース（内国株式）,サービス業,自動チェック完了,月次価格取得済み,財務取得済み,irbank:2026/03,ランキング判定に利用,1369.0,,
6034,ＭＲＴ,グロース（内国株式）,サービス業,補完チェック完了,月次価格取得済み,財務補完済み,completionEstimate,補完データでチャートと広域判定に利用,625.0,,BPS、純資産、株数推定が不足
6035,アイ・アールジャパンホールディングス,スタンダード（内国株式）,サービス業,自動チェック完了,月次価格取得済み,財務取得済み,irbank:2026/03,ランキング判定に利用,707.0,,
6036,ＫｅｅＰｅｒ技研,プライム（内国株式）,サービス業,自動チェック完了,月次価格取得済み,財務取得済み,irbank:2026/03,ランキング判定に利用,2727.0,,
6037,楽待,スタンダード（内国株式）,サービス業,自動チェック完了,月次価格取得済み,財務取得済み,irbank:2026/04,ランキング判定に利用,1062.0,,
6038,イード,グロース（内国株式）,サービス業,自動チェック完了,月次価格取得済み,財務取得済み,irbank:2026/03,ランキング判定に利用,904.0,,
6039,日本動物高度医療センター,グロース（内国株式）,サービス業,自動チェック完了,月次価格取得済み,財務取得済み,irbank:2026/03,ランキング判定に利用,1028.0,,
6040,日本スキー場開発,グロース（内国株式）,サービス業,自動チェック完了,月次価格取得済み,財務取得済み,irbank:2026/04,ランキング判定に利用,485.0,,
6042,ニッキ,スタンダード（内国株式）,輸送用機器,自動チェック完了,月次価格取得済み,財務取得済み,irbank:2026/03,ランキング判定に利用,3860.0,,
6044,三機サービス,スタンダード（内国株式）,サービス業,自動チェック完了,月次価格取得済み,財務取得済み,irbank:2026/02,ランキング判定に利用,1570.0,,
6045,レントラックス,グロース（内国株式）,サービス業,自動チェック完了,月次価格取得済み,財務取得済み,irbank:2026/03,ランキング判定に利用,1409.0,,
6046,リンクバル,スタンダード（内国株式）,サービス業,自動チェック完了,月次価格取得済み,財務取得済み,irbank:2026/03,ランキング判定に利用,111.0,,
6047,Ｇｕｎｏｓｙ,スタンダード（内国株式）,サービス業,自動チェック完了,月次価格取得済み,財務取得済み,irbank:2026/02,ランキング判定に利用,437.0,,
6049,イトクロ,グロース（内国株式）,サービス業,自動チェック完了,月次価格取得済み,財務取得済み,irbank:2026/04,ランキング判定に利用,248.0,,
6050,イー・ガーディアン,プライム（内国株式）,サービス業,自動チェック完了,月次価格取得済み,財務取得済み,irbank:2026/03,ランキング判定に利用,1696.0,,
6054,リブセンス,スタンダード（内国株式）,サービス業,自動チェック完了,月次価格取得済み,財務取得済み,irbank:2026/03,ランキング判定に利用,107.0,,
6055,ジャパンマテリアル,プライム（内国株式）,サービス業,自動チェック完了,月次価格取得済み,財務取得済み,irbank:2026/03,ランキング判定に利用,2633.0,,
6058,ベクトル,プライム（内国株式）,サービス業,自動チェック完了,月次価格取得済み,財務取得済み,irbank:2026/02,ランキング判定に利用,1685.0,,
6059,ウチヤマホールディングス,スタンダード（内国株式）,サービス業,自動チェック完了,月次価格取得済み,財務取得済み,irbank:2026/03,ランキング判定に利用,342.0,,
6061,ユニバーサル園芸社,スタンダード（内国株式）,サービス業,自動チェック完了,月次価格取得済み,財務取得済み,irbank:2026/03,ランキング判定に利用,2620.0,,
6062,チャーム・ケア・コーポレーション,プライム（内国株式）,サービス業,自動チェック完了,月次価格取得済み,財務取得済み,irbank:2026/03,ランキング判定に利用,1347.0,,
6063,日本エマージェンシーアシスタンス,スタンダード（内国株式）,サービス業,自動チェック完了,月次価格取得済み,財務取得済み,irbank:2026/03,ランキング判定に利用,976.0,,
6069,トレンダーズ,グロース（内国株式）,サービス業,自動チェック完了,月次価格取得済み,財務取得済み,irbank:2026/03,ランキング判定に利用,603.0,,
6070,キャリアリンク,プライム（内国株式）,サービス業,自動チェック完了,月次価格取得済み,財務取得済み,irbank:2026/03,ランキング判定に利用,2195.0,,
6071,ＩＢＪ,プライム（内国株式）,サービス業,自動チェック完了,月次価格取得済み,財務取得済み,irbank:2026/03,ランキング判定に利用,763.0,,
6072,地盤ネットホールディングス,スタンダード（内国株式）,サービス業,自動チェック完了,月次価格取得済み,財務取得済み,irbank:2026/03,ランキング判定に利用,969.0,,
6073,アサンテ,プライム（内国株式）,サービス業,自動チェック完了,月次価格取得済み,財務取得済み,irbank:2026/03,ランキング判定に利用,1412.0,,
6074,ジェイエスエス,スタンダード（内国株式）,サービス業,自動チェック完了,月次価格取得済み,財務取得済み,irbank:2026/03,ランキング判定に利用,482.0,,
6078,バリューＨＲ,プライム（内国株式）,サービス業,自動チェック完了,月次価格取得済み,財務取得済み,irbank:2026/03,ランキング判定に利用,1467.0,,
6080,Ｍ＆Ａキャピタルパートナーズ,プライム（内国株式）,サービス業,自動チェック完了,月次価格取得済み,財務取得済み,irbank:2026/03,ランキング判定に利用,3390.0,,
6081,アライドアーキテクツ,グロース（内国株式）,サービス業,自動チェック完了,月次価格取得済み,財務取得済み,irbank:2026/03,ランキング判定に利用,152.0,,
6082,ライドオンエクスプレスホールディングス,スタンダード（内国株式）,サービス業,自動チェック完了,月次価格取得済み,財務取得済み,irbank:2026/03,ランキング判定に利用,982.0,,
6083,ＥＲＩホールディングス,スタンダード（内国株式）,サービス業,自動チェック完了,月次価格取得済み,財務取得済み,irbank:2026/02,ランキング判定に利用,1347.0,,
6085,アーキテクツ・スタジオ・ジャパン,グロース（内国株式）,サービス業,補完チェック完了,月次価格取得済み,財務補完済み,completionEstimate,補完データでチャートと広域判定に利用,302.0,,BPS、純資産、株数推定が不足
6086,シンメンテホールディングス,グロース（内国株式）,サービス業,自動チェック完了,月次価格取得済み,財務取得済み,irbank:2026/02,ランキング判定に利用,982.0,,
6087,アビスト,スタンダード（内国株式）,サービス業,自動チェック完了,月次価格取得済み,財務取得済み,irbank:2026/03,ランキング判定に利用,3320.0,,
6088,シグマクシス・ホールディングス,プライム（内国株式）,サービス業,自動チェック完了,月次価格取得済み,財務取得済み,irbank:2026/03,ランキング判定に利用,530.0,,
6089,ウィルグループ,プライム（内国株式）,サービス業,自動チェック完了,月次価格取得済み,財務取得済み,irbank:2026/03,ランキング判定に利用,1023.0,,
6090,ヒューマン・メタボローム・テクノロジーズ,スタンダード（内国株式）,サービス業,自動チェック完了,月次価格取得済み,財務取得済み,irbank:2026/03,ランキング判定に利用,633.0,,
6091,ウエスコホールディングス,スタンダード（内国株式）,サービス業,自動チェック完了,月次価格取得済み,財務取得済み,irbank:2026/04,ランキング判定に利用,902.0,,
6092,エンバイオ・ホールディングス,スタンダード（内国株式）,サービス業,自動チェック完了,月次価格取得済み,財務取得済み,irbank:2026/03,ランキング判定に利用,692.0,,
6093,エスクロー・エージェント・ジャパン,スタンダード（内国株式）,サービス業,自動チェック完了,月次価格取得済み,財務取得済み,irbank:2026/02,ランキング判定に利用,158.0,,
6094,フリークアウト・ホールディングス,グロース（内国株式）,サービス業,自動チェック完了,月次価格取得済み,財務取得済み,irbank:2026/03,ランキング判定に利用,504.0,,
6096,レアジョブ,スタンダード（内国株式）,サービス業,自動チェック完了,月次価格取得済み,財務取得済み,irbank:2026/03,ランキング判定に利用,386.0,,
6098,リクルートホールディングス,プライム（内国株式）,サービス業,自動チェック完了,月次価格取得済み,財務取得済み,irbank:2026/03,ランキング判定に利用,11040.0,,
6099,エラン,プライム（内国株式）,サービス業,自動チェック完了,月次価格取得済み,財務取得済み,irbank:2026/03,ランキング判定に利用,737.0,,
6101,ツガミ,プライム（内国株式）,機械,自動チェック完了,月次価格取得済み,財務取得済み,irbank:2026/03,ランキング判定に利用,7370.0,,
6103,オークマ,プライム（内国株式）,機械,自動チェック完了,月次価格取得済み,財務取得済み,irbank:2026/03,ランキング判定に利用,4465.0,,
6104,芝浦機械,プライム（内国株式）,機械,自動チェック完了,月次価格取得済み,財務取得済み,irbank:2026/03,ランキング判定に利用,4545.0,,
6113,アマダ,プライム（内国株式）,機械,自動チェック完了,月次価格取得済み,財務取得済み,irbank:2026/03,ランキング判定に利用,2965.0,,
6118,アイダエンジニアリング,プライム（内国株式）,機械,自動チェック完了,月次価格取得済み,財務取得済み,irbank:2026/03,ランキング判定に利用,1156.0,,
6125,岡本工作機械製作所,スタンダード（内国株式）,機械,自動チェック完了,月次価格取得済み,財務取得済み,irbank:2026/03,ランキング判定に利用,5630.0,,
6134,ＦＵＪＩ,プライム（内国株式）,機械,自動チェック完了,月次価格取得済み,財務取得済み,irbank:2026/03,ランキング判定に利用,7991.0,,
6135,牧野フライス製作所,プライム（内国株式）,機械,自動チェック完了,月次価格取得済み,財務取得済み,irbank:2026/03,ランキング判定に利用,15340.0,,
6136,オーエスジー,プライム（内国株式）,機械,自動チェック完了,月次価格取得済み,財務取得済み,irbank:2026/02,ランキング判定に利用,3628.0,,
6137,小池酸素工業,スタンダード（内国株式）,機械,自動チェック完了,月次価格取得済み,財務取得済み,irbank:2026/03,ランキング判定に利用,1496.0,,
6138,ダイジェット工業,スタンダード（内国株式）,機械,自動チェック完了,月次価格取得済み,財務取得済み,irbank:2026/03,ランキング判定に利用,1106.0,,
6140,旭ダイヤモンド工業,プライム（内国株式）,機械,自動チェック完了,月次価格取得済み,財務取得済み,irbank:2026/03,ランキング判定に利用,1217.0,,
6141,ＤＭＧ森精機,プライム（内国株式）,機械,補完チェック完了,月次価格取得済み,財務補完済み,completionEstimate,補完データでチャートと広域判定に利用,3516.0,,BPS、純資産、株数推定が不足
6143,ソディック,プライム（内国株式）,機械,自動チェック完了,月次価格取得済み,財務取得済み,irbank:2026/03,ランキング判定に利用,1989.0,,
6144,西部電機,スタンダード（内国株式）,機械,自動チェック完了,月次価格取得済み,財務取得済み,irbank:2026/03,ランキング判定に利用,2816.0,,
6145,ＮＩＴＴＯＫＵ,スタンダード（内国株式）,機械,自動チェック完了,月次価格取得済み,財務取得済み,irbank:2026/03,ランキング判定に利用,2979.0,,
6146,ディスコ,プライム（内国株式）,機械,自動チェック完了,月次価格取得済み,財務取得済み,irbank:2026/03,ランキング判定に利用,78510.0,,
6147,ヤマザキ,スタンダード（内国株式）,機械,自動チェック完了,月次価格取得済み,財務取得済み,irbank:2026/03,ランキング判定に利用,163.0,,
6149,小田原エンジニアリング,スタンダード（内国株式）,機械,自動チェック完了,月次価格取得済み,財務取得済み,irbank:2026/03,ランキング判定に利用,2101.0,,
6150,タケダ機械,スタンダード（内国株式）,機械,自動チェック完了,月次価格取得済み,財務取得済み,irbank:2026/02,ランキング判定に利用,2680.0,,
6151,日東工器,プライム（内国株式）,機械,自動チェック完了,月次価格取得済み,財務取得済み,irbank:2026/03,ランキング判定に利用,1729.0,,
6155,高松機械工業,スタンダード（内国株式）,機械,自動チェック完了,月次価格取得済み,財務取得済み,irbank:2026/03,ランキング判定に利用,495.0,,
6156,エーワン精密,スタンダード（内国株式）,機械,自動チェック完了,月次価格取得済み,財務取得済み,irbank:2026/03,ランキング判定に利用,2004.0,,
6157,日進工具,スタンダード（内国株式）,機械,自動チェック完了,月次価格取得済み,財務取得済み,irbank:2026/03,ランキング判定に利用,939.0,,
6158,和井田製作所,スタンダード（内国株式）,機械,自動チェック完了,月次価格取得済み,財務取得済み,irbank:2026/03,ランキング判定に利用,989.0,,
6159,ミクロン精密,スタンダード（内国株式）,機械,自動チェック完了,月次価格取得済み,財務取得済み,irbank:2026/02,ランキング判定に利用,1953.0,,
6161,エスティック,スタンダード（内国株式）,機械,自動チェック完了,月次価格取得済み,財務取得済み,irbank:2026/03,ランキング判定に利用,1080.0,,
6165,パンチ工業,スタンダード（内国株式）,機械,自動チェック完了,月次価格取得済み,財務取得済み,irbank:2026/03,ランキング判定に利用,511.0,,
6166,中村超硬,グロース（内国株式）,機械,自動チェック完了,月次価格取得済み,財務取得済み,irbank:2026/03,ランキング判定に利用,566.0,,
6167,冨士ダイス,プライム（内国株式）,機械,自動チェック完了,月次価格取得済み,財務取得済み,irbank:2026/03,ランキング判定に利用,979.0,,
6171,土木管理総合試験所,スタンダード（内国株式）,サービス業,自動チェック完了,月次価格取得済み,財務取得済み,irbank:2026/03,ランキング判定に利用,386.0,,
6173,アクアライン,グロース（内国株式）,サービス業,自動チェック完了,月次価格取得済み,財務取得済み,irbank:2026/02,ランキング判定に利用,13.0,,
6176,ブランジスタ,スタンダード（内国株式）,サービス業,自動チェック完了,月次価格取得済み,財務取得済み,irbank:2026/03,ランキング判定に利用,872.0,,
6177,ＡｐｐＢａｎｋ,グロース（内国株式）,サービス業,自動チェック完了,月次価格取得済み,財務取得済み,irbank:2026/03,ランキング判定に利用,75.0,,
6178,日本郵政,プライム（内国株式）,サービス業,自動チェック完了,月次価格取得済み,財務取得済み,irbank:2026/03,ランキング判定に利用,2161.0,,
6180,ＧＭＯメディア,グロース（内国株式）,サービス業,自動チェック完了,月次価格取得済み,財務取得済み,irbank:2026/03,ランキング判定に利用,3770.0,,
6181,タメニー,グロース（内国株式）,サービス業,自動チェック完了,月次価格取得済み,財務取得済み,irbank:2026/03,ランキング判定に利用,73.0,,
6182,メタリアル,グロース（内国株式）,サービス業,自動チェック完了,月次価格取得済み,財務取得済み,irbank:2026/02,ランキング判定に利用,527.0,,
6183,ベルシステム２４ホールディングス,プライム（内国株式）,サービス業,補完チェック完了,月次価格取得済み,財務補完済み,completionEstimate,補完データでチャートと広域判定に利用,1335.0,,BPS、純資産、株数推定が不足
6184,鎌倉新書,プライム（内国株式）,サービス業,自動チェック完了,月次価格取得済み,財務取得済み,irbank:2026/04,ランキング判定に利用,456.0,,
6185,ＳＭＮ,スタンダード（内国株式）,サービス業,自動チェック完了,月次価格取得済み,財務取得済み,irbank:2026/03,ランキング判定に利用,382.0,,
6186,一蔵,スタンダード（内国株式）,サービス業,自動チェック完了,月次価格取得済み,財務取得済み,irbank:2026/03,ランキング判定に利用,375.0,,
6189,グローバルキッズＣＯＭＰＡＮＹ,スタンダード（内国株式）,サービス業,自動チェック完了,月次価格取得済み,財務取得済み,irbank:2026/03,ランキング判定に利用,965.0,,
6190,フェニックスバイオ,グロース（内国株式）,サービス業,自動チェック完了,月次価格取得済み,財務取得済み,irbank:2026/03,ランキング判定に利用,324.0,,
6191,エアトリ,プライム（内国株式）,サービス業,補完チェック完了,月次価格取得済み,財務補完済み,completionEstimate,補完データでチャートと広域判定に利用,748.0,,BPS、純資産、株数推定が不足
6193,バーチャレクス・ホールディングス,グロース（内国株式）,サービス業,自動チェック完了,月次価格取得済み,財務取得済み,irbank:2026/03,ランキング判定に利用,988.0,,
6194,アトラエ,プライム（内国株式）,サービス業,自動チェック完了,月次価格取得済み,財務取得済み,irbank:2026/03,ランキング判定に利用,693.0,,
6195,ホープ,グロース（内国株式）,サービス業,自動チェック完了,月次価格取得済み,財務取得済み,irbank:2026/03,ランキング判定に利用,209.0,,
6196,ストライクグループ,プライム（内国株式）,サービス業,自動チェック完了,月次価格取得済み,財務取得済み,irbank:2026/03,ランキング判定に利用,1242.0,,
6197,ソラスト,プライム（内国株式）,サービス業,自動チェック完了,月次価格取得済み,財務取得済み,irbank:2026/03,ランキング判定に利用,1109.0,,
6198,キャリア,グロース（内国株式）,サービス業,自動チェック完了,月次価格取得済み,財務取得済み,irbank:2026/03,ランキング判定に利用,234.0,,
6199,セラク,スタンダード（内国株式）,情報・通信業,自動チェック完了,月次価格取得済み,財務取得済み,irbank:2026/02,ランキング判定に利用,1150.0,,
6200,インソース,プライム（内国株式）,サービス業,自動チェック完了,月次価格取得済み,財務取得済み,irbank:2026/03,ランキング判定に利用,588.0,,
6201,豊田自動織機,プライム（内国株式）,輸送用機器,自動チェック完了,月次価格取得済み,財務取得済み,irbank:2026/03,ランキング判定に利用,20450.0,,
6203,豊和工業,スタンダード（内国株式）,機械,自動チェック完了,月次価格取得済み,財務取得済み,irbank:2026/03,ランキング判定に利用,1607.0,,
6208,石川製作所,スタンダード（内国株式）,機械,自動チェック完了,月次価格取得済み,財務取得済み,irbank:2026/03,ランキング判定に利用,1691.0,,
6209,リケンＮＰＲ,プライム（内国株式）,機械,自動チェック完了,月次価格取得済み,財務取得済み,irbank:2026/03,ランキング判定に利用,3900.0,,
6217,津田駒工業,スタンダード（内国株式）,機械,自動チェック完了,月次価格取得済み,財務取得済み,irbank:2026/02,ランキング判定に利用,1049.0,,
6218,エンシュウ,スタンダード（内国株式）,機械,自動チェック完了,月次価格取得済み,財務取得済み,irbank:2026/03,ランキング判定に利用,580.0,,
6222,島精機製作所,プライム（内国株式）,機械,自動チェック完了,月次価格取得済み,財務取得済み,irbank:2026/03,ランキング判定に利用,854.0,,
6223,西部技研,スタンダード（内国株式）,機械,自動チェック完了,月次価格取得済み,財務取得済み,irbank:2026/03,ランキング判定に利用,2438.0,,
6224,ＪＲＣ,グロース（内国株式）,機械,自動チェック完了,月次価格取得済み,財務取得済み,irbank:2026/02,ランキング判定に利用,1321.0,,
6226,守谷輸送機工業,スタンダード（内国株式）,機械,自動チェック完了,月次価格取得済み,財務取得済み,irbank:2026/03,ランキング判定に利用,2239.0,,
6227,ＡＩメカテック,スタンダード（内国株式）,機械,自動チェック完了,月次価格取得済み,財務取得済み,irbank:2026/03,ランキング判定に利用,6590.0,,
6228,ジェイ・イー・ティ,スタンダード（内国株式）,機械,自動チェック完了,月次価格取得済み,財務取得済み,irbank:2025/12,ランキング判定に利用,512.0,,
6229,オーケーエム,スタンダード（内国株式）,機械,自動チェック完了,月次価格取得済み,財務取得済み,irbank:2026/03,ランキング判定に利用,1467.0,,
6230,ＳＡＮＥＩ,スタンダード（内国株式）,機械,自動チェック完了,月次価格取得済み,財務取得済み,irbank:2026/03,ランキング判定に利用,2191.0,,
6231,木村工機,スタンダード（内国株式）,機械,自動チェック完了,月次価格取得済み,財務取得済み,irbank:2026/03,ランキング判定に利用,11320.0,,
6232,ＡＣＳＬ,グロース（内国株式）,機械,自動チェック完了,月次価格取得済み,財務取得済み,irbank:2026/03,ランキング判定に利用,1673.0,,
6233,ＫＬＡＳＳ,スタンダード（内国株式）,機械,自動チェック完了,月次価格取得済み,財務取得済み,irbank:2026/03,ランキング判定に利用,385.0,,
6235,オプトラン,プライム（内国株式）,機械,自動チェック完了,月次価格取得済み,財務取得済み,irbank:2026/03,ランキング判定に利用,3960.0,,
6237,イワキポンプ,プライム（内国株式）,機械,自動チェック完了,月次価格取得済み,財務取得済み,irbank:2026/03,ランキング判定に利用,3585.0,,
6238,フリュー,プライム（内国株式）,機械,自動チェック完了,月次価格取得済み,財務取得済み,irbank:2026/03,ランキング判定に利用,1357.0,,
6239,ナガオカ,スタンダード（内国株式）,機械,自動チェック完了,月次価格取得済み,財務取得済み,irbank:2026/03,ランキング判定に利用,1320.0,,
6240,ヤマシンフィルタ,プライム（内国株式）,機械,自動チェック完了,月次価格取得済み,財務取得済み,irbank:2026/03,ランキング判定に利用,502.0,,
6245,ヒラノテクシード,スタンダード（内国株式）,機械,自動チェック完了,月次価格取得済み,財務取得済み,irbank:2026/03,ランキング判定に利用,1823.0,,
6246,テクノスマート,スタンダード（内国株式）,機械,自動チェック完了,月次価格取得済み,財務取得済み,irbank:2026/03,ランキング判定に利用,1830.0,,
6247,日阪製作所,プライム（内国株式）,機械,自動チェック完了,月次価格取得済み,財務取得済み,irbank:2026/03,ランキング判定に利用,1753.0,,
6248,横田製作所,スタンダード（内国株式）,機械,自動チェック完了,月次価格取得済み,財務取得済み,irbank:2026/03,ランキング判定に利用,1762.0,,
6249,ゲームカードホールディングス,スタンダード（内国株式）,機械,自動チェック完了,月次価格取得済み,財務取得済み,irbank:2026/03,ランキング判定に利用,2368.0,,
6250,やまびこ,プライム（内国株式）,機械,自動チェック完了,月次価格取得済み,財務取得済み,irbank:2026/03,ランキング判定に利用,3950.0,,
6254,野村マイクロ・サイエンス,プライム（内国株式）,機械,自動チェック完了,月次価格取得済み,財務取得済み,irbank:2026/03,ランキング判定に利用,4645.0,,
6255,エヌ・ピー・シー,グロース（内国株式）,機械,自動チェック完了,月次価格取得済み,財務取得済み,irbank:2026/02,ランキング判定に利用,697.0,,
6257,藤商事,スタンダード（内国株式）,機械,自動チェック完了,月次価格取得済み,財務取得済み,irbank:2026/03,ランキング判定に利用,994.0,,
6258,平田機工,プライム（内国株式）,機械,自動チェック完了,月次価格取得済み,財務取得済み,irbank:2026/03,ランキング判定に利用,3035.0,,
6262,ＰＥＧＡＳＵＳ,スタンダード（内国株式）,機械,自動チェック完了,月次価格取得済み,財務取得済み,irbank:2026/03,ランキング判定に利用,501.0,,
6264,マルマエ,プライム（内国株式）,機械,自動チェック完了,月次価格取得済み,財務取得済み,irbank:2026/02,ランキング判定に利用,2731.0,,
6265,コンバム,スタンダード（内国株式）,機械,自動チェック完了,月次価格取得済み,財務取得済み,irbank:2026/03,ランキング判定に利用,3655.0,,
6266,タツモ,プライム（内国株式）,機械,自動チェック完了,月次価格取得済み,財務取得済み,irbank:2026/03,ランキング判定に利用,4530.0,,
6267,ゼネラルパッカー,スタンダード（内国株式）,機械,自動チェック完了,月次価格取得済み,財務取得済み,irbank:2026/04,ランキング判定に利用,3770.0,,
6268,ナブテスコ,プライム（内国株式）,機械,自動チェック完了,月次価格取得済み,財務取得済み,irbank:2026/03,ランキング判定に利用,5102.0,,
6269,三井海洋開発,プライム（内国株式）,機械,自動チェック完了,月次価格取得済み,財務取得済み,irbank:2026/03,ランキング判定に利用,9698.0,,
6272,レオン自動機,プライム（内国株式）,機械,自動チェック完了,月次価格取得済み,財務取得済み,irbank:2026/03,ランキング判定に利用,1476.0,,
6273,ＳＭＣ,プライム（内国株式）,機械,自動チェック完了,月次価格取得済み,財務取得済み,irbank:2026/03,ランキング判定に利用,71630.0,,
6276,シリウスビジョン,スタンダード（内国株式）,電気機器,自動チェック完了,月次価格取得済み,財務取得済み,confirmed,ランキング判定に利用,307.0,,
6277,ホソカワミクロン,プライム（内国株式）,機械,自動チェック完了,月次価格取得済み,財務取得済み,irbank:2026/03,ランキング判定に利用,4955.0,,
6278,ユニオンツール,プライム（内国株式）,機械,自動チェック完了,月次価格取得済み,財務取得済み,irbank:2026/03,ランキング判定に利用,22380.0,,
6279,瑞光,プライム（内国株式）,機械,自動チェック完了,月次価格取得済み,財務取得済み,irbank:2026/05,ランキング判定に利用,908.0,,
6282,オイレス工業,プライム（内国株式）,機械,自動チェック完了,月次価格取得済み,財務取得済み,irbank:2026/03,ランキング判定に利用,2774.0,,
6284,日精エー・エス・ビー機械,プライム（内国株式）,機械,自動チェック完了,月次価格取得済み,財務取得済み,irbank:2026/03,ランキング判定に利用,9010.0,,
6286,靜甲,スタンダード（内国株式）,機械,自動チェック完了,月次価格取得済み,財務取得済み,irbank:2026/03,ランキング判定に利用,1421.0,,
6287,サトー,プライム（内国株式）,機械,自動チェック完了,月次価格取得済み,財務取得済み,irbank:2026/03,ランキング判定に利用,2370.0,,
6289,技研製作所,プライム（内国株式）,機械,自動チェック完了,月次価格取得済み,財務取得済み,irbank:2026/02,ランキング判定に利用,1733.0,,
6291,日本エアーテック,スタンダード（内国株式）,機械,自動チェック完了,月次価格取得済み,財務取得済み,irbank:2026/03,ランキング判定に利用,1304.0,,
6292,カワタ,スタンダード（内国株式）,機械,自動チェック完了,月次価格取得済み,財務取得済み,irbank:2026/03,ランキング判定に利用,819.0,,
6294,オカダアイヨン,プライム（内国株式）,機械,自動チェック完了,月次価格取得済み,財務取得済み,irbank:2026/03,ランキング判定に利用,1963.0,,
6298,ワイエイシイホールディングス,プライム（内国株式）,機械,自動チェック完了,月次価格取得済み,財務取得済み,irbank:2026/03,ランキング判定に利用,1380.0,,
6301,小松製作所,プライム（内国株式）,機械,補完チェック完了,月次価格取得済み,財務補完済み,completionEstimate,補完データでチャートと広域判定に利用,6329.0,,BPS、純資産、株数推定が不足
6302,住友重機械工業,プライム（内国株式）,機械,自動チェック完了,月次価格取得済み,財務取得済み,irbank:2026/03,ランキング判定に利用,5214.0,,
6305,日立建機,プライム（内国株式）,機械,補完チェック完了,月次価格取得済み,財務補完済み,completionEstimate,補完データでチャートと広域判定に利用,5347.0,,BPS、純資産、株数推定が不足
6306,日工,プライム（内国株式）,機械,自動チェック完了,月次価格取得済み,財務取得済み,irbank:2026/03,ランキング判定に利用,912.0,,
6307,サンセイ,スタンダード（内国株式）,機械,自動チェック完了,月次価格取得済み,財務取得済み,irbank:2026/03,ランキング判定に利用,413.0,,
6309,巴工業,プライム（内国株式）,機械,自動チェック完了,月次価格取得済み,財務取得済み,irbank:2026/04,ランキング判定に利用,1787.0,,
6310,井関農機,プライム（内国株式）,機械,自動チェック完了,月次価格取得済み,財務取得済み,irbank:2026/03,ランキング判定に利用,1770.0,,
6315,ＴＯＷＡ,プライム（内国株式）,機械,自動チェック完了,月次価格取得済み,財務取得済み,irbank:2026/03,ランキング判定に利用,3175.0,,
6316,丸山製作所,スタンダード（内国株式）,機械,自動チェック完了,月次価格取得済み,財務取得済み,irbank:2026/03,ランキング判定に利用,2558.0,,
6317,北川鉄工所,スタンダード（内国株式）,機械,自動チェック完了,月次価格取得済み,財務取得済み,irbank:2026/03,ランキング判定に利用,1711.0,,
6322,タクミナ,スタンダード（内国株式）,機械,自動チェック完了,月次価格取得済み,財務取得済み,irbank:2026/03,ランキング判定に利用,1604.0,,
6323,ローツェ,プライム（内国株式）,機械,自動チェック完了,月次価格取得済み,財務取得済み,irbank:2026/02,ランキング判定に利用,4530.0,,
6324,ハーモニック・ドライブ・システムズ,プライム（内国株式）,機械,自動チェック完了,月次価格取得済み,財務取得済み,irbank:2026/03,ランキング判定に利用,7100.0,,
6325,タカキタ,スタンダード（内国株式）,機械,自動チェック完了,月次価格取得済み,財務取得済み,irbank:2026/03,ランキング判定に利用,395.0,,
6326,クボタ,プライム（内国株式）,機械,自動チェック完了,月次価格取得済み,財務取得済み,promotionDraft,ランキング判定に利用,2751.5,,BPS、純資産、株数推定が不足
6327,北川精機,スタンダード（内国株式）,機械,自動チェック完了,月次価格取得済み,財務取得済み,irbank:2026/03,ランキング判定に利用,6300.0,,
6328,荏原実業,プライム（内国株式）,機械,自動チェック完了,月次価格取得済み,財務取得済み,irbank:2026/03,ランキング判定に利用,2531.0,,
6330,東洋エンジニアリング,プライム（内国株式）,建設業,自動チェック完了,月次価格取得済み,財務取得済み,irbank:2026/03,ランキング判定に利用,1936.0,,
6331,三菱化工機,プライム（内国株式）,機械,自動チェック完了,月次価格取得済み,財務取得済み,irbank:2026/03,ランキング判定に利用,3830.0,,
6332,月島ホールディングス,プライム（内国株式）,機械,自動チェック完了,月次価格取得済み,財務取得済み,irbank:2026/03,ランキング判定に利用,2667.0,,
6333,ＴＥＩＫＯＫＵ,プライム（内国株式）,機械,自動チェック完了,月次価格取得済み,財務取得済み,irbank:2026/03,ランキング判定に利用,3185.0,,
6334,明治機械,スタンダード（内国株式）,機械,自動チェック完了,月次価格取得済み,財務取得済み,irbank:2026/03,ランキング判定に利用,466.0,,
6335,東京機械製作所,スタンダード（内国株式）,機械,自動チェック完了,月次価格取得済み,財務取得済み,irbank:2026/03,ランキング判定に利用,683.0,,
6336,石井表記,スタンダード（内国株式）,機械,自動チェック完了,月次価格取得済み,財務取得済み,irbank:2026/04,ランキング判定に利用,1911.0,,
6337,テセック,スタンダード（内国株式）,機械,自動チェック完了,月次価格取得済み,財務取得済み,irbank:2026/03,ランキング判定に利用,2537.0,,
6338,タカトリ,スタンダード（内国株式）,機械,自動チェック完了,月次価格取得済み,財務取得済み,irbank:2026/03,ランキング判定に利用,1664.0,,
6339,新東工業,プライム（内国株式）,機械,自動チェック完了,月次価格取得済み,財務取得済み,irbank:2026/03,ランキング判定に利用,1207.0,,
6340,澁谷工業,プライム（内国株式）,機械,自動チェック完了,月次価格取得済み,財務取得済み,irbank:2026/03,ランキング判定に利用,4455.0,,
6342,太平製作所,スタンダード（内国株式）,機械,自動チェック完了,月次価格取得済み,財務取得済み,irbank:2026/03,ランキング判定に利用,2713.0,,
6343,フリージア・マクロス,スタンダード（内国株式）,機械,自動チェック完了,月次価格取得済み,財務取得済み,irbank:2026/03,ランキング判定に利用,152.0,,
6345,アイチ　コーポレーション,プライム（内国株式）,機械,自動チェック完了,月次価格取得済み,財務取得済み,irbank:2026/03,ランキング判定に利用,1359.0,,
6346,キクカワエンタープライズ,スタンダード（内国株式）,機械,自動チェック完了,月次価格取得済み,財務取得済み,irbank:2026/03,ランキング判定に利用,5580.0,,
6347,プラコー,スタンダード（内国株式）,機械,自動チェック完了,月次価格取得済み,財務取得済み,irbank:2026/03,ランキング判定に利用,262.0,,
6349,小森コーポレーション,プライム（内国株式）,機械,自動チェック完了,月次価格取得済み,財務取得済み,irbank:2026/03,ランキング判定に利用,1509.0,,
6351,鶴見製作所,プライム（内国株式）,機械,自動チェック完了,月次価格取得済み,財務取得済み,irbank:2026/03,ランキング判定に利用,2271.0,,
6356,日本ギア工業,スタンダード（内国株式）,機械,自動チェック完了,月次価格取得済み,財務取得済み,irbank:2026/03,ランキング判定に利用,1460.0,,
6357,三精テクノロジーズ,スタンダード（内国株式）,機械,自動チェック完了,月次価格取得済み,財務取得済み,irbank:2026/03,ランキング判定に利用,2437.0,,
6358,酒井重工業,プライム（内国株式）,機械,自動チェック完了,月次価格取得済み,財務取得済み,irbank:2026/03,ランキング判定に利用,2064.0,,
6360,東京自働機械製作所,スタンダード（内国株式）,機械,自動チェック完了,月次価格取得済み,財務取得済み,irbank:2026/03,ランキング判定に利用,4450.0,,
6361,荏原製作所,プライム（内国株式）,機械,自動チェック完了,月次価格取得済み,財務取得済み,irbank:2026/03,ランキング判定に利用,6248.0,,
6363,酉島製作所,プライム（内国株式）,機械,自動チェック完了,月次価格取得済み,財務取得済み,irbank:2026/03,ランキング判定に利用,2786.0,,
6364,ＡＩＲＭＡＮ,プライム（内国株式）,機械,自動チェック完了,月次価格取得済み,財務取得済み,irbank:2026/03,ランキング判定に利用,1885.0,,
6365,電業社機械製作所,スタンダード（内国株式）,機械,自動チェック完了,月次価格取得済み,財務取得済み,irbank:2026/03,ランキング判定に利用,5420.0,,
6366,千代田化工建設,スタンダード（内国株式）,建設業,自動チェック完了,月次価格取得済み,財務取得済み,irbank:2026/03,ランキング判定に利用,675.0,,
6367,ダイキン工業,プライム（内国株式）,機械,自動チェック完了,月次価格取得済み,財務取得済み,irbank:2026/03,ランキング判定に利用,24050.0,,
6368,オルガノ,プライム（内国株式）,機械,自動チェック完了,月次価格取得済み,財務取得済み,irbank:2026/03,ランキング判定に利用,16370.0,,
6369,トーヨーカネツ,プライム（内国株式）,機械,自動チェック完了,月次価格取得済み,財務取得済み,irbank:2026/03,ランキング判定に利用,2384.0,,
6370,栗田工業,プライム（内国株式）,機械,自動チェック完了,月次価格取得済み,財務取得済み,irbank:2026/03,ランキング判定に利用,9080.0,,
6371,椿本チエイン,プライム（内国株式）,機械,自動チェック完了,月次価格取得済み,財務取得済み,irbank:2026/03,ランキング判定に利用,2591.0,,
6376,日機装,プライム（内国株式）,精密機器,自動チェック完了,月次価格取得済み,財務取得済み,irbank:2026/03,ランキング判定に利用,4230.0,,
6378,木村化工機,スタンダード（内国株式）,機械,自動チェック完了,月次価格取得済み,財務取得済み,irbank:2026/03,ランキング判定に利用,1193.0,,
6379,レイズネクスト,プライム（内国株式）,建設業,自動チェック完了,月次価格取得済み,財務取得済み,irbank:2026/03,ランキング判定に利用,2239.0,,
6380,オリエンタルチエン工業,スタンダード（内国株式）,機械,自動チェック完了,月次価格取得済み,財務取得済み,irbank:2026/03,ランキング判定に利用,4665.0,,
6381,アネスト岩田,プライム（内国株式）,機械,自動チェック完了,月次価格取得済み,財務取得済み,irbank:2026/03,ランキング判定に利用,1683.0,,
6382,トリニティ工業,スタンダード（内国株式）,機械,自動チェック完了,月次価格取得済み,財務取得済み,irbank:2026/03,ランキング判定に利用,1229.0,,
6383,ダイフク,プライム（内国株式）,機械,自動チェック完了,月次価格取得済み,財務取得済み,irbank:2026/03,ランキング判定に利用,7163.0,,
6384,昭和真空,スタンダード（内国株式）,機械,自動チェック完了,月次価格取得済み,財務取得済み,irbank:2026/03,ランキング判定に利用,1790.0,,
6387,サムコ,プライム（内国株式）,機械,自動チェック完了,月次価格取得済み,財務取得済み,irbank:2026/04,ランキング判定に利用,13850.0,,
6390,加藤製作所,プライム（内国株式）,機械,自動チェック完了,月次価格取得済み,財務取得済み,irbank:2026/03,ランキング判定に利用,1225.0,,
6391,加地テック,スタンダード（内国株式）,機械,自動チェック完了,月次価格取得済み,財務取得済み,irbank:2026/03,ランキング判定に利用,4180.0,,
6392,ヤマダコーポレーション,スタンダード（内国株式）,機械,自動チェック完了,月次価格取得済み,財務取得済み,irbank:2026/03,ランキング判定に利用,7110.0,,
6393,油研工業,スタンダード（内国株式）,機械,自動チェック完了,月次価格取得済み,財務取得済み,irbank:2026/03,ランキング判定に利用,2845.0,,
6395,タダノ,プライム（内国株式）,機械,自動チェック完了,月次価格取得済み,財務取得済み,irbank:2026/03,ランキング判定に利用,1302.0,,
6396,宇野澤組鐵工所,スタンダード（内国株式）,機械,自動チェック完了,月次価格取得済み,財務取得済み,irbank:2026/03,ランキング判定に利用,3930.0,,
6400,不二精機,スタンダード（内国株式）,機械,自動チェック完了,月次価格取得済み,財務取得済み,irbank:2026/03,ランキング判定に利用,258.0,,
6402,兼松エンジニアリング,スタンダード（内国株式）,機械,自動チェック完了,月次価格取得済み,財務取得済み,irbank:2026/03,ランキング判定に利用,1383.0,,
6403,水道機工,スタンダード（内国株式）,機械,自動チェック完了,月次価格取得済み,財務取得済み,irbank:2026/03,ランキング判定に利用,4015.0,,
6405,鈴茂器工,スタンダード（内国株式）,機械,自動チェック完了,月次価格取得済み,財務取得済み,irbank:2026/03,ランキング判定に利用,1043.0,,
6407,ＣＫＤ,プライム（内国株式）,機械,自動チェック完了,月次価格取得済み,財務取得済み,irbank:2026/03,ランキング判定に利用,7380.0,,
6408,小倉クラッチ,スタンダード（内国株式）,機械,自動チェック完了,月次価格取得済み,財務取得済み,irbank:2026/03,ランキング判定に利用,4010.0,,
6412,平和,プライム（内国株式）,機械,自動チェック完了,月次価格取得済み,財務取得済み,irbank:2026/03,ランキング判定に利用,2002.0,,
6413,理想科学工業,プライム（内国株式）,機械,自動チェック完了,月次価格取得済み,財務取得済み,irbank:2026/03,ランキング判定に利用,956.0,,
6417,ＳＡＮＫＹＯ,プライム（内国株式）,機械,自動チェック完了,月次価格取得済み,財務取得済み,irbank:2026/03,ランキング判定に利用,1589.0,,
6418,日本金銭機械,プライム（内国株式）,機械,自動チェック完了,月次価格取得済み,財務取得済み,irbank:2026/03,ランキング判定に利用,984.0,,
6419,マースグループホールディングス,プライム（内国株式）,機械,自動チェック完了,月次価格取得済み,財務取得済み,irbank:2026/03,ランキング判定に利用,2894.0,,
6420,ガリレイ,プライム（内国株式）,機械,自動チェック完了,月次価格取得済み,財務取得済み,irbank:2026/03,ランキング判定に利用,3290.0,,
6424,高見沢サイバネティックス,スタンダード（内国株式）,機械,自動チェック完了,月次価格取得済み,財務取得済み,irbank:2026/03,ランキング判定に利用,861.0,,
6425,ユニバーサルエンターテインメント,スタンダード（内国株式）,機械,自動チェック完了,月次価格取得済み,財務取得済み,irbank:2026/03,ランキング判定に利用,626.0,,
6428,オーイズミ,スタンダード（内国株式）,機械,自動チェック完了,月次価格取得済み,財務取得済み,irbank:2026/03,ランキング判定に利用,307.0,,
6430,ダイコク電機,プライム（内国株式）,機械,自動チェック完了,月次価格取得済み,財務取得済み,irbank:2026/03,ランキング判定に利用,2144.0,,
6432,竹内製作所,プライム（内国株式）,機械,自動チェック完了,月次価格取得済み,財務取得済み,irbank:2026/02,ランキング判定に利用,7290.0,,
6433,ヒーハイスト,スタンダード（内国株式）,機械,自動チェック完了,月次価格取得済み,財務取得済み,irbank:2026/03,ランキング判定に利用,1095.0,,
6436,アマノ,プライム（内国株式）,機械,自動チェック完了,月次価格取得済み,財務取得済み,irbank:2026/03,ランキング判定に利用,3640.0,,
6440,ＪＵＫＩ,プライム（内国株式）,機械,自動チェック完了,月次価格取得済み,財務取得済み,irbank:2026/03,ランキング判定に利用,529.0,,
6444,サンデン,スタンダード（内国株式）,機械,自動チェック完了,月次価格取得済み,財務取得済み,irbank:2026/03,ランキング判定に利用,157.0,,
6445,ジャノメ,プライム（内国株式）,機械,自動チェック完了,月次価格取得済み,財務取得済み,irbank:2026/03,ランキング判定に利用,1285.0,,
6448,ブラザー工業,プライム（内国株式）,電気機器,自動チェック完了,月次価格取得済み,財務取得済み,irbank:2026/03,ランキング判定に利用,3752.0,,
6454,マックス,プライム（内国株式）,機械,自動チェック完了,月次価格取得済み,財務取得済み,irbank:2026/03,ランキング判定に利用,1709.0,,
6455,モリタホールディングス,プライム（内国株式）,輸送用機器,自動チェック完了,月次価格取得済み,財務取得済み,irbank:2026/03,ランキング判定に利用,2443.0,,
6457,グローリー,プライム（内国株式）,機械,自動チェック完了,月次価格取得済み,財務取得済み,irbank:2026/03,ランキング判定に利用,3872.0,,
6458,新晃工業,プライム（内国株式）,機械,自動チェック完了,月次価格取得済み,財務取得済み,irbank:2026/03,ランキング判定に利用,1254.0,,
6459,大和冷機工業,プライム（内国株式）,機械,自動チェック完了,月次価格取得済み,財務取得済み,irbank:2026/03,ランキング判定に利用,1673.0,,
6460,セガサミーホールディングス,プライム（内国株式）,機械,自動チェック完了,月次価格取得済み,財務取得済み,irbank:2026/03,ランキング判定に利用,2174.5,,
6463,ＴＰＲ,プライム（内国株式）,機械,自動チェック完了,月次価格取得済み,財務取得済み,irbank:2026/03,ランキング判定に利用,1402.0,,
6464,ツバキ・ナカシマ,プライム（内国株式）,機械,補完チェック完了,月次価格取得済み,財務補完済み,completionEstimate,補完データでチャートと広域判定に利用,392.0,,BPS、純資産、株数推定が不足
6465,ホシザキ,プライム（内国株式）,機械,自動チェック完了,月次価格取得済み,財務取得済み,irbank:2026/03,ランキング判定に利用,5300.0,,
6466,ＴＶＥ,スタンダード（内国株式）,機械,自動チェック完了,月次価格取得済み,財務取得済み,irbank:2026/03,ランキング判定に利用,4215.0,,
6467,ニチダイ,スタンダード（内国株式）,機械,自動チェック完了,月次価格取得済み,財務取得済み,irbank:2026/03,ランキング判定に利用,325.0,,
6469,放電精密加工研究所,スタンダード（内国株式）,機械,自動チェック完了,月次価格取得済み,財務取得済み,irbank:2026/02,ランキング判定に利用,2435.0,,
6470,大豊工業,スタンダード（内国株式）,機械,自動チェック完了,月次価格取得済み,財務取得済み,irbank:2026/03,ランキング判定に利用,1068.0,,
6471,日本精工,プライム（内国株式）,機械,補完チェック完了,月次価格取得済み,財務補完済み,completionEstimate,補完データでチャートと広域判定に利用,1161.0,,BPS、純資産、株数推定が不足
6472,ＮＴＮ,プライム（内国株式）,機械,自動チェック完了,月次価格取得済み,財務取得済み,irbank:2026/03,ランキング判定に利用,404.5,,
6473,ジェイテクト,プライム（内国株式）,機械,自動チェック完了,月次価格取得済み,財務取得済み,irbank:2026/03,ランキング判定に利用,2029.0,,
6474,不二越,プライム（内国株式）,機械,自動チェック完了,月次価格取得済み,財務取得済み,irbank:2026/02,ランキング判定に利用,5960.0,,
6479,ミネベアミツミ,プライム（内国株式）,電気機器,自動チェック完了,月次価格取得済み,財務取得済み,irbank:2026/03,ランキング判定に利用,4805.0,,
6480,日本トムソン,プライム（内国株式）,機械,自動チェック完了,月次価格取得済み,財務取得済み,irbank:2026/03,ランキング判定に利用,2225.0,,
6481,ＴＨＫ,プライム（内国株式）,機械,自動チェック完了,月次価格取得済み,財務取得済み,irbank:2026/03,ランキング判定に利用,7553.0,,
6482,ＹＵＳＨＩＮ,スタンダード（内国株式）,機械,自動チェック完了,月次価格取得済み,財務取得済み,irbank:2026/03,ランキング判定に利用,705.0,,
6484,ＫＶＫ,スタンダード（内国株式）,機械,自動チェック完了,月次価格取得済み,財務取得済み,irbank:2026/03,ランキング判定に利用,2369.0,,
6485,前澤給装工業,スタンダード（内国株式）,機械,自動チェック完了,月次価格取得済み,財務取得済み,irbank:2026/03,ランキング判定に利用,1501.0,,
6486,イーグル工業,プライム（内国株式）,機械,自動チェック完了,月次価格取得済み,財務取得済み,irbank:2026/03,ランキング判定に利用,2861.0,,
6488,ヨシタケ,スタンダード（内国株式）,機械,自動チェック完了,月次価格取得済み,財務取得済み,irbank:2026/03,ランキング判定に利用,934.0,,
6490,ＰＩＬＬＡＲ,プライム（内国株式）,機械,自動チェック完了,月次価格取得済み,財務取得済み,irbank:2026/03,ランキング判定に利用,10440.0,,
6492,岡野バルブ製造,スタンダード（内国株式）,機械,自動チェック完了,月次価格取得済み,財務取得済み,irbank:2026/03,ランキング判定に利用,15580.0,,
6493,ＮＩＴＴＡＮ,スタンダード（内国株式）,輸送用機器,自動チェック完了,月次価格取得済み,財務取得済み,irbank:2026/03,ランキング判定に利用,452.0,,
6494,ＮＦＫホールディングス,スタンダード（内国株式）,機械,自動チェック完了,月次価格取得済み,財務取得済み,irbank:2026/03,ランキング判定に利用,94.0,,
6495,宮入バルブ製作所,スタンダード（内国株式）,機械,自動チェック完了,月次価格取得済み,財務取得済み,irbank:2026/03,ランキング判定に利用,134.0,,
6496,中北製作所,スタンダード（内国株式）,機械,自動チェック完了,月次価格取得済み,財務取得済み,irbank:2026/02,ランキング判定に利用,4670.0,,
6497,ハマイ,スタンダード（内国株式）,機械,自動チェック完了,月次価格取得済み,財務取得済み,irbank:2026/03,ランキング判定に利用,1334.0,,
6498,キッツ,プライム（内国株式）,機械,自動チェック完了,月次価格取得済み,財務取得済み,irbank:2026/03,ランキング判定に利用,2553.0,,
6501,日立製作所,プライム（内国株式）,電気機器,補完チェック完了,月次価格取得済み,財務補完済み,completionEstimate,補完データでチャートと広域判定に利用,4478.0,,BPS、純資産、株数推定が不足
6503,三菱電機,プライム（内国株式）,電気機器,補完チェック完了,月次価格取得済み,財務補完済み,completionEstimate,補完データでチャートと広域判定に利用,5858.0,,BPS、純資産、株数推定が不足
6504,富士電機,プライム（内国株式）,電気機器,自動チェック完了,月次価格取得済み,財務取得済み,irbank:2026/03,ランキング判定に利用,13680.0,,
6505,東洋電機製造,スタンダード（内国株式）,電気機器,自動チェック完了,月次価格取得済み,財務取得済み,confirmed,ランキング判定に利用,1955.0,,
6506,安川電機,プライム（内国株式）,電気機器,自動チェック完了,月次価格取得済み,財務取得済み,irbank:2026/02,ランキング判定に利用,6810.0,,
6507,シンフォニアテクノロジー,プライム（内国株式）,電気機器,自動チェック完了,月次価格取得済み,財務取得済み,irbank:2026/03,ランキング判定に利用,15470.0,,
6508,明電舎,プライム（内国株式）,電気機器,自動チェック完了,月次価格取得済み,財務取得済み,irbank:2026/03,ランキング判定に利用,9750.0,,
6513,オリジン,スタンダード（内国株式）,電気機器,自動チェック完了,月次価格取得済み,財務取得済み,confirmed,ランキング判定に利用,1075.0,,
6516,山洋電気,プライム（内国株式）,電気機器,自動チェック完了,月次価格取得済み,財務取得済み,irbank:2026/03,ランキング判定に利用,6910.0,,
6517,デンヨー,プライム（内国株式）,電気機器,自動チェック完了,月次価格取得済み,財務取得済み,irbank:2026/03,ランキング判定に利用,3620.0,,
6518,三相電機,スタンダード（内国株式）,電気機器,自動チェック完了,月次価格取得済み,財務取得済み,irbank:2026/03,ランキング判定に利用,1951.0,,
6521,オキサイド,グロース（内国株式）,電気機器,自動チェック完了,月次価格取得済み,財務取得済み,irbank:2026/02,ランキング判定に利用,4720.0,,
6522,アスタリスク,グロース（内国株式）,電気機器,自動チェック完了,月次価格取得済み,財務取得済み,irbank:2026/02,ランキング判定に利用,1020.0,,
6523,ＰＨＣホールディングス,プライム（内国株式）,電気機器,補完チェック完了,月次価格取得済み,財務補完済み,completionEstimate,補完データでチャートと広域判定に利用,1012.0,,BPS、純資産、株数推定が不足
6524,湖北工業,スタンダード（内国株式）,電気機器,自動チェック完了,月次価格取得済み,財務取得済み,irbank:2026/03,ランキング判定に利用,5480.0,,
6525,ＫＯＫＵＳＡＩ　ＥＬＥＣＴＲＩＣ,プライム（内国株式）,電気機器,補完チェック完了,月次価格取得済み,財務補完済み,completionEstimate,補完データでチャートと広域判定に利用,9980.0,,BPS、純資産、株数推定が不足
6526,ソシオネクスト,プライム（内国株式）,電気機器,自動チェック完了,月次価格取得済み,財務取得済み,irbank:2026/03,ランキング判定に利用,2519.5,,
6532,ベイカレント,プライム（内国株式）,サービス業,補完チェック完了,月次価格取得済み,財務補完済み,completionEstimate,補完データでチャートと広域判定に利用,5531.0,,BPS、純資産、株数推定が不足
6533,Ｏｒｃｈｅｓｔｒａ　Ｈｏｌｄｉｎｇｓ,プライム（内国株式）,サービス業,自動チェック完了,月次価格取得済み,財務取得済み,irbank:2026/03,ランキング判定に利用,1232.0,,
6535,アイモバイル,プライム（内国株式）,サービス業,自動チェック完了,月次価格取得済み,財務取得済み,irbank:2026/04,ランキング判定に利用,491.0,,
6537,ＷＡＳＨハウス,グロース（内国株式）,サービス業,自動チェック完了,月次価格取得済み,財務取得済み,irbank:2026/03,ランキング判定に利用,310.0,,
6538,ディスラプターズ,スタンダード（内国株式）,サービス業,自動チェック完了,月次価格取得済み,財務取得済み,irbank:2026/03,ランキング判定に利用,226.0,,
6539,ＭＳ－Ｊａｐａｎ,プライム（内国株式）,サービス業,自動チェック完了,月次価格取得済み,財務取得済み,irbank:2026/03,ランキング判定に利用,936.0,,
6540,船場,スタンダード（内国株式）,サービス業,自動チェック完了,月次価格取得済み,財務取得済み,irbank:2026/03,ランキング判定に利用,1466.0,,
6543,日宣,スタンダード（内国株式）,サービス業,自動チェック完了,月次価格取得済み,財務取得済み,irbank:2026/02,ランキング判定に利用,1177.0,,
6544,ジャパンエレベーターサービスホールディングス,プライム（内国株式）,サービス業,自動チェック完了,月次価格取得済み,財務取得済み,irbank:2026/03,ランキング判定に利用,1666.0,,
6545,インターネットインフィニティー,グロース（内国株式）,サービス業,自動チェック完了,月次価格取得済み,財務取得済み,irbank:2026/03,ランキング判定に利用,713.0,,
6546,フルテック,スタンダード（内国株式）,サービス業,自動チェック完了,月次価格取得済み,財務取得済み,irbank:2026/03,ランキング判定に利用,1158.0,,
6547,グリーンズ,スタンダード（内国株式）,サービス業,自動チェック完了,月次価格取得済み,財務取得済み,irbank:2026/03,ランキング判定に利用,2189.0,,
6548,旅工房,グロース（内国株式）,サービス業,自動チェック完了,月次価格取得済み,財務取得済み,irbank:2026/03,ランキング判定に利用,88.0,,
6549,ディーエムソリューションズ,スタンダード（内国株式）,サービス業,自動チェック完了,月次価格取得済み,財務取得済み,irbank:2026/03,ランキング判定に利用,2178.0,,
6551,ツナググループ・ホールディングス,スタンダード（内国株式）,サービス業,自動チェック完了,月次価格取得済み,財務取得済み,irbank:2026/03,ランキング判定に利用,530.0,,
6552,ＧａｍｅＷｉｔｈ,スタンダード（内国株式）,サービス業,自動チェック完了,月次価格取得済み,財務取得済み,irbank:2026/02,ランキング判定に利用,177.0,,
6554,エスユーエス,グロース（内国株式）,サービス業,自動チェック完了,月次価格取得済み,財務取得済み,irbank:2026/03,ランキング判定に利用,993.0,,
6555,ＭＳ＆Ｃｏｎｓｕｌｔｉｎｇ,スタンダード（内国株式）,サービス業,補完チェック完了,月次価格取得済み,財務補完済み,completionEstimate,補完データでチャートと広域判定に利用,418.0,,BPS、純資産、株数推定が不足
6557,ＡＩＡＩグループ,グロース（内国株式）,サービス業,自動チェック完了,月次価格取得済み,財務取得済み,irbank:2026/03,ランキング判定に利用,597.0,,
6558,クックビズ,グロース（内国株式）,サービス業,自動チェック完了,月次価格取得済み,財務取得済み,irbank:2026/02,ランキング判定に利用,667.0,,
6560,エル・ティー・エス,プライム（内国株式）,サービス業,自動チェック完了,月次価格取得済み,財務取得済み,irbank:2026/03,ランキング判定に利用,1720.0,,
6561,ＨＡＮＡＴＯＵＲ　ＪＡＰＡＮ,グロース（内国株式）,サービス業,自動チェック完了,月次価格取得済み,財務取得済み,irbank:2026/03,ランキング判定に利用,784.0,,
6562,ジーニー,グロース（内国株式）,サービス業,自動チェック完了,月次価格取得済み,財務取得済み,irbank:2026/03,ランキング判定に利用,891.0,,
6563,みらいワークス,グロース（内国株式）,サービス業,自動チェック完了,月次価格取得済み,財務取得済み,irbank:2026/03,ランキング判定に利用,479.0,,
6564,ミダックホールディングス,プライム（内国株式）,サービス業,自動チェック完了,月次価格取得済み,財務取得済み,irbank:2026/03,ランキング判定に利用,1976.0,,
6566,要興業,スタンダード（内国株式）,サービス業,自動チェック完了,月次価格取得済み,財務取得済み,irbank:2026/03,ランキング判定に利用,1201.0,,
6568,神戸天然物化学,グロース（内国株式）,サービス業,自動チェック完了,月次価格取得済み,財務取得済み,irbank:2026/03,ランキング判定に利用,1311.0,,
6570,共和コーポレーション,スタンダード（内国株式）,サービス業,自動チェック完了,月次価格取得済み,財務取得済み,irbank:2026/03,ランキング判定に利用,1908.0,,
6571,キュービーネットホールディングス,プライム（内国株式）,サービス業,補完チェック完了,月次価格取得済み,財務補完済み,completionEstimate,補完データでチャートと広域判定に利用,1243.0,,BPS、純資産、株数推定が不足
6572,オープングループ,プライム（内国株式）,サービス業,自動チェック完了,月次価格取得済み,財務取得済み,irbank:2026/02,ランキング判定に利用,199.0,,
6573,ＣＲＡＶＩＡ,グロース（内国株式）,サービス業,自動チェック完了,月次価格取得済み,財務取得済み,irbank:2026/03,ランキング判定に利用,22.0,,
6574,コンヴァノ,グロース（内国株式）,サービス業,補完チェック完了,月次価格取得済み,財務補完済み,completionEstimate,補完データでチャートと広域判定に利用,84.0,,BPS、純資産、株数推定が不足
6577,ベストワンドットコム,グロース（内国株式）,サービス業,自動チェック完了,月次価格取得済み,財務取得済み,irbank:2026/04,ランキング判定に利用,2066.0,,
6578,コレックホールディングス,スタンダード（内国株式）,サービス業,自動チェック完了,月次価格取得済み,財務取得済み,irbank:2026/02,ランキング判定に利用,459.0,,
6579,ログリー,グロース（内国株式）,サービス業,自動チェック完了,月次価格取得済み,財務取得済み,irbank:2026/03,ランキング判定に利用,351.0,,
6580,ライトアップ,グロース（内国株式）,サービス業,自動チェック完了,月次価格取得済み,財務取得済み,irbank:2026/03,ランキング判定に利用,778.0,,
6584,三櫻工業,プライム（内国株式）,輸送用機器,自動チェック完了,月次価格取得済み,財務取得済み,irbank:2026/03,ランキング判定に利用,985.0,,
6586,マキタ,プライム（内国株式）,機械,補完チェック完了,月次価格取得済み,財務補完済み,completionEstimate,補完データでチャートと広域判定に利用,5813.0,,BPS、純資産、株数推定が不足
6588,東芝テック,プライム（内国株式）,電気機器,自動チェック完了,月次価格取得済み,財務取得済み,irbank:2026/03,ランキング判定に利用,2869.0,,
6590,芝浦メカトロニクス,プライム（内国株式）,電気機器,自動チェック完了,月次価格取得済み,財務取得済み,irbank:2026/03,ランキング判定に利用,4365.0,,
6592,マブチモーター,プライム（内国株式）,電気機器,自動チェック完了,月次価格取得済み,財務取得済み,irbank:2026/03,ランキング判定に利用,1609.0,,
6594,ニデック,プライム（内国株式）,電気機器,補完チェック完了,月次価格取得済み,財務補完済み,completionEstimate,補完データでチャートと広域判定に利用,2543.0,,BPS、純資産、株数推定が不足
6597,ＨＰＣシステムズ,グロース（内国株式）,電気機器,自動チェック完了,月次価格取得済み,財務取得済み,irbank:2026/03,ランキング判定に利用,4715.0,,
6599,エブレン,スタンダード（内国株式）,電気機器,自動チェック完了,月次価格取得済み,財務取得済み,irbank:2026/03,ランキング判定に利用,3215.0,,
6612,バルミューダ,グロース（内国株式）,電気機器,自動チェック完了,月次価格取得済み,財務取得済み,irbank:2026/03,ランキング判定に利用,596.0,,
6613,ＱＤレーザ,グロース（内国株式）,電気機器,自動チェック完了,月次価格取得済み,財務取得済み,irbank:2026/03,ランキング判定に利用,2840.0,,
6614,シキノハイテック,スタンダード（内国株式）,電気機器,自動チェック完了,月次価格取得済み,財務取得済み,irbank:2026/03,ランキング判定に利用,850.0,,
6615,ユー・エム・シー・エレクトロニクス,プライム（内国株式）,電気機器,自動チェック完了,月次価格取得済み,財務取得済み,irbank:2026/03,ランキング判定に利用,220.0,,
6616,トレックス・セミコンダクター,プライム（内国株式）,電気機器,自動チェック完了,月次価格取得済み,財務取得済み,irbank:2026/03,ランキング判定に利用,2611.0,,
6617,東光高岳,プライム（内国株式）,電気機器,自動チェック完了,月次価格取得済み,財務取得済み,irbank:2026/03,ランキング判定に利用,7720.0,,
6619,ダブル・スコープ,プライム（内国株式）,電気機器,自動チェック完了,月次価格取得済み,財務取得済み,irbank:2026/04,ランキング判定に利用,175.0,,
6620,宮越ホールディングス,プライム（内国株式）,不動産業,自動チェック完了,月次価格取得済み,財務取得済み,irbank:2026/03,ランキング判定に利用,860.0,,
6622,ダイヘン,プライム（内国株式）,電気機器,自動チェック完了,月次価格取得済み,財務取得済み,irbank:2026/03,ランキング判定に利用,18310.0,,
6625,ＪＡＬＣＯホールディングス,スタンダード（内国株式）,不動産業,自動チェック完了,月次価格取得済み,財務取得済み,irbank:2026/03,ランキング判定に利用,323.0,,
6626,ＳＥＭＩＴＥＣ,スタンダード（内国株式）,電気機器,自動チェック完了,月次価格取得済み,財務取得済み,irbank:2026/03,ランキング判定に利用,2011.0,,
6627,テラプローブ,スタンダード（内国株式）,電気機器,自動チェック完了,月次価格取得済み,財務取得済み,irbank:2026/03,ランキング判定に利用,13210.0,,
6629,テクノホライゾン,スタンダード（内国株式）,電気機器,自動チェック完了,月次価格取得済み,財務取得済み,irbank:2026/03,ランキング判定に利用,1031.0,,
6630,ヤーマン,プライム（内国株式）,電気機器,自動チェック完了,月次価格取得済み,財務取得済み,irbank:2026/03,ランキング判定に利用,740.0,,
6632,ＪＶＣケンウッド,プライム（内国株式）,電気機器,自動チェック完了,月次価格取得済み,財務取得済み,irbank:2026/03,ランキング判定に利用,1090.0,,
6633,ＣＧＳホールディングス,スタンダード（内国株式）,電気機器,自動チェック完了,月次価格取得済み,財務取得済み,irbank:2026/03,ランキング判定に利用,327.0,,
6634,ＪＮグループ,スタンダード（内国株式）,電気機器,自動チェック完了,月次価格取得済み,財務取得済み,irbank:2026/02,ランキング判定に利用,63.0,,
6635,大日光・エンジニアリング,スタンダード（内国株式）,電気機器,自動チェック完了,月次価格取得済み,財務取得済み,irbank:2026/03,ランキング判定に利用,712.0,,
6637,寺崎電気産業,スタンダード（内国株式）,電気機器,自動チェック完了,月次価格取得済み,財務取得済み,irbank:2026/03,ランキング判定に利用,3280.0,,
6638,ミマキエンジニアリング,プライム（内国株式）,電気機器,自動チェック完了,月次価格取得済み,財務取得済み,irbank:2026/03,ランキング判定に利用,1804.0,,
6643,戸上電機製作所,スタンダード（内国株式）,電気機器,自動チェック完了,月次価格取得済み,財務取得済み,confirmed,ランキング判定に利用,5150.0,,
6644,大崎電気工業,プライム（内国株式）,電気機器,自動チェック完了,月次価格取得済み,財務取得済み,irbank:2026/03,ランキング判定に利用,1455.0,,
6645,オムロン,プライム（内国株式）,電気機器,補完チェック完了,月次価格取得済み,財務補完済み,completionEstimate,補完データでチャートと広域判定に利用,5612.0,,BPS、純資産、株数推定が不足
6647,森尾電機,スタンダード（内国株式）,電気機器,自動チェック完了,月次価格取得済み,財務取得済み,irbank:2026/03,ランキング判定に利用,2732.0,,
6648,かわでん,スタンダード（内国株式）,電気機器,自動チェック完了,月次価格取得済み,財務取得済み,irbank:2026/03,ランキング判定に利用,1807.0,,
6651,日東工業,プライム（内国株式）,電気機器,自動チェック完了,月次価格取得済み,財務取得済み,irbank:2026/03,ランキング判定に利用,4840.0,,
6652,ＩＤＥＣ,プライム（内国株式）,電気機器,自動チェック完了,月次価格取得済み,財務取得済み,irbank:2026/03,ランキング判定に利用,3260.0,,
6653,正興電機製作所,プライム（内国株式）,電気機器,自動チェック完了,月次価格取得済み,財務取得済み,irbank:2026/03,ランキング判定に利用,2419.0,,
6654,不二電機工業,スタンダード（内国株式）,電気機器,自動チェック完了,月次価格取得済み,財務取得済み,irbank:2026/04,ランキング判定に利用,1092.0,,
6656,インスペック,スタンダード（内国株式）,電気機器,自動チェック完了,月次価格取得済み,財務取得済み,irbank:2026/04,ランキング判定に利用,1253.0,,
6658,シライ電子工業,スタンダード（内国株式）,電気機器,自動チェック完了,月次価格取得済み,財務取得済み,irbank:2026/03,ランキング判定に利用,450.0,,
6659,メディアリンクス,スタンダード（内国株式）,電気機器,自動チェック完了,月次価格取得済み,財務取得済み,irbank:2026/03,ランキング判定に利用,65.0,,
6662,ユビテック,スタンダード（内国株式）,電気機器,自動チェック完了,月次価格取得済み,財務取得済み,irbank:2026/03,ランキング判定に利用,217.0,,
6663,太洋テクノレックス,スタンダード（内国株式）,電気機器,自動チェック完了,月次価格取得済み,財務取得済み,irbank:2026/03,ランキング判定に利用,312.0,,
6664,オプトエレクトロニクス,スタンダード（内国株式）,電気機器,自動チェック完了,月次価格取得済み,財務取得済み,irbank:2026/02,ランキング判定に利用,232.0,,
6666,リバーエレテック,スタンダード（内国株式）,電気機器,自動チェック完了,月次価格取得済み,財務取得済み,irbank:2026/03,ランキング判定に利用,970.0,,
6668,アドテック　プラズマ　テクノロジー,スタンダード（内国株式）,電気機器,自動チェック完了,月次価格取得済み,財務取得済み,irbank:2026/02,ランキング判定に利用,4180.0,,
6670,ＭＣＪ,スタンダード（内国株式）,電気機器,自動チェック完了,月次価格取得済み,財務取得済み,irbank:2026/03,ランキング判定に利用,2184.0,,
6674,ジーエス・ユアサ　コーポレーション,プライム（内国株式）,電気機器,自動チェック完了,月次価格取得済み,財務取得済み,irbank:2026/03,ランキング判定に利用,6766.0,,
6675,サクサ,スタンダード（内国株式）,電気機器,自動チェック完了,月次価格取得済み,財務取得済み,irbank:2026/03,ランキング判定に利用,1872.0,,
6676,ＢＵＦＦＡＬＯ,スタンダード（内国株式）,電気機器,自動チェック完了,月次価格取得済み,財務取得済み,irbank:2026/03,ランキング判定に利用,2422.0,,
6677,エスケーエレクトロニクス,スタンダード（内国株式）,電気機器,自動チェック完了,月次価格取得済み,財務取得済み,irbank:2026/03,ランキング判定に利用,3420.0,,
6678,テクノメディカ,スタンダード（内国株式）,電気機器,自動チェック完了,月次価格取得済み,財務取得済み,irbank:2026/03,ランキング判定に利用,1978.0,,
6694,ズーム,スタンダード（内国株式）,電気機器,自動チェック完了,月次価格取得済み,財務取得済み,irbank:2026/03,ランキング判定に利用,634.0,,
6696,トラース・オン・プロダクト,グロース（内国株式）,電気機器,自動チェック完了,月次価格取得済み,財務取得済み,irbank:2026/04,ランキング判定に利用,242.0,,
6699,ダイヤモンドエレクトリックホールディングス,スタンダード（内国株式）,電気機器,自動チェック完了,月次価格取得済み,財務取得済み,irbank:2026/03,ランキング判定に利用,467.0,,
6701,日本電気,プライム（内国株式）,電気機器,自動チェック完了,月次価格取得済み,財務取得済み,irbank:2026/03,ランキング判定に利用,3795.0,,
6702,富士通,プライム（内国株式）,電気機器,補完チェック完了,月次価格取得済み,財務補完済み,completionEstimate,補完データでチャートと広域判定に利用,3199.0,,BPS、純資産、株数推定が不足
6703,沖電気工業,プライム（内国株式）,電気機器,自動チェック完了,月次価格取得済み,財務取得済み,irbank:2026/03,ランキング判定に利用,3700.0,,
6706,電気興業,プライム（内国株式）,電気機器,自動チェック完了,月次価格取得済み,財務取得済み,irbank:2026/03,ランキング判定に利用,3085.0,,
6707,サンケン電気,プライム（内国株式）,電気機器,自動チェック完了,月次価格取得済み,財務取得済み,irbank:2026/03,ランキング判定に利用,11055.0,,
6718,アイホン,プライム（内国株式）,電気機器,自動チェック完了,月次価格取得済み,財務取得済み,irbank:2026/03,ランキング判定に利用,2670.0,,
6721,ウインテスト,スタンダード（内国株式）,電気機器,自動チェック完了,月次価格取得済み,財務取得済み,irbank:2026/03,ランキング判定に利用,87.0,,
6723,ルネサスエレクトロニクス,プライム（内国株式）,電気機器,自動チェック完了,月次価格取得済み,財務取得済み,irbank:2026/03,ランキング判定に利用,4800.0,,
6724,セイコーエプソン,プライム（内国株式）,電気機器,補完チェック完了,月次価格取得済み,財務補完済み,completionEstimate,補完データでチャートと広域判定に利用,2691.5,,BPS、純資産、株数推定が不足
6727,ワコム,プライム（内国株式）,電気機器,自動チェック完了,月次価格取得済み,財務取得済み,irbank:2026/03,ランキング判定に利用,758.0,,
6728,アルバック,プライム（内国株式）,電気機器,自動チェック完了,月次価格取得済み,財務取得済み,irbank:2026/03,ランキング判定に利用,10215.0,,
6730,アクセル,スタンダード（内国株式）,電気機器,自動チェック完了,月次価格取得済み,財務取得済み,irbank:2026/03,ランキング判定に利用,1108.0,,
6731,ピクセラ,スタンダード（内国株式）,電気機器,自動チェック完了,月次価格取得済み,財務取得済み,irbank:2026/03,ランキング判定に利用,97.0,,
6736,サン電子,スタンダード（内国株式）,電気機器,自動チェック完了,月次価格取得済み,財務取得済み,irbank:2026/03,ランキング判定に利用,9030.0,,
6737,ＥＩＺＯ,プライム（内国株式）,電気機器,自動チェック完了,月次価格取得済み,財務取得済み,irbank:2026/03,ランキング判定に利用,2342.0,,
6740,ジャパンディスプレイ,プライム（内国株式）,電気機器,補完チェック完了,月次価格取得済み,財務補完済み,completionEstimate,補完データでチャートと広域判定に利用,60.0,,BPS、純資産、株数推定が不足
6741,日本信号,プライム（内国株式）,電気機器,自動チェック完了,月次価格取得済み,財務取得済み,irbank:2026/03,ランキング判定に利用,1590.0,,
6742,京三製作所,プライム（内国株式）,電気機器,自動チェック完了,月次価格取得済み,財務取得済み,irbank:2026/03,ランキング判定に利用,976.0,,
6743,大同信号,スタンダード（内国株式）,電気機器,自動チェック完了,月次価格取得済み,財務取得済み,irbank:2026/03,ランキング判定に利用,796.0,,
6744,能美防災,プライム（内国株式）,電気機器,自動チェック完了,月次価格取得済み,財務取得済み,irbank:2026/03,ランキング判定に利用,4130.0,,
6745,ホーチキ,プライム（内国株式）,電気機器,自動チェック完了,月次価格取得済み,財務取得済み,irbank:2026/03,ランキング判定に利用,1931.0,,
6748,星和電機,スタンダード（内国株式）,電気機器,自動チェック完了,月次価格取得済み,財務取得済み,irbank:2026/03,ランキング判定に利用,710.0,,
6750,エレコム,プライム（内国株式）,電気機器,自動チェック完了,月次価格取得済み,財務取得済み,irbank:2026/03,ランキング判定に利用,1800.0,,
6752,パナソニック　ホールディングス,プライム（内国株式）,電気機器,補完チェック完了,月次価格取得済み,財務補完済み,completionEstimate,補完データでチャートと広域判定に利用,4540.0,,BPS、純資産、株数推定が不足
6753,シャープ,プライム（内国株式）,電気機器,自動チェック完了,月次価格取得済み,財務取得済み,irbank:2026/03,ランキング判定に利用,606.2,,
6754,アンリツ,プライム（内国株式）,電気機器,補完チェック完了,月次価格取得済み,財務補完済み,completionEstimate,補完データでチャートと広域判定に利用,4375.0,,BPS、純資産、株数推定が不足
6757,ＯＳＧコーポレーション,スタンダード（内国株式）,電気機器,自動チェック完了,月次価格取得済み,財務取得済み,irbank:2026/04,ランキング判定に利用,824.0,,
6758,ソニーグループ,プライム（内国株式）,電気機器,補完チェック完了,月次価格取得済み,財務補完済み,completionEstimate,補完データでチャートと広域判定に利用,3199.0,,BPS、純資産、株数推定が不足
6762,ＴＤＫ,プライム（内国株式）,電気機器,自動チェック完了,月次価格取得済み,財務取得済み,irbank:2026/03,ランキング判定に利用,3575.0,,
6763,帝国通信工業,プライム（内国株式）,電気機器,自動チェック完了,月次価格取得済み,財務取得済み,irbank:2026/03,ランキング判定に利用,2972.0,,
6768,タムラ製作所,プライム（内国株式）,電気機器,自動チェック完了,月次価格取得済み,財務取得済み,irbank:2026/03,ランキング判定に利用,959.0,,
6769,ザインエレクトロニクス,スタンダード（内国株式）,電気機器,自動チェック完了,月次価格取得済み,財務取得済み,irbank:2026/03,ランキング判定に利用,1089.0,,
6770,アルプスアルパイン,プライム（内国株式）,電気機器,自動チェック完了,月次価格取得済み,財務取得済み,irbank:2026/03,ランキング判定に利用,1981.5,,
6771,池上通信機,スタンダード（内国株式）,電気機器,自動チェック完了,月次価格取得済み,財務取得済み,irbank:2026/03,ランキング判定に利用,639.0,,
6772,東京コスモス電機,スタンダード（内国株式）,電気機器,自動チェック完了,月次価格取得済み,財務取得済み,irbank:2026/03,ランキング判定に利用,1101.0,,
6775,ＴＢグループ,スタンダード（内国株式）,電気機器,自動チェック完了,月次価格取得済み,財務取得済み,irbank:2026/03,ランキング判定に利用,119.0,,
6776,天昇電気工業,スタンダード（内国株式）,化学,自動チェック完了,月次価格取得済み,財務取得済み,irbank:2026/03,ランキング判定に利用,263.0,,
6777,ｓａｎｔｅｃ　Ｈｏｌｄｉｎｇｓ,スタンダード（内国株式）,電気機器,自動チェック完了,月次価格取得済み,財務取得済み,irbank:2026/03,ランキング判定に利用,28000.0,,
6778,アルチザネットワークス,スタンダード（内国株式）,電気機器,自動チェック完了,月次価格取得済み,財務取得済み,irbank:2026/04,ランキング判定に利用,669.0,,
6779,日本電波工業,プライム（内国株式）,電気機器,補完チェック完了,月次価格取得済み,財務補完済み,completionEstimate,補完データでチャートと広域判定に利用,3890.0,,BPS、純資産、株数推定が不足
6785,鈴木,プライム（内国株式）,電気機器,自動チェック完了,月次価格取得済み,財務取得済み,irbank:2026/03,ランキング判定に利用,3325.0,,
6786,ＲＶＨ,スタンダード（内国株式）,サービス業,自動チェック完了,月次価格取得済み,財務取得済み,irbank:2026/03,ランキング判定に利用,48.0,,
6787,メイコー,プライム（内国株式）,電気機器,自動チェック完了,月次価格取得済み,財務取得済み,irbank:2026/03,ランキング判定に利用,30250.0,,
6788,日本トリム,プライム（内国株式）,電気機器,自動チェック完了,月次価格取得済み,財務取得済み,irbank:2026/03,ランキング判定に利用,4485.0,,
6794,フォスター電機,プライム（内国株式）,電気機器,自動チェック完了,月次価格取得済み,財務取得済み,irbank:2026/03,ランキング判定に利用,2921.0,,
6797,名古屋電機工業,スタンダード（内国株式）,電気機器,自動チェック完了,月次価格取得済み,財務取得済み,irbank:2026/03,ランキング判定に利用,1167.0,,
6798,ＳＭＫ,プライム（内国株式）,電気機器,自動チェック完了,月次価格取得済み,財務取得済み,irbank:2026/03,ランキング判定に利用,3155.0,,
6800,ヨコオ,プライム（内国株式）,電気機器,自動チェック完了,月次価格取得済み,財務取得済み,irbank:2026/03,ランキング判定に利用,6170.0,,
6803,ティアック,スタンダード（内国株式）,電気機器,補完チェック完了,月次価格取得済み,財務補完済み,completionEstimate,補完データでチャートと広域判定に利用,96.0,,BPS、純資産、株数推定が不足
6804,ホシデン,プライム（内国株式）,電気機器,自動チェック完了,月次価格取得済み,財務取得済み,irbank:2026/03,ランキング判定に利用,2748.0,,
6806,ヒロセ電機,プライム（内国株式）,電気機器,自動チェック完了,月次価格取得済み,財務取得済み,irbank:2026/03,ランキング判定に利用,29660.0,,
6807,日本航空電子工業,プライム（内国株式）,電気機器,自動チェック完了,月次価格取得済み,財務取得済み,irbank:2026/03,ランキング判定に利用,2276.0,,
6809,ＴＯＡ,プライム（内国株式）,電気機器,自動チェック完了,月次価格取得済み,財務取得済み,irbank:2026/03,ランキング判定に利用,1583.0,,
6810,マクセル,プライム（内国株式）,電気機器,自動チェック完了,月次価格取得済み,財務取得済み,irbank:2026/03,ランキング判定に利用,2148.0,,
6814,古野電気,プライム（内国株式）,電気機器,自動チェック完了,月次価格取得済み,財務取得済み,irbank:2026/02,ランキング判定に利用,5910.0,,
6817,スミダコーポレーション,プライム（内国株式）,電気機器,補完チェック完了,月次価格取得済み,財務補完済み,completionEstimate,補完データでチャートと広域判定に利用,1414.0,,BPS、純資産、株数推定が不足
6819,伊豆シャボテンリゾート,スタンダード（内国株式）,サービス業,自動チェック完了,月次価格取得済み,財務取得済み,irbank:2026/03,ランキング判定に利用,457.0,,
6820,アイコム,プライム（内国株式）,電気機器,自動チェック完了,月次価格取得済み,財務取得済み,irbank:2026/03,ランキング判定に利用,3060.0,,
6822,大井電気,スタンダード（内国株式）,電気機器,自動チェック完了,月次価格取得済み,財務取得済み,irbank:2026/03,ランキング判定に利用,5510.0,,
6823,リオン,プライム（内国株式）,電気機器,自動チェック完了,月次価格取得済み,財務取得済み,irbank:2026/03,ランキング判定に利用,3900.0,,
6824,新コスモス電機,スタンダード（内国株式）,電気機器,自動チェック完了,月次価格取得済み,財務取得済み,irbank:2026/03,ランキング判定に利用,4750.0,,
6832,アオイ電子,スタンダード（内国株式）,電気機器,自動チェック完了,月次価格取得済み,財務取得済み,irbank:2026/03,ランキング判定に利用,2824.0,,
6834,精工技研,スタンダード（内国株式）,電気機器,自動チェック完了,月次価格取得済み,財務取得済み,irbank:2026/03,ランキング判定に利用,31100.0,,
6835,アライドテレシスホールディングス,スタンダード（内国株式）,電気機器,自動チェック完了,月次価格取得済み,財務取得済み,irbank:2026/03,ランキング判定に利用,240.0,,
6836,ぷらっとホーム,スタンダード（内国株式）,電気機器,自動チェック完了,月次価格取得済み,財務取得済み,irbank:2026/03,ランキング判定に利用,669.0,,
6837,京写,スタンダード（内国株式）,電気機器,自動チェック完了,月次価格取得済み,財務取得済み,irbank:2026/03,ランキング判定に利用,375.0,,
6838,多摩川ホールディングス,スタンダード（内国株式）,電気機器,自動チェック完了,月次価格取得済み,財務取得済み,irbank:2026/04,ランキング判定に利用,1941.0,,
6840,ＡＫＩＢＡホールディングス,スタンダード（内国株式）,電気機器,自動チェック完了,月次価格取得済み,財務取得済み,irbank:2026/03,ランキング判定に利用,852.0,,
6841,横河電機,プライム（内国株式）,電気機器,自動チェック完了,月次価格取得済み,財務取得済み,irbank:2026/03,ランキング判定に利用,5587.0,,
6844,新電元工業,プライム（内国株式）,電気機器,自動チェック完了,月次価格取得済み,財務取得済み,irbank:2026/03,ランキング判定に利用,4050.0,,
6845,アズビル,プライム（内国株式）,電気機器,自動チェック完了,月次価格取得済み,財務取得済み,irbank:2026/03,ランキング判定に利用,1701.0,,
6848,東亜ディーケーケー,スタンダード（内国株式）,電気機器,自動チェック完了,月次価格取得済み,財務取得済み,irbank:2026/03,ランキング判定に利用,858.0,,
6849,日本光電工業,プライム（内国株式）,電気機器,自動チェック完了,月次価格取得済み,財務取得済み,irbank:2026/03,ランキング判定に利用,1426.5,,
6850,チノー,プライム（内国株式）,電気機器,自動チェック完了,月次価格取得済み,財務取得済み,irbank:2026/03,ランキング判定に利用,1680.0,,
6853,共和電業,スタンダード（内国株式）,電気機器,自動チェック完了,月次価格取得済み,財務取得済み,irbank:2026/03,ランキング判定に利用,800.0,,
6855,日本電子材料,スタンダード（内国株式）,電気機器,自動チェック完了,月次価格取得済み,財務取得済み,irbank:2026/03,ランキング判定に利用,8170.0,,
6856,堀場製作所,プライム（内国株式）,電気機器,自動チェック完了,月次価格取得済み,財務取得済み,irbank:2026/03,ランキング判定に利用,28130.0,,
6857,アドバンテスト,プライム（内国株式）,電気機器,補完チェック完了,月次価格取得済み,財務補完済み,completionEstimate,補完データでチャートと広域判定に利用,32440.0,,BPS、純資産、株数推定が不足
6858,小野測器,スタンダード（内国株式）,電気機器,自動チェック完了,月次価格取得済み,財務取得済み,irbank:2026/03,ランキング判定に利用,895.0,,
6859,エスペック,プライム（内国株式）,電気機器,自動チェック完了,月次価格取得済み,財務取得済み,irbank:2026/03,ランキング判定に利用,4370.0,,
6861,キーエンス,プライム（内国株式）,電気機器,自動チェック完了,月次価格取得済み,財務取得済み,irbank:2026/03,ランキング判定に利用,77100.0,,
6862,ミナトホールディングス,スタンダード（内国株式）,電気機器,自動チェック完了,月次価格取得済み,財務取得済み,irbank:2026/03,ランキング判定に利用,2179.0,,
6863,ニレコ,スタンダード（内国株式）,電気機器,自動チェック完了,月次価格取得済み,財務取得済み,irbank:2026/03,ランキング判定に利用,2831.0,,
6864,エヌエフホールディングス,スタンダード（内国株式）,電気機器,自動チェック完了,月次価格取得済み,財務取得済み,irbank:2026/03,ランキング判定に利用,1920.0,,
6866,日置電機,プライム（内国株式）,電気機器,自動チェック完了,月次価格取得済み,財務取得済み,irbank:2026/03,ランキング判定に利用,12680.0,,
6867,リーダー電子,スタンダード（内国株式）,電気機器,自動チェック完了,月次価格取得済み,財務取得済み,irbank:2026/03,ランキング判定に利用,406.0,,
6869,シスメックス,プライム（内国株式）,電気機器,自動チェック完了,月次価格取得済み,財務取得済み,irbank:2026/03,ランキング判定に利用,1464.0,,
6870,日本フェンオール,スタンダード（内国株式）,電気機器,自動チェック完了,月次価格取得済み,財務取得済み,confirmed,ランキング判定に利用,2540.0,,
6871,日本マイクロニクス,プライム（内国株式）,電気機器,自動チェック完了,月次価格取得済み,財務取得済み,irbank:2026/03,ランキング判定に利用,17150.0,,
6874,協立電機,スタンダード（内国株式）,電気機器,自動チェック完了,月次価格取得済み,財務取得済み,irbank:2026/03,ランキング判定に利用,2670.0,,
6875,メガチップス,プライム（内国株式）,電気機器,自動チェック完了,月次価格取得済み,財務取得済み,irbank:2026/03,ランキング判定に利用,10020.0,,
6877,ＯＢＡＲＡ　ＧＲＯＵＰ,スタンダード（内国株式）,電気機器,自動チェック完了,月次価格取得済み,財務取得済み,irbank:2026/03,ランキング判定に利用,6060.0,,
6882,三社電機製作所,スタンダード（内国株式）,電気機器,自動チェック完了,月次価格取得済み,財務取得済み,irbank:2026/03,ランキング判定に利用,1350.0,,
6888,アクモス,スタンダード（内国株式）,情報・通信業,自動チェック完了,月次価格取得済み,財務取得済み,irbank:2026/03,ランキング判定に利用,511.0,,
6890,フェローテック,スタンダード（内国株式）,電気機器,自動チェック完了,月次価格取得済み,財務取得済み,irbank:2026/03,ランキング判定に利用,9460.0,,
6894,パルステック工業,スタンダード（内国株式）,電気機器,自動チェック完了,月次価格取得済み,財務取得済み,irbank:2026/03,ランキング判定に利用,2194.0,,
6897,ツインバード,スタンダード（内国株式）,電気機器,自動チェック完了,月次価格取得済み,財務取得済み,irbank:2026/02,ランキング判定に利用,643.0,,
6898,トミタ電機,スタンダード（内国株式）,電気機器,自動チェック完了,月次価格取得済み,財務取得済み,irbank:2026/04,ランキング判定に利用,3600.0,,
6899,ＡＳＴＩ,スタンダード（内国株式）,電気機器,自動チェック完了,月次価格取得済み,財務取得済み,irbank:2026/03,ランキング判定に利用,2284.0,,
6902,デンソー,プライム（内国株式）,輸送用機器,補完チェック完了,月次価格取得済み,財務補完済み,completionEstimate,補完データでチャートと広域判定に利用,1875.0,,BPS、純資産、株数推定が不足
6904,原田工業,スタンダード（内国株式）,電気機器,自動チェック完了,月次価格取得済み,財務取得済み,irbank:2026/03,ランキング判定に利用,442.0,,
6905,コーセル,プライム（内国株式）,電気機器,自動チェック完了,月次価格取得済み,財務取得済み,irbank:2026/05,ランキング判定に利用,1497.0,,
6907,ジオマテック,スタンダード（内国株式）,電気機器,自動チェック完了,月次価格取得済み,財務取得済み,irbank:2026/03,ランキング判定に利用,619.0,,
6908,イリソ電子工業,プライム（内国株式）,電気機器,自動チェック完了,月次価格取得済み,財務取得済み,irbank:2025/12,ランキング判定に利用,2957.0,,
6912,菊水ホールディングス,スタンダード（内国株式）,電気機器,自動チェック完了,月次価格取得済み,財務取得済み,irbank:2026/03,ランキング判定に利用,2062.0,,
6914,オプテックスグループ,プライム（内国株式）,電気機器,自動チェック完了,月次価格取得済み,財務取得済み,irbank:2026/03,ランキング判定に利用,4230.0,,
6915,千代田インテグレ,スタンダード（内国株式）,電気機器,自動チェック完了,月次価格取得済み,財務取得済み,irbank:2026/03,ランキング判定に利用,3170.0,,
6918,アバールデータ,スタンダード（内国株式）,電気機器,自動チェック完了,月次価格取得済み,財務取得済み,irbank:2026/03,ランキング判定に利用,3270.0,,
6919,ケル,スタンダード（内国株式）,電気機器,自動チェック完了,月次価格取得済み,財務取得済み,irbank:2026/03,ランキング判定に利用,1348.0,,
6920,レーザーテック,プライム（内国株式）,電気機器,自動チェック完了,月次価格取得済み,財務取得済み,irbank:2026/03,ランキング判定に利用,50000.0,,
6923,スタンレー電気,プライム（内国株式）,電気機器,自動チェック完了,月次価格取得済み,財務取得済み,irbank:2026/03,ランキング判定に利用,3546.0,,
6925,ウシオ電機,プライム（内国株式）,電気機器,自動チェック完了,月次価格取得済み,財務取得済み,irbank:2026/03,ランキング判定に利用,4361.0,,
6926,岡谷電機産業,スタンダード（内国株式）,電気機器,自動チェック完了,月次価格取得済み,財務取得済み,irbank:2026/03,ランキング判定に利用,181.0,,
6927,ヘリオス　テクノ　ホールディング,スタンダード（内国株式）,電気機器,自動チェック完了,月次価格取得済み,財務取得済み,irbank:2026/03,ランキング判定に利用,919.0,,
6928,エノモト,スタンダード（内国株式）,電気機器,自動チェック完了,月次価格取得済み,財務取得済み,irbank:2026/03,ランキング判定に利用,3165.0,,
6929,日本セラミック,プライム（内国株式）,電気機器,自動チェック完了,月次価格取得済み,財務取得済み,irbank:2026/03,ランキング判定に利用,3755.0,,
6932,遠藤照明,スタンダード（内国株式）,電気機器,自動チェック完了,月次価格取得済み,財務取得済み,irbank:2026/03,ランキング判定に利用,2369.0,,
6941,山一電機,プライム（内国株式）,電気機器,自動チェック完了,月次価格取得済み,財務取得済み,irbank:2026/03,ランキング判定に利用,10260.0,,
6942,ソフィアホールディングス,スタンダード（内国株式）,情報・通信業,自動チェック完了,月次価格取得済み,財務取得済み,irbank:2026/03,ランキング判定に利用,1316.0,,
6943,ＮＫＫスイッチズ,スタンダード（内国株式）,電気機器,自動チェック完了,月次価格取得済み,財務取得済み,irbank:2026/03,ランキング判定に利用,4945.0,,
6946,日本アビオニクス,スタンダード（内国株式）,電気機器,自動チェック完了,月次価格取得済み,財務取得済み,irbank:2026/03,ランキング判定に利用,4885.0,,
6947,図研,プライム（内国株式）,電気機器,自動チェック完了,月次価格取得済み,財務取得済み,irbank:2026/03,ランキング判定に利用,4505.0,,
6951,日本電子,プライム（内国株式）,電気機器,自動チェック完了,月次価格取得済み,財務取得済み,irbank:2026/03,ランキング判定に利用,7343.0,,
6952,カシオ計算機,プライム（内国株式）,電気機器,自動チェック完了,月次価格取得済み,財務取得済み,irbank:2026/03,ランキング判定に利用,1990.5,,
6954,ファナック,プライム（内国株式）,電気機器,自動チェック完了,月次価格取得済み,財務取得済み,irbank:2026/03,ランキング判定に利用,7026.0,,
6955,ＦＤＫ,スタンダード（内国株式）,電気機器,自動チェック完了,月次価格取得済み,財務取得済み,irbank:2026/03,ランキング判定に利用,495.0,,
6958,日本シイエムケイ,プライム（内国株式）,電気機器,自動チェック完了,月次価格取得済み,財務取得済み,irbank:2026/03,ランキング判定に利用,657.0,,
6960,フクダ電子,スタンダード（内国株式）,電気機器,自動チェック完了,月次価格取得済み,財務取得済み,irbank:2026/03,ランキング判定に利用,10860.0,,
6961,エンプラス,プライム（内国株式）,電気機器,自動チェック完了,月次価格取得済み,財務取得済み,irbank:2026/03,ランキング判定に利用,13170.0,,
6962,大真空,プライム（内国株式）,電気機器,自動チェック完了,月次価格取得済み,財務取得済み,irbank:2026/03,ランキング判定に利用,923.0,,
6963,ローム,プライム（内国株式）,電気機器,自動チェック完了,月次価格取得済み,財務取得済み,irbank:2026/03,ランキング判定に利用,5342.0,,
6964,サンコー,スタンダード（内国株式）,電気機器,自動チェック完了,月次価格取得済み,財務取得済み,irbank:2026/03,ランキング判定に利用,653.0,,
6965,浜松ホトニクス,プライム（内国株式）,電気機器,自動チェック完了,月次価格取得済み,財務取得済み,irbank:2026/03,ランキング判定に利用,2625.0,,
6966,三井ハイテック,プライム（内国株式）,電気機器,自動チェック完了,月次価格取得済み,財務取得済み,irbank:2026/04,ランキング判定に利用,992.0,,
6969,松尾電機,スタンダード（内国株式）,電気機器,自動チェック完了,月次価格取得済み,財務取得済み,irbank:2026/03,ランキング判定に利用,1502.0,,
6971,京セラ,プライム（内国株式）,電気機器,補完チェック完了,月次価格取得済み,財務補完済み,completionEstimate,補完データでチャートと広域判定に利用,3411.0,,BPS、純資産、株数推定が不足
6976,太陽誘電,プライム（内国株式）,電気機器,自動チェック完了,月次価格取得済み,財務取得済み,irbank:2026/03,ランキング判定に利用,16780.0,,
6977,日本抵抗器製作所,スタンダード（内国株式）,電気機器,自動チェック完了,月次価格取得済み,財務取得済み,irbank:2026/03,ランキング判定に利用,1525.0,,
6981,村田製作所,プライム（内国株式）,電気機器,補完チェック完了,月次価格取得済み,財務補完済み,completionEstimate,補完データでチャートと広域判定に利用,10770.0,,BPS、純資産、株数推定が不足
6982,リード,スタンダード（内国株式）,輸送用機器,自動チェック完了,月次価格取得済み,財務取得済み,irbank:2026/03,ランキング判定に利用,571.0,,
6986,双葉電子工業,プライム（内国株式）,電気機器,自動チェック完了,月次価格取得済み,財務取得済み,irbank:2026/03,ランキング判定に利用,542.0,,
6988,日東電工,プライム（内国株式）,化学,補完チェック完了,月次価格取得済み,財務補完済み,completionEstimate,補完データでチャートと広域判定に利用,3152.0,,BPS、純資産、株数推定が不足
6989,北陸電気工業,スタンダード（内国株式）,電気機器,自動チェック完了,月次価格取得済み,財務取得済み,irbank:2026/03,ランキング判定に利用,2432.0,,
6993,大黒屋ホールディングス,スタンダード（内国株式）,小売業,自動チェック完了,月次価格取得済み,財務取得済み,irbank:2026/03,ランキング判定に利用,90.0,,
6994,指月電機製作所,スタンダード（内国株式）,電気機器,自動チェック完了,月次価格取得済み,財務取得済み,irbank:2026/03,ランキング判定に利用,1379.0,,
6995,東海理化電機製作所,プライム（内国株式）,輸送用機器,自動チェック完了,月次価格取得済み,財務取得済み,irbank:2026/03,ランキング判定に利用,3010.0,,
6996,ニチコン,プライム（内国株式）,電気機器,自動チェック完了,月次価格取得済み,財務取得済み,irbank:2026/03,ランキング判定に利用,4300.0,,
6997,日本ケミコン,プライム（内国株式）,電気機器,自動チェック完了,月次価格取得済み,財務取得済み,irbank:2026/03,ランキング判定に利用,5590.0,,
6998,日本タングステン,スタンダード（内国株式）,電気機器,自動チェック完了,月次価格取得済み,財務取得済み,irbank:2026/03,ランキング判定に利用,2045.0,,
6999,ＫＯＡ,プライム（内国株式）,電気機器,自動チェック完了,月次価格取得済み,財務取得済み,irbank:2026/03,ランキング判定に利用,2929.0,,
7003,三井Ｅ＆Ｓ,プライム（内国株式）,機械,自動チェック完了,月次価格取得済み,財務取得済み,irbank:2026/03,ランキング判定に利用,4088.0,,
7004,カナデビア,プライム（内国株式）,機械,自動チェック完了,月次価格取得済み,財務取得済み,irbank:2026/03,ランキング判定に利用,1260.0,,
7011,三菱重工業,プライム（内国株式）,機械,自動チェック完了,月次価格取得済み,財務取得済み,irbank:2026/03,ランキング判定に利用,3567.0,,
7012,川崎重工業,プライム（内国株式）,輸送用機器,自動チェック完了,月次価格取得済み,財務取得済み,irbank:2026/03,ランキング判定に利用,2836.0,,
7013,ＩＨＩ,プライム（内国株式）,機械,自動チェック完了,月次価格取得済み,財務取得済み,irbank:2026/03,ランキング判定に利用,2672.5,,
7014,名村造船所,スタンダード（内国株式）,輸送用機器,自動チェック完了,月次価格取得済み,財務取得済み,irbank:2026/03,ランキング判定に利用,3690.0,,
7018,内海造船,スタンダード（内国株式）,輸送用機器,自動チェック完了,月次価格取得済み,財務取得済み,irbank:2026/03,ランキング判定に利用,9070.0,,
7021,ニッチツ,スタンダード（内国株式）,機械,自動チェック完了,月次価格取得済み,財務取得済み,irbank:2026/03,ランキング判定に利用,1775.0,,
7022,サノヤスホールディングス,スタンダード（内国株式）,機械,自動チェック完了,月次価格取得済み,財務取得済み,irbank:2026/03,ランキング判定に利用,246.0,,
7030,スプリックス,スタンダード（内国株式）,サービス業,自動チェック完了,月次価格取得済み,財務取得済み,irbank:2026/03,ランキング判定に利用,986.0,,
7031,インバウンドテック,グロース（内国株式）,サービス業,自動チェック完了,月次価格取得済み,財務取得済み,irbank:2026/03,ランキング判定に利用,649.0,,
7033,マネジメントソリューションズ,プライム（内国株式）,サービス業,自動チェック完了,月次価格取得済み,財務取得済み,irbank:2026/03,ランキング判定に利用,1319.0,,
7034,プロレド・パートナーズ,プライム（内国株式）,サービス業,自動チェック完了,月次価格取得済み,財務取得済み,irbank:2026/04,ランキング判定に利用,333.0,,
7035,ａｎｄ　ｆａｃｔｏｒｙ,スタンダード（内国株式）,サービス業,自動チェック完了,月次価格取得済み,財務取得済み,irbank:2026/02,ランキング判定に利用,231.0,,
7036,イーエムネットジャパン,グロース（内国株式）,サービス業,自動チェック完了,月次価格取得済み,財務取得済み,irbank:2026/03,ランキング判定に利用,608.0,,
7037,テノ．ホールディングス,スタンダード（内国株式）,サービス業,自動チェック完了,月次価格取得済み,財務取得済み,irbank:2026/03,ランキング判定に利用,865.0,,
7038,フロンティア・マネジメント,プライム（内国株式）,サービス業,自動チェック完了,月次価格取得済み,財務取得済み,irbank:2026/03,ランキング判定に利用,600.0,,
7039,ブリッジインターナショナルグループ,グロース（内国株式）,サービス業,自動チェック完了,月次価格取得済み,財務取得済み,irbank:2026/03,ランキング判定に利用,1688.0,,
7040,サン・ライフホールディング,スタンダード（内国株式）,サービス業,自動チェック完了,月次価格取得済み,財務取得済み,irbank:2026/03,ランキング判定に利用,973.0,,
7041,ＣＲＧホールディングス,グロース（内国株式）,サービス業,自動チェック完了,月次価格取得済み,財務取得済み,irbank:2026/03,ランキング判定に利用,257.0,,
7042,アクセスグループ・ホールディングス,スタンダード（内国株式）,サービス業,自動チェック完了,月次価格取得済み,財務取得済み,irbank:2026/03,ランキング判定に利用,625.0,,
7043,アルー,グロース（内国株式）,サービス業,自動チェック完了,月次価格取得済み,財務取得済み,irbank:2026/03,ランキング判定に利用,927.0,,
7044,ピアラ,スタンダード（内国株式）,サービス業,自動チェック完了,月次価格取得済み,財務取得済み,irbank:2026/03,ランキング判定に利用,573.0,,
7046,ＴＤＳＥ,グロース（内国株式）,サービス業,自動チェック完了,月次価格取得済み,財務取得済み,irbank:2026/03,ランキング判定に利用,1272.0,,
7047,ポート,グロース（内国株式）,サービス業,自動チェック完了,月次価格取得済み,財務取得済み,irbank:2026/03,ランキング判定に利用,2051.0,,
7048,ベルトラ,グロース（内国株式）,サービス業,自動チェック完了,月次価格取得済み,財務取得済み,irbank:2026/03,ランキング判定に利用,162.0,,
7049,識学,グロース（内国株式）,サービス業,自動チェック完了,月次価格取得済み,財務取得済み,irbank:2026/02,ランキング判定に利用,834.0,,
7050,フロンティアインターナショナル,グロース（内国株式）,サービス業,自動チェック完了,月次価格取得済み,財務取得済み,irbank:2026/04,ランキング判定に利用,1280.0,,
7057,エヌ・シー・エヌ,スタンダード（内国株式）,サービス業,自動チェック完了,月次価格取得済み,財務取得済み,irbank:2026/03,ランキング判定に利用,900.0,,
7058,共栄セキュリティーサービス,スタンダード（内国株式）,サービス業,自動チェック完了,月次価格取得済み,財務取得済み,irbank:2026/03,ランキング判定に利用,3020.0,,
7059,コプロ・ホールディングス,プライム（内国株式）,サービス業,自動チェック完了,月次価格取得済み,財務取得済み,irbank:2026/03,ランキング判定に利用,752.0,,
7060,ギークス,スタンダード（内国株式）,サービス業,自動チェック完了,月次価格取得済み,財務取得済み,irbank:2026/03,ランキング判定に利用,576.0,,
7061,日本ホスピスホールディングス,グロース（内国株式）,サービス業,自動チェック完了,月次価格取得済み,財務取得済み,irbank:2026/03,ランキング判定に利用,527.0,,
7062,フレアス,グロース（内国株式）,サービス業,自動チェック完了,月次価格取得済み,財務取得済み,irbank:2026/03,ランキング判定に利用,722.0,,
7063,Ｂｉｒｄｍａｎ,グロース（内国株式）,サービス業,自動チェック完了,月次価格取得済み,財務取得済み,irbank:2026/03,ランキング判定に利用,71.0,,
7064,ハウテレビジョン,スタンダード（内国株式）,サービス業,自動チェック完了,月次価格取得済み,財務取得済み,irbank:2026/04,ランキング判定に利用,836.0,,
7065,ユーピーアール,スタンダード（内国株式）,サービス業,自動チェック完了,月次価格取得済み,財務取得済み,irbank:2026/02,ランキング判定に利用,951.0,,
7066,ピアズ,グロース（内国株式）,サービス業,自動チェック完了,月次価格取得済み,財務取得済み,irbank:2026/03,ランキング判定に利用,384.0,,
7067,ブランディングテクノロジー,グロース（内国株式）,サービス業,自動チェック完了,月次価格取得済み,財務取得済み,irbank:2026/03,ランキング判定に利用,956.0,,
7068,フィードフォースグループ,グロース（内国株式）,サービス業,自動チェック完了,月次価格取得済み,財務取得済み,irbank:2026/05,ランキング判定に利用,490.0,,
7069,サイバー・バズ,グロース（内国株式）,サービス業,自動チェック完了,月次価格取得済み,財務取得済み,irbank:2026/03,ランキング判定に利用,1279.0,,
7071,アンビスホールディングス,プライム（内国株式）,サービス業,自動チェック完了,月次価格取得済み,財務取得済み,irbank:2026/03,ランキング判定に利用,320.0,,
7072,インティメート・マージャー,グロース（内国株式）,サービス業,自動チェック完了,月次価格取得済み,財務取得済み,irbank:2026/03,ランキング判定に利用,990.0,,
7073,ジェイック,グロース（内国株式）,サービス業,自動チェック完了,月次価格取得済み,財務取得済み,irbank:2026/04,ランキング判定に利用,2205.0,,
7074,トゥエンティーフォーセブンホールディングス,グロース（内国株式）,サービス業,自動チェック完了,月次価格取得済み,財務取得済み,irbank:2026/02,ランキング判定に利用,165.0,,
7075,ＱＬＳホールディングス,グロース（内国株式）,サービス業,自動チェック完了,月次価格取得済み,財務取得済み,irbank:2026/03,ランキング判定に利用,794.0,,
7077,ＡＬｉＮＫインターネット,グロース（内国株式）,サービス業,自動チェック完了,月次価格取得済み,財務取得済み,irbank:2026/02,ランキング判定に利用,976.0,,
7078,ＩＮＣＬＵＳＩＶＥ　Ｈｏｌｄｉｎｇｓ,グロース（内国株式）,サービス業,自動チェック完了,月次価格取得済み,財務取得済み,irbank:2026/03,ランキング判定に利用,342.0,,
7079,ＷＤＢココ,グロース（内国株式）,サービス業,自動チェック完了,月次価格取得済み,財務取得済み,irbank:2026/03,ランキング判定に利用,2529.0,,
7080,スポーツフィールド,グロース（内国株式）,サービス業,自動チェック完了,月次価格取得済み,財務取得済み,irbank:2026/03,ランキング判定に利用,778.0,,
7081,コーユーレンティア,スタンダード（内国株式）,サービス業,自動チェック完了,月次価格取得済み,財務取得済み,irbank:2026/03,ランキング判定に利用,1293.0,,
7082,ジモティー,グロース（内国株式）,サービス業,自動チェック完了,月次価格取得済み,財務取得済み,irbank:2026/03,ランキング判定に利用,1400.0,,
7083,ＡＨＣグループ,グロース（内国株式）,サービス業,自動チェック完了,月次価格取得済み,財務取得済み,irbank:2026/02,ランキング判定に利用,1000.0,,
7084,Ｓｍｉｌｅ　Ｈｏｌｄｉｎｇｓ,グロース（内国株式）,サービス業,自動チェック完了,月次価格取得済み,財務取得済み,irbank:2026/03,ランキング判定に利用,2788.0,,
7085,カーブスホールディングス,プライム（内国株式）,サービス業,自動チェック完了,月次価格取得済み,財務取得済み,irbank:2026/02,ランキング判定に利用,915.0,,
7087,ウイルテック,スタンダード（内国株式）,サービス業,自動チェック完了,月次価格取得済み,財務取得済み,irbank:2026/03,ランキング判定に利用,1318.0,,
7089,フォースタートアップス,グロース（内国株式）,サービス業,自動チェック完了,月次価格取得済み,財務取得済み,irbank:2026/03,ランキング判定に利用,1516.0,,
7090,リグア,グロース（内国株式）,サービス業,自動チェック完了,月次価格取得済み,財務取得済み,irbank:2026/03,ランキング判定に利用,711.0,,
7091,リビングプラットフォーム,グロース（内国株式）,サービス業,自動チェック完了,月次価格取得済み,財務取得済み,irbank:2026/03,ランキング判定に利用,1199.0,,
7093,アディッシュ,グロース（内国株式）,サービス業,自動チェック完了,月次価格取得済み,財務取得済み,irbank:2026/03,ランキング判定に利用,477.0,,
7094,ＮｅｘＴｏｎｅ,グロース（内国株式）,サービス業,自動チェック完了,月次価格取得済み,財務取得済み,irbank:2026/03,ランキング判定に利用,1261.0,,
7095,Ｍａｃｂｅｅ　Ｐｌａｎｅｔ,プライム（内国株式）,サービス業,自動チェック完了,月次価格取得済み,財務取得済み,irbank:2026/04,ランキング判定に利用,1048.0,,
7096,ステムセル研究所,グロース（内国株式）,サービス業,自動チェック完了,月次価格取得済み,財務取得済み,irbank:2026/03,ランキング判定に利用,703.0,,
7097,さくらさくプラス,グロース（内国株式）,サービス業,自動チェック完了,月次価格取得済み,財務取得済み,irbank:2026/04,ランキング判定に利用,3015.0,,
7102,日本車輌製造,プライム（内国株式）,輸送用機器,自動チェック完了,月次価格取得済み,財務取得済み,irbank:2026/03,ランキング判定に利用,3130.0,,
7110,クラシコム,グロース（内国株式）,小売業,自動チェック完了,月次価格取得済み,財務取得済み,irbank:2026/04,ランキング判定に利用,2002.0,,
7111,ＩＮＥＳＴ,スタンダード（内国株式）,卸売業,補完チェック完了,月次価格取得済み,財務補完済み,completionEstimate,補完データでチャートと広域判定に利用,432.0,,BPS、純資産、株数推定が不足
7112,キューブ,グロース（内国株式）,小売業,自動チェック完了,月次価格取得済み,財務取得済み,irbank:2026/03,ランキング判定に利用,697.0,,
7114,フーディソン,グロース（内国株式）,卸売業,自動チェック完了,月次価格取得済み,財務取得済み,irbank:2026/03,ランキング判定に利用,698.0,,
7115,アルファパーチェス,スタンダード（内国株式）,卸売業,自動チェック完了,月次価格取得済み,財務取得済み,irbank:2026/03,ランキング判定に利用,1447.0,,
7119,ハルメクホールディングス,グロース（内国株式）,小売業,補完チェック完了,月次価格取得済み,財務補完済み,completionEstimate,補完データでチャートと広域判定に利用,1625.0,,BPS、純資産、株数推定が不足
7120,ＳＨＩＮＫＯ,スタンダード（内国株式）,卸売業,自動チェック完了,月次価格取得済み,財務取得済み,irbank:2026/03,ランキング判定に利用,1012.0,,
7122,近畿車輛,スタンダード（内国株式）,輸送用機器,自動チェック完了,月次価格取得済み,財務取得済み,irbank:2026/03,ランキング判定に利用,2385.0,,
7126,グローバルスタイル,スタンダード（内国株式）,小売業,自動チェック完了,月次価格取得済み,財務取得済み,irbank:2026/04,ランキング判定に利用,1510.0,,
7127,一家ホールディングス,スタンダード（内国株式）,小売業,自動チェック完了,月次価格取得済み,財務取得済み,irbank:2026/03,ランキング判定に利用,694.0,,
7128,ユニソルホールディングス,プライム（内国株式）,卸売業,自動チェック完了,月次価格取得済み,財務取得済み,irbank:2026/03,ランキング判定に利用,2135.0,,
7129,ミアヘルサホールディングス,スタンダード（内国株式）,小売業,自動チェック完了,月次価格取得済み,財務取得済み,irbank:2026/03,ランキング判定に利用,1132.0,,
7130,ヤマエグループホールディングス,プライム（内国株式）,卸売業,自動チェック完了,月次価格取得済み,財務取得済み,irbank:2026/03,ランキング判定に利用,2800.0,,
7131,のむら産業,スタンダード（内国株式）,卸売業,自動チェック完了,月次価格取得済み,財務取得済み,irbank:2026/04,ランキング判定に利用,3370.0,,
7133,ＨＹＵＧＡ　ＰＲＩＭＡＲＹ　ＣＡＲＥ,グロース（内国株式）,小売業,自動チェック完了,月次価格取得済み,財務取得済み,irbank:2026/03,ランキング判定に利用,1060.0,,
7134,アップガレージグループ,スタンダード（内国株式）,小売業,自動チェック完了,月次価格取得済み,財務取得済み,irbank:2026/03,ランキング判定に利用,1174.0,,
7135,ジャパンクラフトホールディングス,スタンダード（内国株式）,小売業,自動チェック完了,月次価格取得済み,財務取得済み,irbank:2026/03,ランキング判定に利用,222.0,,
7138,ＴＯＲＩＣＯ,グロース（内国株式）,小売業,自動チェック完了,月次価格取得済み,財務取得済み,irbank:2026/03,ランキング判定に利用,121.0,,
7140,ペットゴー,グロース（内国株式）,小売業,自動チェック完了,月次価格取得済み,財務取得済み,irbank:2026/03,ランキング判定に利用,824.0,,
7148,ＦＰＧ,プライム（内国株式）,証券、商品先物取引業,自動チェック完了,月次価格取得済み,財務取得済み,irbank:2026/03,ランキング判定に利用,1510.0,,
7150,島根銀行,スタンダード（内国株式）,銀行業,自動チェック完了,月次価格取得済み,財務取得済み,irbank:2026/03,ランキング判定に利用,471.0,,
7157,ライフネット生命保険,プライム（内国株式）,保険業,自動チェック完了,月次価格取得済み,財務取得済み,irbank:2026/03,ランキング判定に利用,1506.0,,
7161,じもとホールディングス,スタンダード（内国株式）,銀行業,自動チェック完了,月次価格取得済み,財務取得済み,irbank:2026/03,ランキング判定に利用,494.0,,
7162,アストマックス,スタンダード（内国株式）,電気・ガス業,自動チェック完了,月次価格取得済み,財務取得済み,irbank:2026/03,ランキング判定に利用,257.0,,
7164,全国保証,プライム（内国株式）,その他金融業,自動チェック完了,月次価格取得済み,財務取得済み,irbank:2026/03,ランキング判定に利用,3000.0,,
7167,めぶきフィナンシャルグループ,プライム（内国株式）,銀行業,自動チェック完了,月次価格取得済み,財務取得済み,irbank:2026/03,ランキング判定に利用,1407.5,,
7172,ジャパンインベストメントアドバイザー,プライム（内国株式）,証券、商品先物取引業,自動チェック完了,月次価格取得済み,財務取得済み,irbank:2026/03,ランキング判定に利用,2066.0,,
7173,東京きらぼしフィナンシャルグループ,プライム（内国株式）,銀行業,自動チェック完了,月次価格取得済み,財務取得済み,irbank:2026/03,ランキング判定に利用,14370.0,,
7175,今村証券,スタンダード（内国株式）,証券、商品先物取引業,自動チェック完了,月次価格取得済み,財務取得済み,irbank:2026/03,ランキング判定に利用,1365.0,,
7177,ＧＭＯフィナンシャルホールディングス,スタンダード（内国株式）,証券、商品先物取引業,自動チェック完了,月次価格取得済み,財務取得済み,irbank:2026/03,ランキング判定に利用,987.0,,
7180,九州フィナンシャルグループ,プライム（内国株式）,銀行業,自動チェック完了,月次価格取得済み,財務取得済み,irbank:2026/03,ランキング判定に利用,1436.5,,
7181,かんぽ生命保険,プライム（内国株式）,保険業,自動チェック完了,月次価格取得済み,財務取得済み,irbank:2026/03,ランキング判定に利用,1491.5,,
7182,ゆうちょ銀行,プライム（内国株式）,銀行業,自動チェック完了,月次価格取得済み,財務取得済み,irbank:2026/03,ランキング判定に利用,3069.0,,
7183,あんしん保証,スタンダード（内国株式）,その他金融業,自動チェック完了,月次価格取得済み,財務取得済み,irbank:2026/03,ランキング判定に利用,257.0,,
7184,富山第一銀行,プライム（内国株式）,銀行業,自動チェック完了,月次価格取得済み,財務取得済み,irbank:2026/03,ランキング判定に利用,2436.0,,
7185,ヒロセ通商,スタンダード（内国株式）,証券、商品先物取引業,自動チェック完了,月次価格取得済み,財務取得済み,irbank:2026/03,ランキング判定に利用,3730.0,,
7186,横浜フィナンシャルグループ,プライム（内国株式）,銀行業,自動チェック完了,月次価格取得済み,財務取得済み,irbank:2026/03,ランキング判定に利用,1713.5,,
7187,ジェイリース,プライム（内国株式）,その他金融業,自動チェック完了,月次価格取得済み,財務取得済み,irbank:2026/03,ランキング判定に利用,1309.0,,
7189,西日本フィナンシャルホールディングス,プライム（内国株式）,銀行業,自動チェック完了,月次価格取得済み,財務取得済み,irbank:2026/03,ランキング判定に利用,4204.0,,
7191,イントラスト,スタンダード（内国株式）,その他金融業,自動チェック完了,月次価格取得済み,財務取得済み,irbank:2026/03,ランキング判定に利用,1055.0,,
7192,日本モーゲージサービス,スタンダード（内国株式）,その他金融業,自動チェック完了,月次価格取得済み,財務取得済み,irbank:2026/03,ランキング判定に利用,550.0,,
7196,Ｃａｓａ,スタンダード（内国株式）,その他金融業,自動チェック完了,月次価格取得済み,財務取得済み,irbank:2026/04,ランキング判定に利用,780.0,,
7198,ＳＢＩアルヒ,プライム（内国株式）,その他金融業,補完チェック完了,月次価格取得済み,財務補完済み,completionEstimate,補完データでチャートと広域判定に利用,781.0,,BPS、純資産、株数推定が不足
7199,プレミアグループ,プライム（内国株式）,その他金融業,補完チェック完了,月次価格取得済み,財務補完済み,completionEstimate,補完データでチャートと広域判定に利用,1982.0,,BPS、純資産、株数推定が不足
7201,日産自動車,プライム（内国株式）,輸送用機器,自動チェック完了,月次価格取得済み,財務取得済み,irbank:2026/03,ランキング判定に利用,300.0,,
7202,いすゞ自動車,プライム（内国株式）,輸送用機器,自動チェック完了,月次価格取得済み,財務取得済み,irbank:2026/03,ランキング判定に利用,2195.5,,
7203,トヨタ自動車,プライム（内国株式）,輸送用機器,自動チェック完了,月次価格取得済み,財務取得済み,irbank:2026/03,ランキング判定に利用,2768.0,,
7208,カネミツ,スタンダード（内国株式）,輸送用機器,自動チェック完了,月次価格取得済み,財務取得済み,irbank:2026/03,ランキング判定に利用,1216.0,,
7211,三菱自動車工業,プライム（内国株式）,輸送用機器,自動チェック完了,月次価格取得済み,財務取得済み,irbank:2026/03,ランキング判定に利用,313.8,,
7212,エフテック,スタンダード（内国株式）,輸送用機器,自動チェック完了,月次価格取得済み,財務取得済み,irbank:2026/03,ランキング判定に利用,637.0,,
7213,レシップホールディングス,スタンダード（内国株式）,輸送用機器,自動チェック完了,月次価格取得済み,財務取得済み,irbank:2026/03,ランキング判定に利用,583.0,,
7214,ＧＭＢ,スタンダード（内国株式）,輸送用機器,自動チェック完了,月次価格取得済み,財務取得済み,irbank:2026/03,ランキング判定に利用,979.0,,
7215,ファルテック,スタンダード（内国株式）,輸送用機器,自動チェック完了,月次価格取得済み,財務取得済み,irbank:2026/03,ランキング判定に利用,415.0,,
7217,テイン,スタンダード（内国株式）,輸送用機器,自動チェック完了,月次価格取得済み,財務取得済み,irbank:2026/03,ランキング判定に利用,426.0,,
7218,田中精密工業,スタンダード（内国株式）,輸送用機器,自動チェック完了,月次価格取得済み,財務取得済み,irbank:2026/03,ランキング判定に利用,1115.0,,
7219,エッチ・ケー・エス,スタンダード（内国株式）,輸送用機器,自動チェック完了,月次価格取得済み,財務取得済み,irbank:2026/02,ランキング判定に利用,2284.0,,
7220,武蔵精密工業,プライム（内国株式）,輸送用機器,自動チェック完了,月次価格取得済み,財務取得済み,irbank:2026/03,ランキング判定に利用,4005.0,,
7222,日産車体,スタンダード（内国株式）,輸送用機器,自動チェック完了,月次価格取得済み,財務取得済み,irbank:2026/03,ランキング判定に利用,939.0,,
7224,新明和工業,プライム（内国株式）,輸送用機器,自動チェック完了,月次価格取得済み,財務取得済み,irbank:2026/03,ランキング判定に利用,2056.0,,
7226,極東開発工業,プライム（内国株式）,輸送用機器,自動チェック完了,月次価格取得済み,財務取得済み,irbank:2026/03,ランキング判定に利用,2134.0,,
7228,デイトナ,スタンダード（内国株式）,輸送用機器,自動チェック完了,月次価格取得済み,財務取得済み,irbank:2026/03,ランキング判定に利用,3785.0,,
7229,ユタカ技研,スタンダード（内国株式）,輸送用機器,補完チェック完了,月次価格取得済み,財務補完済み,completionEstimate,補完データでチャートと広域判定に利用,3005.0,,BPS、純資産、株数推定が不足
7231,トピー工業,プライム（内国株式）,輸送用機器,自動チェック完了,月次価格取得済み,財務取得済み,irbank:2026/03,ランキング判定に利用,2714.0,,
7235,東京ラヂエーター製造,スタンダード（内国株式）,輸送用機器,自動チェック完了,月次価格取得済み,財務取得済み,irbank:2026/03,ランキング判定に利用,1418.0,,
7236,ティラド,プライム（内国株式）,輸送用機器,自動チェック完了,月次価格取得済み,財務取得済み,irbank:2026/03,ランキング判定に利用,15050.0,,
7238,曙ブレーキ工業,プライム（内国株式）,輸送用機器,自動チェック完了,月次価格取得済み,財務取得済み,irbank:2026/03,ランキング判定に利用,109.0,,
7239,タチエス,プライム（内国株式）,輸送用機器,自動チェック完了,月次価格取得済み,財務取得済み,irbank:2026/03,ランキング判定に利用,2150.0,,
7240,ＮＯＫ,プライム（内国株式）,輸送用機器,自動チェック完了,月次価格取得済み,財務取得済み,irbank:2026/03,ランキング判定に利用,2919.5,,
7241,フタバ産業,プライム（内国株式）,輸送用機器,自動チェック完了,月次価格取得済み,財務取得済み,irbank:2026/03,ランキング判定に利用,945.0,,
7242,カヤバ,プライム（内国株式）,輸送用機器,補完チェック完了,月次価格取得済み,財務補完済み,completionEstimate,補完データでチャートと広域判定に利用,3865.0,,BPS、純資産、株数推定が不足
7244,市光工業,プライム（内国株式）,電気機器,自動チェック完了,月次価格取得済み,財務取得済み,irbank:2026/03,ランキング判定に利用,517.0,,
7245,大同メタル工業,プライム（内国株式）,輸送用機器,自動チェック完了,月次価格取得済み,財務取得済み,irbank:2026/03,ランキング判定に利用,1691.0,,
7246,プレス工業,プライム（内国株式）,輸送用機器,自動チェック完了,月次価格取得済み,財務取得済み,irbank:2026/03,ランキング判定に利用,790.0,,
7247,ミクニ,スタンダード（内国株式）,輸送用機器,自動チェック完了,月次価格取得済み,財務取得済み,irbank:2026/03,ランキング判定に利用,353.0,,
7254,ユニバンス,スタンダード（内国株式）,輸送用機器,自動チェック完了,月次価格取得済み,財務取得済み,irbank:2026/03,ランキング判定に利用,723.0,,
7255,桜井製作所,スタンダード（内国株式）,輸送用機器,自動チェック完了,月次価格取得済み,財務取得済み,irbank:2026/03,ランキング判定に利用,456.0,,
7256,河西工業,スタンダード（内国株式）,輸送用機器,自動チェック完了,月次価格取得済み,財務取得済み,irbank:2026/03,ランキング判定に利用,407.0,,
7259,アイシン,プライム（内国株式）,輸送用機器,自動チェック完了,月次価格取得済み,財務取得済み,irbank:2026/03,ランキング判定に利用,2204.5,,
7261,マツダ,プライム（内国株式）,輸送用機器,自動チェック完了,月次価格取得済み,財務取得済み,irbank:2026/03,ランキング判定に利用,1099.0,,
7264,ムロコーポレーション,スタンダード（内国株式）,輸送用機器,自動チェック完了,月次価格取得済み,財務取得済み,irbank:2026/03,ランキング判定に利用,1271.0,,
7265,エイケン工業,スタンダード（内国株式）,輸送用機器,自動チェック完了,月次価格取得済み,財務取得済み,irbank:2026/04,ランキング判定に利用,3810.0,,
7266,今仙電機製作所,スタンダード（内国株式）,輸送用機器,自動チェック完了,月次価格取得済み,財務取得済み,irbank:2026/03,ランキング判定に利用,903.0,,
7267,本田技研工業,プライム（内国株式）,輸送用機器,補完チェック完了,月次価格取得済み,財務補完済み,completionEstimate,補完データでチャートと広域判定に利用,1449.5,,BPS、純資産、株数推定が不足
7269,スズキ,プライム（内国株式）,輸送用機器,自動チェック完了,月次価格取得済み,財務取得済み,irbank:2026/03,ランキング判定に利用,1963.5,,
7270,ＳＵＢＡＲＵ,プライム（内国株式）,輸送用機器,自動チェック完了,月次価格取得済み,財務取得済み,irbank:2026/03,ランキング判定に利用,2401.0,,
7271,安永,スタンダード（内国株式）,輸送用機器,自動チェック完了,月次価格取得済み,財務取得済み,irbank:2026/03,ランキング判定に利用,967.0,,
7272,ヤマハ発動機,プライム（内国株式）,輸送用機器,自動チェック完了,月次価格取得済み,財務取得済み,irbank:2026/03,ランキング判定に利用,1260.0,,
7273,イクヨ,スタンダード（内国株式）,輸送用機器,自動チェック完了,月次価格取得済み,財務取得済み,irbank:2026/03,ランキング判定に利用,630.0,,
7276,小糸製作所,プライム（内国株式）,電気機器,自動チェック完了,月次価格取得済み,財務取得済み,irbank:2026/03,ランキング判定に利用,2593.0,,
7277,ＴＢＫ,スタンダード（内国株式）,輸送用機器,自動チェック完了,月次価格取得済み,財務取得済み,irbank:2026/03,ランキング判定に利用,309.0,,
7278,エクセディ,プライム（内国株式）,輸送用機器,自動チェック完了,月次価格取得済み,財務取得済み,irbank:2026/03,ランキング判定に利用,5810.0,,
7279,ハイレックスコーポレーション,スタンダード（内国株式）,輸送用機器,自動チェック完了,月次価格取得済み,財務取得済み,irbank:2026/04,ランキング判定に利用,2023.0,,
7280,ミツバ,プライム（内国株式）,電気機器,自動チェック完了,月次価格取得済み,財務取得済み,irbank:2026/03,ランキング判定に利用,1160.0,,
7282,豊田合成,プライム（内国株式）,輸送用機器,自動チェック完了,月次価格取得済み,財務取得済み,irbank:2026/03,ランキング判定に利用,5225.0,,
7283,愛三工業,プライム（内国株式）,輸送用機器,自動チェック完了,月次価格取得済み,財務取得済み,irbank:2026/03,ランキング判定に利用,1909.0,,
7284,盟和産業,スタンダード（内国株式）,輸送用機器,自動チェック完了,月次価格取得済み,財務取得済み,irbank:2026/03,ランキング判定に利用,1267.0,,
7287,日本精機,スタンダード（内国株式）,輸送用機器,自動チェック完了,月次価格取得済み,財務取得済み,irbank:2026/03,ランキング判定に利用,2479.0,,
7291,日本プラスト,スタンダード（内国株式）,輸送用機器,自動チェック完了,月次価格取得済み,財務取得済み,irbank:2026/03,ランキング判定に利用,445.0,,
7292,村上開明堂,スタンダード（内国株式）,輸送用機器,自動チェック完了,月次価格取得済み,財務取得済み,irbank:2026/03,ランキング判定に利用,6750.0,,
7294,ヨロズ,プライム（内国株式）,輸送用機器,自動チェック完了,月次価格取得済み,財務取得済み,irbank:2026/03,ランキング判定に利用,827.0,,
7296,エフ・シー・シー,プライム（内国株式）,輸送用機器,補完チェック完了,月次価格取得済み,財務補完済み,completionEstimate,補完データでチャートと広域判定に利用,3475.0,,BPS、純資産、株数推定が不足
7297,カーメイト,スタンダード（内国株式）,輸送用機器,自動チェック完了,月次価格取得済み,財務取得済み,irbank:2026/03,ランキング判定に利用,842.0,,
7299,フジオーゼックス,スタンダード（内国株式）,輸送用機器,自動チェック完了,月次価格取得済み,財務取得済み,irbank:2026/03,ランキング判定に利用,1614.0,,
7305,新家工業,スタンダード（内国株式）,鉄鋼,自動チェック完了,月次価格取得済み,財務取得済み,irbank:2026/03,ランキング判定に利用,2489.0,,
7309,シマノ,プライム（内国株式）,輸送用機器,自動チェック完了,月次価格取得済み,財務取得済み,irbank:2026/03,ランキング判定に利用,17700.0,,
7313,テイ・エス　テック,プライム（内国株式）,輸送用機器,補完チェック完了,月次価格取得済み,財務補完済み,completionEstimate,補完データでチャートと広域判定に利用,1737.0,,BPS、純資産、株数推定が不足
7314,小田原機器,スタンダード（内国株式）,輸送用機器,自動チェック完了,月次価格取得済み,財務取得済み,irbank:2026/03,ランキング判定に利用,1161.0,,
7317,松屋アールアンドディ,グロース（内国株式）,輸送用機器,自動チェック完了,月次価格取得済み,財務取得済み,irbank:2026/03,ランキング判定に利用,1098.0,,
7318,セレンディップ・ホールディングス,グロース（内国株式）,輸送用機器,自動チェック完了,月次価格取得済み,財務取得済み,irbank:2026/03,ランキング判定に利用,2182.0,,
7320,Ｓｏｌｖｖｙ,グロース（内国株式）,その他金融業,自動チェック完了,月次価格取得済み,財務取得済み,irbank:2026/03,ランキング判定に利用,1332.0,,
7322,三十三フィナンシャルグループ,プライム（内国株式）,銀行業,自動チェック完了,月次価格取得済み,財務取得済み,irbank:2026/03,ランキング判定に利用,1721.0,,
7325,アイリックコーポレーション,グロース（内国株式）,保険業,自動チェック完了,月次価格取得済み,財務取得済み,irbank:2026/03,ランキング判定に利用,655.0,,
7326,ＳＢＩインシュアランスグループ,グロース（内国株式）,保険業,自動チェック完了,月次価格取得済み,財務取得済み,irbank:2026/03,ランキング判定に利用,2081.0,,
7327,第四北越フィナンシャルグループ,プライム（内国株式）,銀行業,自動チェック完了,月次価格取得済み,財務取得済み,irbank:2026/03,ランキング判定に利用,2131.0,,
7337,ひろぎんホールディングス,プライム（内国株式）,銀行業,自動チェック完了,月次価格取得済み,財務取得済み,irbank:2026/03,ランキング判定に利用,2100.5,,
7343,ブロードマインド,グロース（内国株式）,保険業,自動チェック完了,月次価格取得済み,財務取得済み,irbank:2026/03,ランキング判定に利用,1177.0,,
7345,アイ・パートナーズフィナンシャル,グロース（内国株式）,その他金融業,自動チェック完了,月次価格取得済み,財務取得済み,irbank:2026/03,ランキング判定に利用,939.0,,
7347,マーキュリアホールディングス,プライム（内国株式）,証券、商品先物取引業,自動チェック完了,月次価格取得済み,財務取得済み,irbank:2026/03,ランキング判定に利用,728.0,,
7350,おきなわフィナンシャルグループ,プライム（内国株式）,銀行業,自動チェック完了,月次価格取得済み,財務取得済み,irbank:2026/03,ランキング判定に利用,6330.0,,
7351,グッドパッチ,グロース（内国株式）,サービス業,自動チェック完了,月次価格取得済み,財務取得済み,irbank:2026/02,ランキング判定に利用,457.0,,
7352,ＴＷＯＳＴＯＮＥ＆Ｓｏｎｓ,グロース（内国株式）,サービス業,自動チェック完了,月次価格取得済み,財務取得済み,irbank:2026/02,ランキング判定に利用,415.0,,
7353,ＫＩＹＯラーニング,グロース（内国株式）,サービス業,自動チェック完了,月次価格取得済み,財務取得済み,irbank:2026/03,ランキング判定に利用,583.0,,
7354,ダイレクトマーケティングミックス,スタンダード（内国株式）,サービス業,補完チェック完了,月次価格取得済み,財務補完済み,completionEstimate,補完データでチャートと広域判定に利用,311.0,,BPS、純資産、株数推定が不足
7356,Ｒｅｔｔｙ,グロース（内国株式）,サービス業,自動チェック完了,月次価格取得済み,財務取得済み,irbank:2026/03,ランキング判定に利用,113.0,,
7357,ジオコード,スタンダード（内国株式）,サービス業,自動チェック完了,月次価格取得済み,財務取得済み,irbank:2026/02,ランキング判定に利用,1601.0,,
7358,ポピンズ,スタンダード（内国株式）,サービス業,自動チェック完了,月次価格取得済み,財務取得済み,irbank:2026/03,ランキング判定に利用,1400.0,,
7359,東京通信グループ,グロース（内国株式）,サービス業,自動チェック完了,月次価格取得済み,財務取得済み,irbank:2026/03,ランキング判定に利用,214.0,,
7360,オンデック,グロース（内国株式）,サービス業,自動チェック完了,月次価格取得済み,財務取得済み,irbank:2026/02,ランキング判定に利用,582.0,,
7361,ヒューマンクリエイションホールディングス,グロース（内国株式）,サービス業,自動チェック完了,月次価格取得済み,財務取得済み,irbank:2026/03,ランキング判定に利用,1161.0,,
7362,Ｔ．Ｓ．Ｉ,グロース（内国株式）,サービス業,自動チェック完了,月次価格取得済み,財務取得済み,irbank:2026/03,ランキング判定に利用,820.0,,
7363,ベビーカレンダー,グロース（内国株式）,サービス業,自動チェック完了,月次価格取得済み,財務取得済み,irbank:2025/09,ランキング判定に利用,1025.0,,
7366,ＬＩＴＡＬＩＣＯ,プライム（内国株式）,サービス業,自動チェック完了,月次価格取得済み,財務取得済み,irbank:2026/03,ランキング判定に利用,1512.0,,
7367,セルム,スタンダード（内国株式）,サービス業,自動チェック完了,月次価格取得済み,財務取得済み,irbank:2026/03,ランキング判定に利用,330.0,,
7368,表示灯,スタンダード（内国株式）,サービス業,自動チェック完了,月次価格取得済み,財務取得済み,irbank:2026/03,ランキング判定に利用,1663.0,,
7369,メイホーホールディングス,グロース（内国株式）,サービス業,自動チェック完了,月次価格取得済み,財務取得済み,irbank:2026/03,ランキング判定に利用,331.0,,
7370,Ｅｎｊｉｎ,グロース（内国株式）,サービス業,自動チェック完了,月次価格取得済み,財務取得済み,irbank:2026/02,ランキング判定に利用,684.0,,
7371,Ｚｅｎｋｅｎ,グロース（内国株式）,サービス業,自動チェック完了,月次価格取得済み,財務取得済み,irbank:2026/03,ランキング判定に利用,742.0,,
7372,デコルテ・ホールディングス,グロース（内国株式）,サービス業,補完チェック完了,月次価格取得済み,財務補完済み,completionEstimate,補完データでチャートと広域判定に利用,373.0,,BPS、純資産、株数推定が不足
7373,アイドマ・ホールディングス,グロース（内国株式）,サービス業,自動チェック完了,月次価格取得済み,財務取得済み,irbank:2026/02,ランキング判定に利用,1148.0,,
7374,コンフィデンス・インターワークス,グロース（内国株式）,サービス業,自動チェック完了,月次価格取得済み,財務取得済み,irbank:2026/03,ランキング判定に利用,1530.0,,
7375,リファインバースグループ,グロース（内国株式）,サービス業,自動チェック完了,月次価格取得済み,財務取得済み,irbank:2026/03,ランキング判定に利用,1320.0,,
7376,ＢＣＣ,グロース（内国株式）,サービス業,自動チェック完了,月次価格取得済み,財務取得済み,irbank:2026/03,ランキング判定に利用,1052.0,,
7377,ＤＮホールディングス,スタンダード（内国株式）,サービス業,自動チェック完了,月次価格取得済み,財務取得済み,irbank:2026/03,ランキング判定に利用,1815.0,,
7378,アシロ,グロース（内国株式）,サービス業,補完チェック完了,月次価格取得済み,財務補完済み,completionEstimate,補完データでチャートと広域判定に利用,1432.0,,BPS、純資産、株数推定が不足
7380,十六フィナンシャルグループ,プライム（内国株式）,銀行業,自動チェック完了,月次価格取得済み,財務取得済み,irbank:2026/03,ランキング判定に利用,2290.0,,
7381,ＣＣＩグループ,プライム（内国株式）,銀行業,自動チェック完了,月次価格取得済み,財務取得済み,irbank:2026/03,ランキング判定に利用,978.0,,
7383,ネットプロテクションズホールディングス,プライム（内国株式）,その他金融業,補完チェック完了,月次価格取得済み,財務補完済み,completionEstimate,補完データでチャートと広域判定に利用,331.0,,BPS、純資産、株数推定が不足
7384,プロクレアホールディングス,プライム（内国株式）,銀行業,自動チェック完了,月次価格取得済み,財務取得済み,irbank:2026/03,ランキング判定に利用,3555.0,,
7388,ＦＰパートナー,プライム（内国株式）,保険業,自動チェック完了,月次価格取得済み,財務取得済み,irbank:2026/02,ランキング判定に利用,2066.0,,
7389,あいちフィナンシャルグループ,プライム（内国株式）,銀行業,自動チェック完了,月次価格取得済み,財務取得済み,irbank:2026/03,ランキング判定に利用,1384.0,,
7399,ナンシン,スタンダード（内国株式）,輸送用機器,自動チェック完了,月次価格取得済み,財務取得済み,irbank:2026/03,ランキング判定に利用,577.0,,
7409,ＡｅｒｏＥｄｇｅ,グロース（内国株式）,輸送用機器,自動チェック完了,月次価格取得済み,財務取得済み,irbank:2026/03,ランキング判定に利用,3540.0,,
7412,アトム,スタンダード（内国株式）,小売業,自動チェック完了,月次価格取得済み,財務取得済み,irbank:2026/03,ランキング判定に利用,387.0,,
7413,創健社,スタンダード（内国株式）,卸売業,自動チェック完了,月次価格取得済み,財務取得済み,irbank:2026/03,ランキング判定に利用,2557.0,,
7414,小野建,プライム（内国株式）,卸売業,自動チェック完了,月次価格取得済み,財務取得済み,irbank:2026/03,ランキング判定に利用,1326.0,,
7416,はるやまホールディングス,スタンダード（内国株式）,小売業,自動チェック完了,月次価格取得済み,財務取得済み,irbank:2026/03,ランキング判定に利用,655.0,,
7417,南陽,スタンダード（内国株式）,卸売業,自動チェック完了,月次価格取得済み,財務取得済み,irbank:2026/03,ランキング判定に利用,1470.0,,
7419,ノジマ,プライム（内国株式）,小売業,自動チェック完了,月次価格取得済み,財務取得済み,irbank:2026/03,ランキング判定に利用,1328.0,,
7421,カッパ・クリエイト,プライム（内国株式）,小売業,自動チェック完了,月次価格取得済み,財務取得済み,irbank:2026/03,ランキング判定に利用,1430.0,,
7422,東邦レマック,スタンダード（内国株式）,卸売業,自動チェック完了,月次価格取得済み,財務取得済み,irbank:2026/03,ランキング判定に利用,376.0,,
7425,初穂商事,スタンダード（内国株式）,卸売業,自動チェック完了,月次価格取得済み,財務取得済み,irbank:2026/03,ランキング判定に利用,2555.0,,
7426,山大,スタンダード（内国株式）,卸売業,自動チェック完了,月次価格取得済み,財務取得済み,irbank:2026/03,ランキング判定に利用,599.0,,
7427,エコートレーディング,スタンダード（内国株式）,卸売業,自動チェック完了,月次価格取得済み,財務取得済み,irbank:2026/02,ランキング判定に利用,830.0,,
7433,伯東,プライム（内国株式）,卸売業,自動チェック完了,月次価格取得済み,財務取得済み,irbank:2026/03,ランキング判定に利用,4550.0,,
7434,オータケ,スタンダード（内国株式）,卸売業,自動チェック完了,月次価格取得済み,財務取得済み,irbank:2026/02,ランキング判定に利用,1793.0,,
7435,ナ・デックス,スタンダード（内国株式）,卸売業,自動チェック完了,月次価格取得済み,財務取得済み,confirmed,ランキング判定に利用,1292.0,,
7438,コンドーテック,プライム（内国株式）,卸売業,自動チェック完了,月次価格取得済み,財務取得済み,irbank:2026/03,ランキング判定に利用,1505.0,,
7442,中山福,スタンダード（内国株式）,卸売業,自動チェック完了,月次価格取得済み,財務取得済み,irbank:2026/03,ランキング判定に利用,463.0,,
7443,横浜魚類,スタンダード（内国株式）,卸売業,自動チェック完了,月次価格取得済み,財務取得済み,irbank:2026/03,ランキング判定に利用,626.0,,
7444,ハリマ共和物産,スタンダード（内国株式）,卸売業,自動チェック完了,月次価格取得済み,財務取得済み,irbank:2026/03,ランキング判定に利用,1945.0,,
7446,東北化学薬品,スタンダード（内国株式）,卸売業,自動チェック完了,月次価格取得済み,財務取得済み,irbank:2026/03,ランキング判定に利用,4625.0,,
7447,ナガイレーベン,プライム（内国株式）,卸売業,自動チェック完了,月次価格取得済み,財務取得済み,irbank:2026/02,ランキング判定に利用,1615.0,,
7453,良品計画,プライム（内国株式）,小売業,自動チェック完了,月次価格取得済み,財務取得済み,irbank:2026/02,ランキング判定に利用,3502.0,,
7456,松田産業,プライム（内国株式）,卸売業,自動チェック完了,月次価格取得済み,財務取得済み,irbank:2026/03,ランキング判定に利用,5720.0,,
7458,第一興商,プライム（内国株式）,卸売業,自動チェック完了,月次価格取得済み,財務取得済み,irbank:2026/03,ランキング判定に利用,1672.5,,
7459,メディパルホールディングス,プライム（内国株式）,卸売業,自動チェック完了,月次価格取得済み,財務取得済み,irbank:2026/03,ランキング判定に利用,2625.5,,
7460,ヤギ,スタンダード（内国株式）,卸売業,自動チェック完了,月次価格取得済み,財務取得済み,irbank:2026/03,ランキング判定に利用,4905.0,,
7461,キムラ,スタンダード（内国株式）,卸売業,自動チェック完了,月次価格取得済み,財務取得済み,irbank:2026/03,ランキング判定に利用,455.0,,
7462,ＣＡＰＩＴＡ,スタンダード（内国株式）,小売業,自動チェック完了,月次価格取得済み,財務取得済み,irbank:2026/03,ランキング判定に利用,677.0,,
7463,アドヴァングループ,スタンダード（内国株式）,小売業,自動チェック完了,月次価格取得済み,財務取得済み,irbank:2026/03,ランキング判定に利用,895.0,,
7464,セフテック,スタンダード（内国株式）,卸売業,自動チェック完了,月次価格取得済み,財務取得済み,irbank:2026/03,ランキング判定に利用,1520.0,,
7466,ＳＰＫ,プライム（内国株式）,卸売業,自動チェック完了,月次価格取得済み,財務取得済み,irbank:2026/03,ランキング判定に利用,1269.0,,
7472,鳥羽洋行,スタンダード（内国株式）,卸売業,自動チェック完了,月次価格取得済み,財務取得済み,irbank:2026/03,ランキング判定に利用,3685.0,,
7475,アルビス,プライム（内国株式）,小売業,自動チェック完了,月次価格取得済み,財務取得済み,irbank:2026/03,ランキング判定に利用,2460.0,,
7476,アズワン,プライム（内国株式）,卸売業,自動チェック完了,月次価格取得済み,財務取得済み,irbank:2026/03,ランキング判定に利用,2211.5,,
7477,ムラキ,スタンダード（内国株式）,卸売業,自動チェック完了,月次価格取得済み,財務取得済み,irbank:2026/03,ランキング判定に利用,1871.0,,
7480,スズデン,スタンダード（内国株式）,卸売業,自動チェック完了,月次価格取得済み,財務取得済み,irbank:2026/03,ランキング判定に利用,2238.0,,
7481,尾家産業,スタンダード（内国株式）,卸売業,自動チェック完了,月次価格取得済み,財務取得済み,irbank:2026/03,ランキング判定に利用,2630.0,,
7482,シモジマ,プライム（内国株式）,卸売業,自動チェック完了,月次価格取得済み,財務取得済み,irbank:2026/03,ランキング判定に利用,1336.0,,
7483,ドウシシャ,プライム（内国株式）,卸売業,自動チェック完了,月次価格取得済み,財務取得済み,irbank:2026/03,ランキング判定に利用,2862.0,,
7486,サンリン,スタンダード（内国株式）,卸売業,自動チェック完了,月次価格取得済み,財務取得済み,irbank:2026/03,ランキング判定に利用,763.0,,
7487,小津産業,スタンダード（内国株式）,卸売業,自動チェック完了,月次価格取得済み,財務取得済み,irbank:2026/02,ランキング判定に利用,1750.0,,
7490,日新商事,スタンダード（内国株式）,卸売業,自動チェック完了,月次価格取得済み,財務取得済み,irbank:2026/03,ランキング判定に利用,2184.0,,
7494,コナカ,スタンダード（内国株式）,小売業,自動チェック完了,月次価格取得済み,財務取得済み,irbank:2026/03,ランキング判定に利用,219.0,,
7500,西川計測,スタンダード（内国株式）,卸売業,自動チェック完了,月次価格取得済み,財務取得済み,irbank:2026/03,ランキング判定に利用,10490.0,,
7501,ティムコ,スタンダード（内国株式）,卸売業,自動チェック完了,月次価格取得済み,財務取得済み,irbank:2026/02,ランキング判定に利用,1509.0,,
7502,プラザホールディングス,スタンダード（内国株式）,サービス業,自動チェック完了,月次価格取得済み,財務取得済み,irbank:2026/03,ランキング判定に利用,1620.0,,
7504,高速,プライム（内国株式）,卸売業,自動チェック完了,月次価格取得済み,財務取得済み,irbank:2026/03,ランキング判定に利用,3315.0,,
7505,扶桑電通,スタンダード（内国株式）,卸売業,自動チェック完了,月次価格取得済み,財務取得済み,irbank:2026/03,ランキング判定に利用,2102.0,,
7506,ハウス　オブ　ローゼ,スタンダード（内国株式）,小売業,自動チェック完了,月次価格取得済み,財務取得済み,irbank:2026/03,ランキング判定に利用,1350.0,,
7508,Ｇ‐７ホールディングス,プライム（内国株式）,小売業,自動チェック完了,月次価格取得済み,財務取得済み,irbank:2026/03,ランキング判定に利用,1350.0,,
7509,アイエーグループ,スタンダード（内国株式）,小売業,自動チェック完了,月次価格取得済み,財務取得済み,irbank:2026/03,ランキング判定に利用,4575.0,,
7510,たけびし,プライム（内国株式）,卸売業,自動チェック完了,月次価格取得済み,財務取得済み,irbank:2026/03,ランキング判定に利用,2299.0,,
7512,イオン北海道,スタンダード（内国株式）,小売業,自動チェック完了,月次価格取得済み,財務取得済み,irbank:2026/02,ランキング判定に利用,828.0,,
7513,コジマ,プライム（内国株式）,小売業,自動チェック完了,月次価格取得済み,財務取得済み,irbank:2026/02,ランキング判定に利用,1275.0,,
7514,ヒマラヤ,スタンダード（内国株式）,小売業,自動チェック完了,月次価格取得済み,財務取得済み,irbank:2026/02,ランキング判定に利用,854.0,,
7515,マルヨシセンター,スタンダード（内国株式）,小売業,自動チェック完了,月次価格取得済み,財務取得済み,irbank:2026/02,ランキング判定に利用,4505.0,,
7516,コーナン商事,プライム（内国株式）,小売業,自動チェック完了,月次価格取得済み,財務取得済み,irbank:2026/02,ランキング判定に利用,4045.0,,
7520,エコス,プライム（内国株式）,小売業,自動チェック完了,月次価格取得済み,財務取得済み,irbank:2026/02,ランキング判定に利用,2325.0,,
7521,ムサシ,スタンダード（内国株式）,卸売業,自動チェック完了,月次価格取得済み,財務取得済み,irbank:2026/03,ランキング判定に利用,2635.0,,
7522,ワタミ,プライム（内国株式）,小売業,自動チェック完了,月次価格取得済み,財務取得済み,irbank:2026/03,ランキング判定に利用,918.0,,
7523,アールビバン,スタンダード（内国株式）,小売業,自動チェック完了,月次価格取得済み,財務取得済み,irbank:2026/03,ランキング判定に利用,1650.0,,
7524,マルシェ,スタンダード（内国株式）,小売業,自動チェック完了,月次価格取得済み,財務取得済み,irbank:2026/03,ランキング判定に利用,179.0,,
7525,リックス,プライム（内国株式）,卸売業,自動チェック完了,月次価格取得済み,財務取得済み,irbank:2026/03,ランキング判定に利用,3515.0,,
7527,システムソフト,スタンダード（内国株式）,情報・通信業,自動チェック完了,月次価格取得済み,財務取得済み,irbank:2026/03,ランキング判定に利用,47.0,,
7531,清和中央ホールディングス,スタンダード（内国株式）,卸売業,自動チェック完了,月次価格取得済み,財務取得済み,irbank:2026/03,ランキング判定に利用,1271.0,,
7532,パン・パシフィック・インターナショナルホールディングス,プライム（内国株式）,小売業,自動チェック完了,月次価格取得済み,財務取得済み,irbank:2026/03,ランキング判定に利用,823.0,,
7537,丸文,プライム（内国株式）,卸売業,自動チェック完了,月次価格取得済み,財務取得済み,irbank:2026/03,ランキング判定に利用,1652.0,,
7538,大水,スタンダード（内国株式）,卸売業,自動チェック完了,月次価格取得済み,財務取得済み,irbank:2026/03,ランキング判定に利用,348.0,,
7539,アイナボホールディングス,スタンダード（内国株式）,卸売業,自動チェック完了,月次価格取得済み,財務取得済み,irbank:2026/03,ランキング判定に利用,813.0,,
7544,スリーエフ,スタンダード（内国株式）,小売業,自動チェック完了,月次価格取得済み,財務取得済み,irbank:2026/02,ランキング判定に利用,553.0,,
7545,西松屋チェーン,プライム（内国株式）,小売業,自動チェック完了,月次価格取得済み,財務取得済み,irbank:2026/05,ランキング判定に利用,1891.0,,
7550,ゼンショーホールディングス,プライム（内国株式）,小売業,自動チェック完了,月次価格取得済み,財務取得済み,irbank:2026/03,ランキング判定に利用,7931.0,,
7551,ウェッズ,スタンダード（内国株式）,輸送用機器,自動チェック完了,月次価格取得済み,財務取得済み,irbank:2026/03,ランキング判定に利用,672.0,,
7552,ハピネット,プライム（内国株式）,卸売業,自動チェック完了,月次価格取得済み,財務取得済み,irbank:2026/03,ランキング判定に利用,2903.0,,
7554,幸楽苑,プライム（内国株式）,小売業,自動チェック完了,月次価格取得済み,財務取得済み,irbank:2026/03,ランキング判定に利用,1088.0,,
7555,大田花き,スタンダード（内国株式）,卸売業,自動チェック完了,月次価格取得済み,財務取得済み,irbank:2026/03,ランキング判定に利用,750.0,,
7561,ハークスレイ,スタンダード（内国株式）,小売業,自動チェック完了,月次価格取得済み,財務取得済み,irbank:2026/03,ランキング判定に利用,643.0,,
7562,安楽亭,スタンダード（内国株式）,小売業,自動チェック完了,月次価格取得済み,財務取得済み,irbank:2026/03,ランキング判定に利用,3720.0,,
7564,ワークマン,スタンダード（内国株式）,小売業,自動チェック完了,月次価格取得済み,財務取得済み,irbank:2026/03,ランキング判定に利用,6740.0,,
7565,萬世電機,スタンダード（内国株式）,卸売業,自動チェック完了,月次価格取得済み,財務取得済み,irbank:2026/03,ランキング判定に利用,5960.0,,
7567,栄電子,スタンダード（内国株式）,卸売業,自動チェック完了,月次価格取得済み,財務取得済み,confirmed,ランキング判定に利用,523.0,,
7570,橋本総業ホールディングス,スタンダード（内国株式）,卸売業,自動チェック完了,月次価格取得済み,財務取得済み,irbank:2026/03,ランキング判定に利用,1389.0,,
7571,ヤマノホールディングス,スタンダード（内国株式）,小売業,自動チェック完了,月次価格取得済み,財務取得済み,irbank:2026/03,ランキング判定に利用,80.0,,
7575,日本ライフライン,プライム（内国株式）,卸売業,自動チェック完了,月次価格取得済み,財務取得済み,irbank:2026/03,ランキング判定に利用,1281.0,,
7578,ニチリョク,スタンダード（内国株式）,小売業,自動チェック完了,月次価格取得済み,財務取得済み,irbank:2026/03,ランキング判定に利用,75.0,,
7581,サイゼリヤ,プライム（内国株式）,小売業,自動チェック完了,月次価格取得済み,財務取得済み,irbank:2026/02,ランキング判定に利用,5340.0,,
7585,かんなん丸,スタンダード（内国株式）,小売業,自動チェック完了,月次価格取得済み,財務取得済み,irbank:2026/03,ランキング判定に利用,420.0,,
7590,タカショー,スタンダード（内国株式）,卸売業,自動チェック完了,月次価格取得済み,財務取得済み,irbank:2026/04,ランキング判定に利用,401.0,,
7593,ＶＴホールディングス,プライム（内国株式）,小売業,自動チェック完了,月次価格取得済み,財務取得済み,irbank:2026/03,ランキング判定に利用,449.0,,
7595,アルゴグラフィックス,プライム（内国株式）,情報・通信業,自動チェック完了,月次価格取得済み,財務取得済み,irbank:2026/03,ランキング判定に利用,1188.0,,
7596,魚力,プライム（内国株式）,小売業,自動チェック完了,月次価格取得済み,財務取得済み,irbank:2026/03,ランキング判定に利用,2227.0,,
7599,ＩＤＯＭ,プライム（内国株式）,卸売業,自動チェック完了,月次価格取得済み,財務取得済み,irbank:2026/02,ランキング判定に利用,1365.0,,
7600,日本エム・ディ・エム,プライム（内国株式）,精密機器,自動チェック完了,月次価格取得済み,財務取得済み,irbank:2026/03,ランキング判定に利用,916.0,,
7601,ポプラ,スタンダード（内国株式）,小売業,自動チェック完了,月次価格取得済み,財務取得済み,irbank:2026/02,ランキング判定に利用,162.0,,
7602,レダックス,スタンダード（内国株式）,卸売業,自動チェック完了,月次価格取得済み,財務取得済み,irbank:2026/03,ランキング判定に利用,142.0,,
7603,ジーイエット,スタンダード（内国株式）,小売業,自動チェック完了,月次価格取得済み,財務取得済み,irbank:2026/02,ランキング判定に利用,48.0,,
7604,梅の花グループ,スタンダード（内国株式）,小売業,自動チェック完了,月次価格取得済み,財務取得済み,irbank:2026/04,ランキング判定に利用,863.0,,
7606,ユナイテッドアローズ,プライム（内国株式）,小売業,自動チェック完了,月次価格取得済み,財務取得済み,irbank:2026/03,ランキング判定に利用,2443.0,,
7607,進和,プライム（内国株式）,卸売業,自動チェック完了,月次価格取得済み,財務取得済み,irbank:2026/02,ランキング判定に利用,3220.0,,
7608,エスケイジャパン,スタンダード（内国株式）,卸売業,自動チェック完了,月次価格取得済み,財務取得済み,irbank:2026/02,ランキング判定に利用,748.0,,
7609,ダイトロン,プライム（内国株式）,卸売業,自動チェック完了,月次価格取得済み,財務取得済み,irbank:2026/03,ランキング判定に利用,3735.0,,
7610,テイツー,スタンダード（内国株式）,小売業,自動チェック完了,月次価格取得済み,財務取得済み,irbank:2026/02,ランキング判定に利用,140.0,,
7611,ハイデイ日高,プライム（内国株式）,小売業,自動チェック完了,月次価格取得済み,財務取得済み,irbank:2026/02,ランキング判定に利用,2533.0,,
7613,シークス,プライム（内国株式）,卸売業,自動チェック完了,月次価格取得済み,財務取得済み,irbank:2026/03,ランキング判定に利用,1352.0,,
7614,オーエムツーネットワーク,スタンダード（内国株式）,小売業,自動チェック完了,月次価格取得済み,財務取得済み,irbank:2026/04,ランキング判定に利用,1531.0,,
7615,京都きもの友禅ホールディングス,スタンダード（内国株式）,小売業,自動チェック完了,月次価格取得済み,財務取得済み,irbank:2026/03,ランキング判定に利用,92.0,,
7616,コロワイド,プライム（内国株式）,小売業,自動チェック完了,月次価格取得済み,財務取得済み,irbank:2026/03,ランキング判定に利用,1801.5,,
7619,田中商事,スタンダード（内国株式）,卸売業,自動チェック完了,月次価格取得済み,財務取得済み,irbank:2026/03,ランキング判定に利用,878.0,,
7621,うかい,スタンダード（内国株式）,小売業,自動チェック完了,月次価格取得済み,財務取得済み,irbank:2026/03,ランキング判定に利用,3285.0,,
7624,ＮａＩＴＯ,スタンダード（内国株式）,卸売業,自動チェック完了,月次価格取得済み,財務取得済み,irbank:2026/05,ランキング判定に利用,138.0,,
7625,グローバルダイニング,スタンダード（内国株式）,小売業,自動チェック完了,月次価格取得済み,財務取得済み,irbank:2026/03,ランキング判定に利用,452.0,,
7628,オーハシテクニカ,プライム（内国株式）,卸売業,自動チェック完了,月次価格取得済み,財務取得済み,irbank:2026/03,ランキング判定に利用,1100.0,,
7630,壱番屋,プライム（内国株式）,小売業,自動チェック完了,月次価格取得済み,財務取得済み,irbank:2026/05,ランキング判定に利用,870.0,,
7634,星医療酸器,スタンダード（内国株式）,卸売業,自動チェック完了,月次価格取得済み,財務取得済み,irbank:2026/03,ランキング判定に利用,4785.0,,
7636,ハンズマン,スタンダード（内国株式）,小売業,自動チェック完了,月次価格取得済み,財務取得済み,irbank:2026/03,ランキング判定に利用,809.0,,
7637,白銅,プライム（内国株式）,卸売業,自動チェック完了,月次価格取得済み,財務取得済み,irbank:2026/03,ランキング判定に利用,3400.0,,
7638,ＮＥＷ　ＡＲＴ　ＨＯＬＤＩＮＧＳ,スタンダード（内国株式）,小売業,自動チェック完了,月次価格取得済み,財務取得済み,irbank:2026/03,ランキング判定に利用,1323.0,,
7640,トップカルチャー,スタンダード（内国株式）,小売業,自動チェック完了,月次価格取得済み,財務取得済み,irbank:2026/04,ランキング判定に利用,167.0,,
7643,ダイイチ,スタンダード（内国株式）,小売業,自動チェック完了,月次価格取得済み,財務取得済み,irbank:2026/03,ランキング判定に利用,1688.0,,
7646,ＰＬＡＮＴ,スタンダード（内国株式）,小売業,自動チェック完了,月次価格取得済み,財務取得済み,irbank:2026/03,ランキング判定に利用,1735.0,,
7649,スギホールディングス,プライム（内国株式）,小売業,自動チェック完了,月次価格取得済み,財務取得済み,irbank:2026/02,ランキング判定に利用,3092.0,,
7670,オーウエル,スタンダード（内国株式）,卸売業,自動チェック完了,月次価格取得済み,財務取得済み,irbank:2026/03,ランキング判定に利用,1002.0,,
7673,ダイコー通産,スタンダード（内国株式）,卸売業,自動チェック完了,月次価格取得済み,財務取得済み,irbank:2026/02,ランキング判定に利用,1570.0,,
7674,ＮＡＴＴＹ　ＳＷＡＮＫＹホールディングス,グロース（内国株式）,小売業,自動チェック完了,月次価格取得済み,財務取得済み,irbank:2026/04,ランキング判定に利用,2737.0,,
7677,ヤシマキザイ,スタンダード（内国株式）,卸売業,自動チェック完了,月次価格取得済み,財務取得済み,irbank:2026/03,ランキング判定に利用,2510.0,,
7678,あさくま,スタンダード（内国株式）,小売業,自動チェック完了,月次価格取得済み,財務取得済み,irbank:2026/04,ランキング判定に利用,6180.0,,
7679,薬王堂ホールディングス,プライム（内国株式）,小売業,自動チェック完了,月次価格取得済み,財務取得済み,irbank:2026/02,ランキング判定に利用,1623.0,,
7681,レオクラン,スタンダード（内国株式）,卸売業,自動チェック完了,月次価格取得済み,財務取得済み,irbank:2026/03,ランキング判定に利用,906.0,,
7682,浜木綿,スタンダード（内国株式）,小売業,自動チェック完了,月次価格取得済み,財務取得済み,irbank:2026/04,ランキング判定に利用,4030.0,,
7683,ダブルエー,プライム（内国株式）,小売業,自動チェック完了,月次価格取得済み,財務取得済み,irbank:2026/04,ランキング判定に利用,1422.0,,
7685,ＢｕｙＳｅｌｌ　Ｔｅｃｈｎｏｌｏｇｉｅｓ,グロース（内国株式）,卸売業,自動チェック完了,月次価格取得済み,財務取得済み,irbank:2026/03,ランキング判定に利用,3380.0,,
7686,ひとまいる,スタンダード（内国株式）,小売業,自動チェック完了,月次価格取得済み,財務取得済み,irbank:2026/03,ランキング判定に利用,414.0,,
7687,ミクリード,グロース（内国株式）,卸売業,自動チェック完了,月次価格取得済み,財務取得済み,irbank:2026/03,ランキング判定に利用,416.0,,
7689,コパ・コーポレーション,グロース（内国株式）,卸売業,自動チェック完了,月次価格取得済み,財務取得済み,irbank:2026/02,ランキング判定に利用,295.0,,
7692,アースインフィニティ,スタンダード（内国株式）,電気・ガス業,自動チェック完了,月次価格取得済み,財務取得済み,irbank:2026/04,ランキング判定に利用,75.0,,
7694,いつも,グロース（内国株式）,小売業,自動チェック完了,月次価格取得済み,財務取得済み,irbank:2026/03,ランキング判定に利用,413.0,,
7695,交換できるくん,グロース（内国株式）,小売業,自動チェック完了,月次価格取得済み,財務取得済み,irbank:2026/03,ランキング判定に利用,689.0,,
7698,アイスコ,スタンダード（内国株式）,卸売業,自動チェック完了,月次価格取得済み,財務取得済み,irbank:2026/03,ランキング判定に利用,2490.0,,
7701,島津製作所,プライム（内国株式）,精密機器,自動チェック完了,月次価格取得済み,財務取得済み,irbank:2026/03,ランキング判定に利用,4048.0,,
7702,ＪＭＳ,スタンダード（内国株式）,精密機器,自動チェック完了,月次価格取得済み,財務取得済み,irbank:2026/03,ランキング判定に利用,445.0,,
7707,プレシジョン・システム・サイエンス,グロース（内国株式）,精密機器,自動チェック完了,月次価格取得済み,財務取得済み,irbank:2026/03,ランキング判定に利用,187.0,,
7709,クボテック,スタンダード（内国株式）,精密機器,自動チェック完了,月次価格取得済み,財務取得済み,irbank:2026/03,ランキング判定に利用,57.0,,
7711,助川電気工業,スタンダード（内国株式）,精密機器,自動チェック完了,月次価格取得済み,財務取得済み,irbank:2026/03,ランキング判定に利用,4905.0,,
7713,シグマ光機,スタンダード（内国株式）,精密機器,自動チェック完了,月次価格取得済み,財務取得済み,irbank:2026/02,ランキング判定に利用,2245.0,,
7715,長野計器,プライム（内国株式）,精密機器,自動チェック完了,月次価格取得済み,財務取得済み,irbank:2026/03,ランキング判定に利用,4595.0,,
7716,ナカニシ,スタンダード（内国株式）,精密機器,自動チェック完了,月次価格取得済み,財務取得済み,irbank:2026/03,ランキング判定に利用,2989.0,,
7717,ブイ・テクノロジー,プライム（内国株式）,精密機器,自動チェック完了,月次価格取得済み,財務取得済み,irbank:2026/03,ランキング判定に利用,9380.0,,
7719,東京衡機,スタンダード（内国株式）,精密機器,自動チェック完了,月次価格取得済み,財務取得済み,irbank:2026/02,ランキング判定に利用,445.0,,
7721,東京計器,プライム（内国株式）,精密機器,自動チェック完了,月次価格取得済み,財務取得済み,irbank:2026/03,ランキング判定に利用,6150.0,,
7722,国際計測器,スタンダード（内国株式）,精密機器,自動チェック完了,月次価格取得済み,財務取得済み,irbank:2026/03,ランキング判定に利用,748.0,,
7723,愛知時計電機,プライム（内国株式）,精密機器,自動チェック完了,月次価格取得済み,財務取得済み,irbank:2026/03,ランキング判定に利用,2980.0,,
7725,インターアクション,プライム（内国株式）,精密機器,自動チェック完了,月次価格取得済み,財務取得済み,irbank:2026/02,ランキング判定に利用,1811.0,,
7726,黒田精工,スタンダード（内国株式）,機械,自動チェック完了,月次価格取得済み,財務取得済み,irbank:2026/03,ランキング判定に利用,1445.0,,
7727,オーバル,スタンダード（内国株式）,精密機器,自動チェック完了,月次価格取得済み,財務取得済み,irbank:2026/03,ランキング判定に利用,781.0,,
7729,東京精密,プライム（内国株式）,精密機器,自動チェック完了,月次価格取得済み,財務取得済み,irbank:2026/03,ランキング判定に利用,19320.0,,
7730,マニー,プライム（内国株式）,精密機器,自動チェック完了,月次価格取得済み,財務取得済み,irbank:2026/02,ランキング判定に利用,1704.0,,
7731,ニコン,プライム（内国株式）,精密機器,補完チェック完了,月次価格取得済み,財務補完済み,completionEstimate,補完データでチャートと広域判定に利用,2190.5,,BPS、純資産、株数推定が不足
7733,オリンパス,プライム（内国株式）,精密機器,自動チェック完了,月次価格取得済み,財務取得済み,irbank:2026/03,ランキング判定に利用,1684.0,,
7734,理研計器,プライム（内国株式）,精密機器,自動チェック完了,月次価格取得済み,財務取得済み,irbank:2026/03,ランキング判定に利用,3645.0,,
7735,ＳＣＲＥＥＮホールディングス,プライム（内国株式）,電気機器,自動チェック完了,月次価格取得済み,財務取得済み,irbank:2026/03,ランキング判定に利用,16535.0,,
7740,タムロン,プライム（内国株式）,精密機器,自動チェック完了,月次価格取得済み,財務取得済み,irbank:2026/03,ランキング判定に利用,1198.0,,
7741,ＨＯＹＡ,プライム（内国株式）,精密機器,補完チェック完了,月次価格取得済み,財務補完済み,completionEstimate,補完データでチャートと広域判定に利用,25575.0,,BPS、純資産、株数推定が不足
7743,シード,スタンダード（内国株式）,精密機器,自動チェック完了,月次価格取得済み,財務取得済み,irbank:2026/03,ランキング判定に利用,502.0,,
7744,ノーリツ鋼機,プライム（内国株式）,精密機器,補完チェック完了,月次価格取得済み,財務補完済み,completionEstimate,補完データでチャートと広域判定に利用,2078.0,,BPS、純資産、株数推定が不足
7745,Ａ＆Ｄホロンホールディングス,プライム（内国株式）,精密機器,自動チェック完了,月次価格取得済み,財務取得済み,irbank:2026/03,ランキング判定に利用,2882.0,,
7746,岡本硝子,スタンダード（内国株式）,精密機器,自動チェック完了,月次価格取得済み,財務取得済み,irbank:2026/03,ランキング判定に利用,850.0,,
7747,朝日インテック,プライム（内国株式）,精密機器,自動チェック完了,月次価格取得済み,財務取得済み,irbank:2026/03,ランキング判定に利用,3725.0,,
7749,メディキット,スタンダード（内国株式）,精密機器,自動チェック完了,月次価格取得済み,財務取得済み,irbank:2026/03,ランキング判定に利用,2805.0,,
7751,キヤノン,プライム（内国株式）,電気機器,補完チェック完了,月次価格取得済み,財務補完済み,completionEstimate,補完データでチャートと広域判定に利用,4258.0,,BPS、純資産、株数推定が不足
7752,リコー,プライム（内国株式）,電気機器,補完チェック完了,月次価格取得済み,財務補完済み,completionEstimate,補完データでチャートと広域判定に利用,1414.0,,BPS、純資産、株数推定が不足
7760,ＩＭＶ,スタンダード（内国株式）,精密機器,自動チェック完了,月次価格取得済み,財務取得済み,irbank:2026/03,ランキング判定に利用,2397.0,,
7762,シチズン時計,プライム（内国株式）,精密機器,自動チェック完了,月次価格取得済み,財務取得済み,irbank:2026/03,ランキング判定に利用,2511.0,,
7769,リズム,プライム（内国株式）,精密機器,自動チェック完了,月次価格取得済み,財務取得済み,irbank:2026/03,ランキング判定に利用,3725.0,,
7771,日本精密,スタンダード（内国株式）,精密機器,自動チェック完了,月次価格取得済み,財務取得済み,irbank:2026/03,ランキング判定に利用,317.0,,
7774,ジャパン・ティッシュエンジニアリング,グロース（内国株式）,精密機器,自動チェック完了,月次価格取得済み,財務取得済み,irbank:2026/03,ランキング判定に利用,609.0,,
7775,大研医器,スタンダード（内国株式）,精密機器,自動チェック完了,月次価格取得済み,財務取得済み,irbank:2026/03,ランキング判定に利用,416.0,,
7776,セルシード,グロース（内国株式）,精密機器,自動チェック完了,月次価格取得済み,財務取得済み,irbank:2026/03,ランキング判定に利用,201.0,,
7777,スリー・ディー・マトリックス,グロース（内国株式）,精密機器,自動チェック完了,月次価格取得済み,財務取得済み,irbank:2026/04,ランキング判定に利用,328.0,,
7779,ＣＹＢＥＲＤＹＮＥ,グロース（内国株式）,精密機器,自動チェック完了,月次価格取得済み,財務取得済み,irbank:2026/03,ランキング判定に利用,240.0,,
7780,メニコン,プライム（内国株式）,精密機器,自動チェック完了,月次価格取得済み,財務取得済み,irbank:2026/03,ランキング判定に利用,1702.0,,
7781,平山ホールディングス,スタンダード（内国株式）,精密機器,自動チェック完了,月次価格取得済み,財務取得済み,confirmed,ランキング判定に利用,1557.0,,
7782,シンシア,スタンダード（内国株式）,精密機器,自動チェック完了,月次価格取得済み,財務取得済み,irbank:2026/03,ランキング判定に利用,457.0,,
7791,ドリームベッド,スタンダード（内国株式）,その他製品,自動チェック完了,月次価格取得済み,財務取得済み,irbank:2026/03,ランキング判定に利用,799.0,,
7792,コラントッテ,グロース（内国株式）,その他製品,自動チェック完了,月次価格取得済み,財務取得済み,irbank:2026/03,ランキング判定に利用,1440.0,,
7793,イメージ・マジック,グロース（内国株式）,その他製品,自動チェック完了,月次価格取得済み,財務取得済み,irbank:2026/03,ランキング判定に利用,1355.0,,
7794,イーディーピー,グロース（内国株式）,その他製品,自動チェック完了,月次価格取得済み,財務取得済み,irbank:2026/03,ランキング判定に利用,1026.0,,
7795,ＫＹＯＲＩＴＳＵ,スタンダード（内国株式）,その他製品,自動チェック完了,月次価格取得済み,財務取得済み,irbank:2026/03,ランキング判定に利用,198.0,,
7800,アミファ,スタンダード（内国株式）,その他製品,自動チェック完了,月次価格取得済み,財務取得済み,irbank:2026/03,ランキング判定に利用,834.0,,
7803,ブシロード,グロース（内国株式）,その他製品,自動チェック完了,月次価格取得済み,財務取得済み,irbank:2026/03,ランキング判定に利用,261.0,,
7804,ビーアンドピー,スタンダード（内国株式）,その他製品,自動チェック完了,月次価格取得済み,財務取得済み,irbank:2026/04,ランキング判定に利用,2229.0,,
7805,プリントネット,スタンダード（内国株式）,その他製品,自動チェック完了,月次価格取得済み,財務取得済み,irbank:2026/02,ランキング判定に利用,735.0,,
7806,ＭＴＧ,グロース（内国株式）,その他製品,自動チェック完了,月次価格取得済み,財務取得済み,irbank:2026/03,ランキング判定に利用,7260.0,,
7807,幸和製作所,スタンダード（内国株式）,その他製品,自動チェック完了,月次価格取得済み,財務取得済み,irbank:2026/02,ランキング判定に利用,816.0,,
7808,シー・エス・ランバー,スタンダード（内国株式）,その他製品,自動チェック完了,月次価格取得済み,財務取得済み,irbank:2026/02,ランキング判定に利用,2540.0,,
7809,壽屋,スタンダード（内国株式）,その他製品,自動チェック完了,月次価格取得済み,財務取得済み,irbank:2026/03,ランキング判定に利用,1370.0,,
7810,クロスフォー,スタンダード（内国株式）,その他製品,自動チェック完了,月次価格取得済み,財務取得済み,irbank:2026/04,ランキング判定に利用,156.0,,
7811,中本パックス,スタンダード（内国株式）,その他製品,自動チェック完了,月次価格取得済み,財務取得済み,irbank:2026/02,ランキング判定に利用,1906.0,,
7812,クレステック,スタンダード（内国株式）,その他製品,自動チェック完了,月次価格取得済み,財務取得済み,irbank:2026/03,ランキング判定に利用,2169.0,,
7813,プラッツ,スタンダード（内国株式）,その他製品,自動チェック完了,月次価格取得済み,財務取得済み,irbank:2026/03,ランキング判定に利用,949.0,,
7814,日本創発グループ,スタンダード（内国株式）,その他製品,自動チェック完了,月次価格取得済み,財務取得済み,irbank:2026/03,ランキング判定に利用,626.0,,
7815,東京ボード工業,スタンダード（内国株式）,その他製品,自動チェック完了,月次価格取得済み,財務取得済み,irbank:2026/02,ランキング判定に利用,226.0,,
7818,トランザクション,プライム（内国株式）,その他製品,自動チェック完了,月次価格取得済み,財務取得済み,irbank:2026/02,ランキング判定に利用,1395.0,,
7819,粧美堂,スタンダード（内国株式）,その他製品,自動チェック完了,月次価格取得済み,財務取得済み,irbank:2026/03,ランキング判定に利用,866.0,,
7820,ニホンフラッシュ,プライム（内国株式）,その他製品,自動チェック完了,月次価格取得済み,財務取得済み,irbank:2026/03,ランキング判定に利用,710.0,,
7821,前田工繊,プライム（内国株式）,その他製品,自動チェック完了,月次価格取得済み,財務取得済み,irbank:2026/03,ランキング判定に利用,1762.0,,
7822,永大産業,スタンダード（内国株式）,その他製品,自動チェック完了,月次価格取得済み,財務取得済み,irbank:2026/03,ランキング判定に利用,240.0,,
7823,アートネイチャー,スタンダード（内国株式）,その他製品,自動チェック完了,月次価格取得済み,財務取得済み,irbank:2026/03,ランキング判定に利用,845.0,,
7826,フルヤ金属,プライム（内国株式）,その他製品,自動チェック完了,月次価格取得済み,財務取得済み,irbank:2026/03,ランキング判定に利用,8550.0,,
7827,オービス,スタンダード（内国株式）,その他製品,自動チェック完了,月次価格取得済み,財務取得済み,irbank:2026/04,ランキング判定に利用,1615.0,,
7831,ウイルコホールディングス,スタンダード（内国株式）,その他製品,自動チェック完了,月次価格取得済み,財務取得済み,irbank:2026/04,ランキング判定に利用,63.0,,
7832,バンダイナムコホールディングス,プライム（内国株式）,その他製品,自動チェック完了,月次価格取得済み,財務取得済み,irbank:2026/03,ランキング判定に利用,3698.0,,
7833,アイフィスジャパン,スタンダード（内国株式）,その他製品,自動チェック完了,月次価格取得済み,財務取得済み,irbank:2026/03,ランキング判定に利用,633.0,,
7836,アビックス,スタンダード（内国株式）,その他製品,自動チェック完了,月次価格取得済み,財務取得済み,irbank:2026/03,ランキング判定に利用,81.0,,
7837,アールシーコア,スタンダード（内国株式）,その他製品,自動チェック完了,月次価格取得済み,財務取得済み,irbank:2026/03,ランキング判定に利用,299.0,,
7839,ＳＨＯＥＩ,プライム（内国株式）,その他製品,自動チェック完了,月次価格取得済み,財務取得済み,irbank:2026/03,ランキング判定に利用,1774.0,,
7840,フランスベッドホールディングス,プライム（内国株式）,その他製品,自動チェック完了,月次価格取得済み,財務取得済み,irbank:2026/03,ランキング判定に利用,1226.0,,
7841,遠藤製作所,スタンダード（内国株式）,その他製品,自動チェック完了,月次価格取得済み,財務取得済み,irbank:2026/03,ランキング判定に利用,1078.0,,
7844,マーベラス,プライム（内国株式）,情報・通信業,自動チェック完了,月次価格取得済み,財務取得済み,irbank:2026/03,ランキング判定に利用,423.0,,
7846,パイロットコーポレーション,プライム（内国株式）,その他製品,自動チェック完了,月次価格取得済み,財務取得済み,irbank:2026/03,ランキング判定に利用,5150.0,,
7847,グラファイトデザイン,スタンダード（内国株式）,その他製品,自動チェック完了,月次価格取得済み,財務取得済み,irbank:2026/02,ランキング判定に利用,612.0,,
7849,スターツ出版,スタンダード（内国株式）,情報・通信業,自動チェック完了,月次価格取得済み,財務取得済み,irbank:2026/03,ランキング判定に利用,3295.0,,
7850,総合商研,スタンダード（内国株式）,その他製品,自動チェック完了,月次価格取得済み,財務取得済み,irbank:2026/04,ランキング判定に利用,868.0,,
7851,カワセコンピュータサプライ,スタンダード（内国株式）,その他製品,自動チェック完了,月次価格取得済み,財務取得済み,irbank:2026/03,ランキング判定に利用,167.0,,
7856,萩原工業,プライム（内国株式）,その他製品,自動チェック完了,月次価格取得済み,財務取得済み,irbank:2026/04,ランキング判定に利用,1754.0,,
7857,セキ,スタンダード（内国株式）,その他製品,自動チェック完了,月次価格取得済み,財務取得済み,irbank:2026/03,ランキング判定に利用,1300.0,,
7859,アルメディオ,スタンダード（内国株式）,その他製品,自動チェック完了,月次価格取得済み,財務取得済み,irbank:2026/03,ランキング判定に利用,234.0,,
7860,エイベックス,プライム（内国株式）,情報・通信業,自動チェック完了,月次価格取得済み,財務取得済み,irbank:2026/03,ランキング判定に利用,1189.0,,
7863,平賀,スタンダード（内国株式）,その他製品,自動チェック完了,月次価格取得済み,財務取得済み,irbank:2026/03,ランキング判定に利用,969.0,,
7864,フジシールインターナショナル,プライム（内国株式）,その他製品,自動チェック完了,月次価格取得済み,財務取得済み,irbank:2026/03,ランキング判定に利用,2862.0,,
7865,ピープル,スタンダード（内国株式）,その他製品,自動チェック完了,月次価格取得済み,財務取得済み,irbank:2026/04,ランキング判定に利用,340.0,,
7867,タカラトミー,プライム（内国株式）,その他製品,自動チェック完了,月次価格取得済み,財務取得済み,irbank:2026/03,ランキング判定に利用,3200.0,,
7868,広済堂ホールディングス,プライム（内国株式）,その他製品,自動チェック完了,月次価格取得済み,財務取得済み,irbank:2026/03,ランキング判定に利用,543.0,,
7871,フクビ化学工業,スタンダード（内国株式）,化学,自動チェック完了,月次価格取得済み,財務取得済み,irbank:2026/03,ランキング判定に利用,922.0,,
7872,エステールホールディングス,スタンダード（内国株式）,その他製品,自動チェック完了,月次価格取得済み,財務取得済み,irbank:2026/03,ランキング判定に利用,597.0,,
7874,レック,プライム（内国株式）,化学,自動チェック完了,月次価格取得済み,財務取得済み,irbank:2026/03,ランキング判定に利用,925.0,,
7875,竹田ｉＰホールディングス,スタンダード（内国株式）,その他製品,自動チェック完了,月次価格取得済み,財務取得済み,irbank:2026/03,ランキング判定に利用,945.0,,
7877,永大化工,スタンダード（内国株式）,化学,自動チェック完了,月次価格取得済み,財務取得済み,irbank:2026/03,ランキング判定に利用,1987.0,,
7878,光・彩,スタンダード（内国株式）,その他製品,自動チェック完了,月次価格取得済み,財務取得済み,irbank:2026/04,ランキング判定に利用,1459.0,,
7879,ノダ,スタンダード（内国株式）,その他製品,自動チェック完了,月次価格取得済み,財務取得済み,irbank:2026/02,ランキング判定に利用,643.0,,
7883,サンメッセ,スタンダード（内国株式）,その他製品,自動チェック完了,月次価格取得済み,財務取得済み,irbank:2026/03,ランキング判定に利用,383.0,,
7885,タカノ,スタンダード（内国株式）,その他製品,自動チェック完了,月次価格取得済み,財務取得済み,confirmed,ランキング判定に利用,1057.0,,
7886,ヤマト　モビリティ　＆　Ｍｆｇ．,スタンダード（内国株式）,化学,自動チェック完了,月次価格取得済み,財務取得済み,irbank:2026/03,ランキング判定に利用,719.0,,
7887,南海プライウッド,スタンダード（内国株式）,その他製品,自動チェック完了,月次価格取得済み,財務取得済み,irbank:2026/03,ランキング判定に利用,1468.0,,
7888,三光合成,プライム（内国株式）,化学,自動チェック完了,月次価格取得済み,財務取得済み,irbank:2026/02,ランキング判定に利用,753.0,,
7893,プロネクサス,プライム（内国株式）,その他製品,自動チェック完了,月次価格取得済み,財務取得済み,irbank:2026/03,ランキング判定に利用,1086.0,,
7896,セブン工業,スタンダード（内国株式）,その他製品,自動チェック完了,月次価格取得済み,財務取得済み,irbank:2026/03,ランキング判定に利用,491.0,,
7897,ホクシン,スタンダード（内国株式）,その他製品,自動チェック完了,月次価格取得済み,財務取得済み,irbank:2026/03,ランキング判定に利用,98.0,,
7898,ウッドワン,スタンダード（内国株式）,その他製品,自動チェック完了,月次価格取得済み,財務取得済み,irbank:2026/03,ランキング判定に利用,850.0,,
7901,マツモト,スタンダード（内国株式）,その他製品,自動チェック完了,月次価格取得済み,財務取得済み,confirmed,ランキング判定に利用,760.0,,
7902,ソノコム,スタンダード（内国株式）,その他製品,自動チェック完了,月次価格取得済み,財務取得済み,irbank:2026/03,ランキング判定に利用,1070.0,,
7906,ヨネックス,スタンダード（内国株式）,その他製品,自動チェック完了,月次価格取得済み,財務取得済み,irbank:2026/03,ランキング判定に利用,2297.0,,
7908,きもと,スタンダード（内国株式）,化学,自動チェック完了,月次価格取得済み,財務取得済み,irbank:2026/03,ランキング判定に利用,230.0,,
7911,ＴＯＰＰＡＮホールディングス,プライム（内国株式）,その他製品,自動チェック完了,月次価格取得済み,財務取得済み,irbank:2026/03,ランキング判定に利用,5180.0,,
7912,大日本印刷,プライム（内国株式）,その他製品,自動チェック完了,月次価格取得済み,財務取得済み,irbank:2026/03,ランキング判定に利用,2886.0,,
7914,共同印刷,プライム（内国株式）,その他製品,自動チェック完了,月次価格取得済み,財務取得済み,irbank:2026/03,ランキング判定に利用,1567.0,,
7915,ＮＩＳＳＨＡ,プライム（内国株式）,その他製品,自動チェック完了,月次価格取得済み,財務取得済み,irbank:2026/03,ランキング判定に利用,1414.0,,
7916,光村印刷,スタンダード（内国株式）,その他製品,自動チェック完了,月次価格取得済み,財務取得済み,irbank:2026/03,ランキング判定に利用,1782.0,,
7917,ＺＡＣＲＯＳ,プライム（内国株式）,化学,自動チェック完了,月次価格取得済み,財務取得済み,irbank:2026/03,ランキング判定に利用,1351.0,,
7918,ヴィア・ホールディングス,スタンダード（内国株式）,小売業,自動チェック完了,月次価格取得済み,財務取得済み,irbank:2026/03,ランキング判定に利用,107.0,,
7919,野崎印刷紙業,スタンダード（内国株式）,その他製品,自動チェック完了,月次価格取得済み,財務取得済み,irbank:2026/03,ランキング判定に利用,189.0,,
7921,ＴＡＫＡＲＡ　＆　ＣＯＭＰＡＮＹ,プライム（内国株式）,その他製品,自動チェック完了,月次価格取得済み,財務取得済み,irbank:2026/02,ランキング判定に利用,3175.0,,
7922,三光産業,スタンダード（内国株式）,その他製品,自動チェック完了,月次価格取得済み,財務取得済み,irbank:2026/03,ランキング判定に利用,717.0,,
7927,ムトー精工,スタンダード（内国株式）,化学,自動チェック完了,月次価格取得済み,財務取得済み,irbank:2026/03,ランキング判定に利用,2185.0,,
7928,旭化学工業,スタンダード（内国株式）,化学,自動チェック完了,月次価格取得済み,財務取得済み,irbank:2026/02,ランキング判定に利用,610.0,,
7931,未来工業,プライム（内国株式）,化学,自動チェック完了,月次価格取得済み,財務取得済み,irbank:2026/03,ランキング判定に利用,3040.0,,
7932,ニッピ,スタンダード（内国株式）,その他製品,自動チェック完了,月次価格取得済み,財務取得済み,irbank:2026/03,ランキング判定に利用,11600.0,,
7936,アシックス,プライム（内国株式）,その他製品,自動チェック完了,月次価格取得済み,財務取得済み,irbank:2026/03,ランキング判定に利用,4456.0,,
7937,ツツミ,スタンダード（内国株式）,その他製品,自動チェック完了,月次価格取得済み,財務取得済み,irbank:2026/03,ランキング判定に利用,2590.0,,
7938,リーガルコーポレーション,スタンダード（内国株式）,その他製品,自動チェック完了,月次価格取得済み,財務取得済み,irbank:2026/03,ランキング判定に利用,2057.0,,
7939,研創,スタンダード（内国株式）,その他製品,自動チェック完了,月次価格取得済み,財務取得済み,irbank:2026/03,ランキング判定に利用,576.0,,
7940,ウェーブロックホールディングス,スタンダード（内国株式）,化学,自動チェック完了,月次価格取得済み,財務取得済み,irbank:2026/03,ランキング判定に利用,1055.0,,
7942,ＪＳＰ,プライム（内国株式）,化学,自動チェック完了,月次価格取得済み,財務取得済み,irbank:2026/03,ランキング判定に利用,2508.0,,
7943,ニチハ,プライム（内国株式）,ガラス・土石製品,自動チェック完了,月次価格取得済み,財務取得済み,irbank:2026/03,ランキング判定に利用,3060.0,,
7944,ローランド,プライム（内国株式）,その他製品,自動チェック完了,月次価格取得済み,財務取得済み,irbank:2026/03,ランキング判定に利用,4330.0,,
7946,光陽社,スタンダード（内国株式）,その他製品,自動チェック完了,月次価格取得済み,財務取得済み,irbank:2026/03,ランキング判定に利用,356.0,,
7947,エフピコ,プライム（内国株式）,化学,自動チェック完了,月次価格取得済み,財務取得済み,irbank:2026/03,ランキング判定に利用,2628.0,,
7949,小松ウオール工業,プライム（内国株式）,その他製品,自動チェック完了,月次価格取得済み,財務取得済み,irbank:2026/03,ランキング判定に利用,2526.0,,
7951,ヤマハ,プライム（内国株式）,その他製品,自動チェック完了,月次価格取得済み,財務取得済み,irbank:2026/03,ランキング判定に利用,1144.0,,
7952,河合楽器製作所,プライム（内国株式）,その他製品,自動チェック完了,月次価格取得済み,財務取得済み,irbank:2026/03,ランキング判定に利用,3320.0,,
7953,菊水化学工業,スタンダード（内国株式）,その他製品,自動チェック完了,月次価格取得済み,財務取得済み,irbank:2026/03,ランキング判定に利用,385.0,,
7955,クリナップ,プライム（内国株式）,その他製品,自動チェック完了,月次価格取得済み,財務取得済み,irbank:2026/03,ランキング判定に利用,877.0,,
7956,ピジョン,プライム（内国株式）,その他製品,自動チェック完了,月次価格取得済み,財務取得済み,irbank:2026/03,ランキング判定に利用,2037.0,,
7957,フジコピアン,スタンダード（内国株式）,その他製品,自動チェック完了,月次価格取得済み,財務取得済み,irbank:2026/03,ランキング判定に利用,1681.0,,
7962,キングジム,プライム（内国株式）,その他製品,自動チェック完了,月次価格取得済み,財務取得済み,irbank:2026/03,ランキング判定に利用,764.0,,
7963,興研,スタンダード（内国株式）,その他製品,自動チェック完了,月次価格取得済み,財務取得済み,irbank:2026/03,ランキング判定に利用,1696.0,,
7965,象印マホービン,プライム（内国株式）,電気機器,自動チェック完了,月次価格取得済み,財務取得済み,irbank:2026/02,ランキング判定に利用,1427.0,,
7966,リンテック,プライム（内国株式）,その他製品,自動チェック完了,月次価格取得済み,財務取得済み,irbank:2026/03,ランキング判定に利用,6740.0,,
7970,信越ポリマー,プライム（内国株式）,化学,自動チェック完了,月次価格取得済み,財務取得済み,irbank:2026/03,ランキング判定に利用,2422.0,,
7971,東リ,スタンダード（内国株式）,化学,自動チェック完了,月次価格取得済み,財務取得済み,irbank:2026/03,ランキング判定に利用,665.0,,
7972,イトーキ,プライム（内国株式）,その他製品,自動チェック完了,月次価格取得済み,財務取得済み,irbank:2026/03,ランキング判定に利用,2631.0,,
7974,任天堂,プライム（内国株式）,その他製品,自動チェック完了,月次価格取得済み,財務取得済み,irbank:2026/03,ランキング判定に利用,6589.0,,
7975,リヒトラブ,スタンダード（内国株式）,その他製品,自動チェック完了,月次価格取得済み,財務取得済み,irbank:2026/02,ランキング判定に利用,1073.0,,
7976,三菱鉛筆,プライム（内国株式）,その他製品,自動チェック完了,月次価格取得済み,財務取得済み,irbank:2026/03,ランキング判定に利用,2689.0,,
7979,松風,プライム（内国株式）,精密機器,自動チェック完了,月次価格取得済み,財務取得済み,irbank:2026/03,ランキング判定に利用,2017.0,,
7980,重松製作所,スタンダード（内国株式）,その他製品,自動チェック完了,月次価格取得済み,財務取得済み,irbank:2026/03,ランキング判定に利用,794.0,,
7981,タカラスタンダード,プライム（内国株式）,その他製品,自動チェック完了,月次価格取得済み,財務取得済み,irbank:2026/03,ランキング判定に利用,3100.0,,
7983,ミロク,スタンダード（内国株式）,その他製品,自動チェック完了,月次価格取得済み,財務取得済み,irbank:2026/04,ランキング判定に利用,1055.0,,
7984,コクヨ,プライム（内国株式）,その他製品,自動チェック完了,月次価格取得済み,財務取得済み,irbank:2026/03,ランキング判定に利用,835.1,,
7985,ネポン,スタンダード（内国株式）,金属製品,自動チェック完了,月次価格取得済み,財務取得済み,irbank:2026/03,ランキング判定に利用,716.0,,
7986,日本アイ・エス・ケイ,スタンダード（内国株式）,その他製品,自動チェック完了,月次価格取得済み,財務取得済み,irbank:2026/03,ランキング判定に利用,1777.0,,
7987,ナカバヤシ,スタンダード（内国株式）,その他製品,自動チェック完了,月次価格取得済み,財務取得済み,irbank:2026/03,ランキング判定に利用,557.0,,
7988,ニフコ,プライム（内国株式）,化学,自動チェック完了,月次価格取得済み,財務取得済み,irbank:2026/03,ランキング判定に利用,4789.0,,
7989,立川ブラインド工業,プライム（内国株式）,金属製品,自動チェック完了,月次価格取得済み,財務取得済み,irbank:2026/03,ランキング判定に利用,2542.0,,
7990,グローブライド,プライム（内国株式）,その他製品,自動チェック完了,月次価格取得済み,財務取得済み,irbank:2026/03,ランキング判定に利用,2315.0,,
7991,マミヤ・オーピー,スタンダード（内国株式）,機械,自動チェック完了,月次価格取得済み,財務取得済み,irbank:2026/03,ランキング判定に利用,1015.0,,
7992,セーラー万年筆,スタンダード（内国株式）,その他製品,自動チェック完了,月次価格取得済み,財務取得済み,irbank:2026/03,ランキング判定に利用,101.0,,
7994,オカムラ,プライム（内国株式）,その他製品,自動チェック完了,月次価格取得済み,財務取得済み,irbank:2026/03,ランキング判定に利用,2330.0,,
7995,バルカー,プライム（内国株式）,化学,自動チェック完了,月次価格取得済み,財務取得済み,irbank:2026/03,ランキング判定に利用,7260.0,,
7997,くろがね工作所,スタンダード（内国株式）,その他製品,自動チェック完了,月次価格取得済み,財務取得済み,irbank:2026/02,ランキング判定に利用,1000.0,,
7999,ＭＵＴＯＨホールディングス,スタンダード（内国株式）,電気機器,自動チェック完了,月次価格取得済み,財務取得済み,irbank:2026/03,ランキング判定に利用,7580.0,,
8001,伊藤忠商事,プライム（内国株式）,卸売業,補完チェック完了,月次価格取得済み,財務補完済み,completionEstimate,補完データでチャートと広域判定に利用,1833.5,,BPS、純資産、株数推定が不足
8002,丸紅,プライム（内国株式）,卸売業,補完チェック完了,月次価格取得済み,財務補完済み,completionEstimate,補完データでチャートと広域判定に利用,4692.0,,BPS、純資産、株数推定が不足
8005,スクロール,プライム（内国株式）,小売業,自動チェック完了,月次価格取得済み,財務取得済み,irbank:2026/03,ランキング判定に利用,1631.0,,
8006,ユアサ・フナショク,スタンダード（内国株式）,卸売業,自動チェック完了,月次価格取得済み,財務取得済み,irbank:2026/03,ランキング判定に利用,1450.0,,
8007,高島,プライム（内国株式）,卸売業,自動チェック完了,月次価格取得済み,財務取得済み,irbank:2026/03,ランキング判定に利用,751.0,,
8008,ヨンドシーホールディングス,プライム（内国株式）,小売業,自動チェック完了,月次価格取得済み,財務取得済み,irbank:2026/02,ランキング判定に利用,1922.0,,
8011,三陽商会,プライム（内国株式）,繊維製品,自動チェック完了,月次価格取得済み,財務取得済み,irbank:2026/02,ランキング判定に利用,3950.0,,
8012,長瀬産業,プライム（内国株式）,卸売業,自動チェック完了,月次価格取得済み,財務取得済み,irbank:2026/03,ランキング判定に利用,1170.0,,
8013,ナイガイ,スタンダード（内国株式）,繊維製品,自動チェック完了,月次価格取得済み,財務取得済み,irbank:2026/04,ランキング判定に利用,340.0,,
8014,蝶理,プライム（内国株式）,卸売業,自動チェック完了,月次価格取得済み,財務取得済み,irbank:2026/03,ランキング判定に利用,3850.0,,
8015,豊田通商,プライム（内国株式）,卸売業,自動チェック完了,月次価格取得済み,財務取得済み,irbank:2026/03,ランキング判定に利用,5958.0,,
8016,オンワードホールディングス,プライム（内国株式）,繊維製品,自動チェック完了,月次価格取得済み,財務取得済み,irbank:2026/02,ランキング判定に利用,727.0,,
8018,三共生興,スタンダード（内国株式）,卸売業,自動チェック完了,月次価格取得済み,財務取得済み,confirmed,ランキング判定に利用,786.0,,
8020,兼松,プライム（内国株式）,卸売業,補完チェック完了,月次価格取得済み,財務補完済み,completionEstimate,補完データでチャートと広域判定に利用,2077.0,,BPS、純資産、株数推定が不足
8022,美津濃,プライム（内国株式）,その他製品,自動チェック完了,月次価格取得済み,財務取得済み,irbank:2026/03,ランキング判定に利用,3445.0,,
8023,ＤＡＩＫＯ　ＸＴＥＣＨ,スタンダード（内国株式）,情報・通信業,自動チェック完了,月次価格取得済み,財務取得済み,irbank:2026/03,ランキング判定に利用,937.0,,
8025,ツカモトコーポレーション,スタンダード（内国株式）,卸売業,自動チェック完了,月次価格取得済み,財務取得済み,irbank:2026/03,ランキング判定に利用,1240.0,,
8029,ルックホールディングス,スタンダード（内国株式）,繊維製品,自動チェック完了,月次価格取得済み,財務取得済み,irbank:2026/03,ランキング判定に利用,2654.0,,
8030,中央魚類,スタンダード（内国株式）,卸売業,自動チェック完了,月次価格取得済み,財務取得済み,irbank:2026/03,ランキング判定に利用,3455.0,,
8031,三井物産,プライム（内国株式）,卸売業,補完チェック完了,月次価格取得済み,財務補完済み,completionEstimate,補完データでチャートと広域判定に利用,4508.0,,BPS、純資産、株数推定が不足
8032,日本紙パルプ商事,プライム（内国株式）,卸売業,自動チェック完了,月次価格取得済み,財務取得済み,irbank:2026/03,ランキング判定に利用,1089.0,,
8035,東京エレクトロン,プライム（内国株式）,電気機器,自動チェック完了,月次価格取得済み,財務取得済み,irbank:2026/03,ランキング判定に利用,72920.0,,
8037,カメイ,プライム（内国株式）,卸売業,自動チェック完了,月次価格取得済み,財務取得済み,irbank:2026/03,ランキング判定に利用,3455.0,,
8039,築地魚市場,スタンダード（内国株式）,卸売業,自動チェック完了,月次価格取得済み,財務取得済み,irbank:2026/03,ランキング判定に利用,3720.0,,
8040,東京ソワール,スタンダード（内国株式）,繊維製品,自動チェック完了,月次価格取得済み,財務取得済み,irbank:2026/03,ランキング判定に利用,1043.0,,
8041,ＯＵＧホールディングス,スタンダード（内国株式）,卸売業,自動チェック完了,月次価格取得済み,財務取得済み,irbank:2026/03,ランキング判定に利用,4185.0,,
8043,スターゼン,プライム（内国株式）,卸売業,自動チェック完了,月次価格取得済み,財務取得済み,irbank:2026/03,ランキング判定に利用,1191.0,,
8045,横浜丸魚,スタンダード（内国株式）,卸売業,自動チェック完了,月次価格取得済み,財務取得済み,irbank:2026/03,ランキング判定に利用,1855.0,,
8046,丸藤シートパイル,スタンダード（内国株式）,卸売業,自動チェック完了,月次価格取得済み,財務取得済み,irbank:2026/03,ランキング判定に利用,842.0,,
8050,セイコーグループ,プライム（内国株式）,精密機器,自動チェック完了,月次価格取得済み,財務取得済み,irbank:2026/03,ランキング判定に利用,7860.0,,
8051,山善,プライム（内国株式）,卸売業,自動チェック完了,月次価格取得済み,財務取得済み,irbank:2026/03,ランキング判定に利用,1674.0,,
8052,椿本興業,プライム（内国株式）,卸売業,自動チェック完了,月次価格取得済み,財務取得済み,irbank:2026/03,ランキング判定に利用,2696.0,,
8053,住友商事,プライム（内国株式）,卸売業,補完チェック完了,月次価格取得済み,財務補完済み,completionEstimate,補完データでチャートと広域判定に利用,6201.0,,BPS、純資産、株数推定が不足
8056,ＢＩＰＲＯＧＹ,プライム（内国株式）,情報・通信業,自動チェック完了,月次価格取得済み,財務取得済み,irbank:2026/03,ランキング判定に利用,4155.0,,
8057,内田洋行,プライム（内国株式）,卸売業,自動チェック完了,月次価格取得済み,財務取得済み,irbank:2026/04,ランキング判定に利用,1966.0,,
8058,三菱商事,プライム（内国株式）,卸売業,補完チェック完了,月次価格取得済み,財務補完済み,completionEstimate,補完データでチャートと広域判定に利用,4403.0,,BPS、純資産、株数推定が不足
8059,第一実業,プライム（内国株式）,卸売業,自動チェック完了,月次価格取得済み,財務取得済み,irbank:2026/03,ランキング判定に利用,3025.0,,
8060,キヤノンマーケティングジャパン,プライム（内国株式）,卸売業,自動チェック完了,月次価格取得済み,財務取得済み,irbank:2026/03,ランキング判定に利用,3371.0,,
8061,西華産業,プライム（内国株式）,卸売業,自動チェック完了,月次価格取得済み,財務取得済み,irbank:2026/03,ランキング判定に利用,2769.0,,
8065,佐藤商事,プライム（内国株式）,卸売業,自動チェック完了,月次価格取得済み,財務取得済み,irbank:2026/03,ランキング判定に利用,2875.0,,
8066,三谷商事,スタンダード（内国株式）,卸売業,自動チェック完了,月次価格取得済み,財務取得済み,irbank:2026/03,ランキング判定に利用,2507.0,,
8070,東京産業,プライム（内国株式）,卸売業,自動チェック完了,月次価格取得済み,財務取得済み,irbank:2026/03,ランキング判定に利用,805.0,,
8074,ＹＵＡＳＡ,プライム（内国株式）,卸売業,自動チェック完了,月次価格取得済み,財務取得済み,irbank:2026/03,ランキング判定に利用,5190.0,,
8075,神鋼商事,プライム（内国株式）,卸売業,自動チェック完了,月次価格取得済み,財務取得済み,irbank:2026/03,ランキング判定に利用,2388.0,,
8076,カノークス,スタンダード（内国株式）,卸売業,自動チェック完了,月次価格取得済み,財務取得済み,irbank:2026/03,ランキング判定に利用,1964.0,,
8077,トルク,スタンダード（内国株式）,卸売業,自動チェック完了,月次価格取得済み,財務取得済み,irbank:2026/04,ランキング判定に利用,206.0,,
8078,阪和興業,プライム（内国株式）,卸売業,自動チェック完了,月次価格取得済み,財務取得済み,irbank:2026/03,ランキング判定に利用,1775.0,,
8079,正栄食品工業,プライム（内国株式）,卸売業,自動チェック完了,月次価格取得済み,財務取得済み,irbank:2026/04,ランキング判定に利用,4115.0,,
8081,カナデン,プライム（内国株式）,卸売業,自動チェック完了,月次価格取得済み,財務取得済み,irbank:2026/03,ランキング判定に利用,2512.0,,
8084,ＲＹＯＤＥＮ,プライム（内国株式）,卸売業,自動チェック完了,月次価格取得済み,財務取得済み,irbank:2026/03,ランキング判定に利用,3925.0,,
8085,ナラサキ産業,スタンダード（内国株式）,卸売業,自動チェック完了,月次価格取得済み,財務取得済み,irbank:2026/03,ランキング判定に利用,4150.0,,
8086,ニプロ,プライム（内国株式）,精密機器,自動チェック完了,月次価格取得済み,財務取得済み,irbank:2026/03,ランキング判定に利用,1605.5,,
8088,岩谷産業,プライム（内国株式）,卸売業,自動チェック完了,月次価格取得済み,財務取得済み,irbank:2026/03,ランキング判定に利用,1908.5,,
8089,ナイス,スタンダード（内国株式）,卸売業,自動チェック完了,月次価格取得済み,財務取得済み,irbank:2026/03,ランキング判定に利用,1853.0,,
8091,ニチモウ,プライム（内国株式）,卸売業,自動チェック完了,月次価格取得済み,財務取得済み,irbank:2026/03,ランキング判定に利用,2266.0,,
8093,極東貿易,プライム（内国株式）,卸売業,自動チェック完了,月次価格取得済み,財務取得済み,irbank:2026/03,ランキング判定に利用,1698.0,,
8095,アステナホールディングス,プライム（内国株式）,卸売業,自動チェック完了,月次価格取得済み,財務取得済み,irbank:2026/02,ランキング判定に利用,508.0,,
8097,三愛オブリ,プライム（内国株式）,卸売業,自動チェック完了,月次価格取得済み,財務取得済み,irbank:2026/03,ランキング判定に利用,2088.0,,
8098,稲畑産業,プライム（内国株式）,卸売業,自動チェック完了,月次価格取得済み,財務取得済み,irbank:2026/03,ランキング判定に利用,3910.0,,
8101,ＧＳＩクレオス,プライム（内国株式）,卸売業,自動チェック完了,月次価格取得済み,財務取得済み,irbank:2026/03,ランキング判定に利用,2331.0,,
8103,明和産業,プライム（内国株式）,卸売業,自動チェック完了,月次価格取得済み,財務取得済み,irbank:2026/03,ランキング判定に利用,864.0,,
8104,クワザワホールディングス,スタンダード（内国株式）,卸売業,自動チェック完了,月次価格取得済み,財務取得済み,irbank:2026/03,ランキング判定に利用,650.0,,
8105,Ｂｉｔｃｏｉｎ　Ｊａｐａｎ,スタンダード（内国株式）,卸売業,自動チェック完了,月次価格取得済み,財務取得済み,irbank:2026/03,ランキング判定に利用,153.0,,
8107,キムラタン,スタンダード（内国株式）,繊維製品,自動チェック完了,月次価格取得済み,財務取得済み,irbank:2026/03,ランキング判定に利用,33.0,,
8111,ゴールドウイン,プライム（内国株式）,繊維製品,自動チェック完了,月次価格取得済み,財務取得済み,irbank:2026/03,ランキング判定に利用,2146.5,,
8113,ユニ・チャーム,プライム（内国株式）,化学,自動チェック完了,月次価格取得済み,財務取得済み,irbank:2026/03,ランキング判定に利用,948.1,,
8115,ムーンバット,スタンダード（内国株式）,卸売業,自動チェック完了,月次価格取得済み,財務取得済み,irbank:2026/03,ランキング判定に利用,1749.0,,
8117,中央自動車工業,スタンダード（内国株式）,卸売業,自動チェック完了,月次価格取得済み,財務取得済み,irbank:2026/03,ランキング判定に利用,2003.0,,
8118,キング,スタンダード（内国株式）,繊維製品,自動チェック完了,月次価格取得済み,財務取得済み,irbank:2026/03,ランキング判定に利用,1218.0,,
8119,三栄コーポレーション,スタンダード（内国株式）,卸売業,自動チェック完了,月次価格取得済み,財務取得済み,irbank:2026/03,ランキング判定に利用,755.0,,
8123,川辺,スタンダード（内国株式）,卸売業,自動チェック完了,月次価格取得済み,財務取得済み,irbank:2026/03,ランキング判定に利用,1338.0,,
8125,ワキタ,プライム（内国株式）,卸売業,自動チェック完了,月次価格取得済み,財務取得済み,irbank:2026/02,ランキング判定に利用,1716.0,,
8127,ヤマトインターナショナル,スタンダード（内国株式）,繊維製品,自動チェック完了,月次価格取得済み,財務取得済み,irbank:2026/02,ランキング判定に利用,587.0,,
8129,東邦ホールディングス,プライム（内国株式）,卸売業,自動チェック完了,月次価格取得済み,財務取得済み,irbank:2026/03,ランキング判定に利用,3835.0,,
8130,サンゲツ,プライム（内国株式）,卸売業,自動チェック完了,月次価格取得済み,財務取得済み,irbank:2026/03,ランキング判定に利用,2950.0,,
8131,ミツウロコグループホールディングス,スタンダード（内国株式）,卸売業,自動チェック完了,月次価格取得済み,財務取得済み,irbank:2026/03,ランキング判定に利用,1936.0,,
8132,シナネンホールディングス,プライム（内国株式）,卸売業,自動チェック完了,月次価格取得済み,財務取得済み,irbank:2026/03,ランキング判定に利用,7120.0,,
8133,伊藤忠エネクス,プライム（内国株式）,卸売業,補完チェック完了,月次価格取得済み,財務補完済み,completionEstimate,補完データでチャートと広域判定に利用,2017.0,,BPS、純資産、株数推定が不足
8135,ゼット,スタンダード（内国株式）,卸売業,自動チェック完了,月次価格取得済み,財務取得済み,irbank:2026/03,ランキング判定に利用,420.0,,
8136,サンリオ,プライム（内国株式）,卸売業,自動チェック完了,月次価格取得済み,財務取得済み,irbank:2026/03,ランキング判定に利用,1092.0,,
8137,サンワテクノス,プライム（内国株式）,卸売業,自動チェック完了,月次価格取得済み,財務取得済み,irbank:2026/03,ランキング判定に利用,3605.0,,
8138,三京化成,スタンダード（内国株式）,卸売業,自動チェック完了,月次価格取得済み,財務取得済み,irbank:2026/03,ランキング判定に利用,4000.0,,
8139,ナガホリ,スタンダード（内国株式）,卸売業,自動チェック完了,月次価格取得済み,財務取得済み,irbank:2026/03,ランキング判定に利用,2093.0,,
8141,新光商事,プライム（内国株式）,卸売業,自動チェック完了,月次価格取得済み,財務取得済み,irbank:2026/03,ランキング判定に利用,1565.0,,
8142,トーホー,プライム（内国株式）,卸売業,自動チェック完了,月次価格取得済み,財務取得済み,irbank:2026/04,ランキング判定に利用,1351.0,,
8143,ラピーヌ,スタンダード（内国株式）,繊維製品,自動チェック完了,月次価格取得済み,財務取得済み,irbank:2026/02,ランキング判定に利用,148.0,,
8144,デンキョーグループホールディングス,スタンダード（内国株式）,卸売業,自動チェック完了,月次価格取得済み,財務取得済み,irbank:2026/03,ランキング判定に利用,1275.0,,
8147,トミタ,スタンダード（内国株式）,卸売業,自動チェック完了,月次価格取得済み,財務取得済み,irbank:2026/03,ランキング判定に利用,1278.0,,
8150,三信電気,プライム（内国株式）,卸売業,自動チェック完了,月次価格取得済み,財務取得済み,irbank:2026/03,ランキング判定に利用,2719.0,,
8151,東陽テクニカ,プライム（内国株式）,卸売業,自動チェック完了,月次価格取得済み,財務取得済み,irbank:2026/03,ランキング判定に利用,1966.0,,
8152,ソマール,スタンダード（内国株式）,卸売業,自動チェック完了,月次価格取得済み,財務取得済み,irbank:2026/03,ランキング判定に利用,7050.0,,
8153,モスフードサービス,プライム（内国株式）,卸売業,自動チェック完了,月次価格取得済み,財務取得済み,irbank:2026/03,ランキング判定に利用,3585.0,,
8154,加賀電子,プライム（内国株式）,卸売業,自動チェック完了,月次価格取得済み,財務取得済み,irbank:2026/03,ランキング判定に利用,4250.0,,
8157,都築電気,プライム（内国株式）,情報・通信業,自動チェック完了,月次価格取得済み,財務取得済み,irbank:2026/03,ランキング判定に利用,3930.0,,
8158,ソーダニッカ,プライム（内国株式）,卸売業,自動チェック完了,月次価格取得済み,財務取得済み,irbank:2026/03,ランキング判定に利用,1111.0,,
8159,立花エレテック,プライム（内国株式）,卸売業,自動チェック完了,月次価格取得済み,財務取得済み,irbank:2026/03,ランキング判定に利用,3185.0,,
8160,木曽路,プライム（内国株式）,小売業,自動チェック完了,月次価格取得済み,財務取得済み,irbank:2026/03,ランキング判定に利用,2318.0,,
8163,ＳＲＳホールディングス,プライム（内国株式）,小売業,自動チェック完了,月次価格取得済み,財務取得済み,irbank:2026/03,ランキング判定に利用,1223.0,,
8165,千趣会,スタンダード（内国株式）,小売業,自動チェック完了,月次価格取得済み,財務取得済み,irbank:2026/03,ランキング判定に利用,108.0,,
8166,タカキュー,スタンダード（内国株式）,小売業,自動チェック完了,月次価格取得済み,財務取得済み,irbank:2026/02,ランキング判定に利用,78.0,,
8167,リテールパートナーズ,プライム（内国株式）,小売業,自動チェック完了,月次価格取得済み,財務取得済み,irbank:2026/02,ランキング判定に利用,1340.0,,
8173,Ｊｏｓｈｉｎ,プライム（内国株式）,小売業,自動チェック完了,月次価格取得済み,財務取得済み,irbank:2026/03,ランキング判定に利用,3925.0,,
8174,日本瓦斯,プライム（内国株式）,小売業,自動チェック完了,月次価格取得済み,財務取得済み,irbank:2026/03,ランキング判定に利用,2830.5,,
8179,ロイヤルホールディングス,プライム（内国株式）,小売業,自動チェック完了,月次価格取得済み,財務取得済み,irbank:2026/03,ランキング判定に利用,1225.0,,
8181,東天紅,スタンダード（内国株式）,小売業,自動チェック完了,月次価格取得済み,財務取得済み,irbank:2026/02,ランキング判定に利用,1024.0,,
8185,チヨダ,プライム（内国株式）,小売業,自動チェック完了,月次価格取得済み,財務取得済み,irbank:2026/02,ランキング判定に利用,955.0,,
8194,ライフコーポレーション,プライム（内国株式）,小売業,自動チェック完了,月次価格取得済み,財務取得済み,irbank:2026/02,ランキング判定に利用,2587.0,,
8198,マックスバリュ東海,スタンダード（内国株式）,小売業,自動チェック完了,月次価格取得済み,財務取得済み,irbank:2026/02,ランキング判定に利用,3190.0,,
8200,リンガーハット,プライム（内国株式）,小売業,自動チェック完了,月次価格取得済み,財務取得済み,irbank:2026/02,ランキング判定に利用,2154.0,,
8202,ラオックスホールディングス,スタンダード（内国株式）,小売業,自動チェック完了,月次価格取得済み,財務取得済み,irbank:2026/03,ランキング判定に利用,146.0,,
8203,ＭｒＭａｘＨＤ,プライム（内国株式）,小売業,自動チェック完了,月次価格取得済み,財務取得済み,irbank:2026/02,ランキング判定に利用,773.0,,
8207,テンアライド,スタンダード（内国株式）,小売業,自動チェック完了,月次価格取得済み,財務取得済み,irbank:2026/03,ランキング判定に利用,283.0,,
8214,ＡＯＫＩホールディングス,プライム（内国株式）,小売業,自動チェック完了,月次価格取得済み,財務取得済み,irbank:2026/03,ランキング判定に利用,1630.0,,
8217,オークワ,プライム（内国株式）,小売業,自動チェック完了,月次価格取得済み,財務取得済み,irbank:2026/05,ランキング判定に利用,770.0,,
8218,コメリ,プライム（内国株式）,小売業,自動チェック完了,月次価格取得済み,財務取得済み,irbank:2026/03,ランキング判定に利用,3560.0,,
8219,青山商事,プライム（内国株式）,小売業,自動チェック完了,月次価格取得済み,財務取得済み,irbank:2026/03,ランキング判定に利用,685.0,,
8225,タカチホ,スタンダード（内国株式）,卸売業,自動チェック完了,月次価格取得済み,財務取得済み,irbank:2026/03,ランキング判定に利用,3300.0,,
8226,理経,スタンダード（内国株式）,卸売業,自動チェック完了,月次価格取得済み,財務取得済み,irbank:2026/03,ランキング判定に利用,368.0,,
8227,しまむら,プライム（内国株式）,小売業,自動チェック完了,月次価格取得済み,財務取得済み,irbank:2026/02,ランキング判定に利用,3225.0,,
8230,はせがわ,スタンダード（内国株式）,小売業,自動チェック完了,月次価格取得済み,財務取得済み,irbank:2026/03,ランキング判定に利用,307.0,,
8233,高島屋,プライム（内国株式）,小売業,自動チェック完了,月次価格取得済み,財務取得済み,irbank:2026/02,ランキング判定に利用,2569.0,,
8237,松屋,プライム（内国株式）,小売業,自動チェック完了,月次価格取得済み,財務取得済み,irbank:2026/02,ランキング判定に利用,1785.0,,
8242,エイチ・ツー・オー　リテイリング,プライム（内国株式）,小売業,自動チェック完了,月次価格取得済み,財務取得済み,irbank:2026/03,ランキング判定に利用,2871.5,,
8244,近鉄百貨店,スタンダード（内国株式）,小売業,自動チェック完了,月次価格取得済み,財務取得済み,irbank:2026/02,ランキング判定に利用,1796.0,,
8247,大和,スタンダード（内国株式）,小売業,自動チェック完了,月次価格取得済み,財務取得済み,irbank:2026/02,ランキング判定に利用,295.0,,
8252,丸井グループ,プライム（内国株式）,小売業,自動チェック完了,月次価格取得済み,財務取得済み,irbank:2026/03,ランキング判定に利用,2799.5,,
8253,クレディセゾン,プライム（内国株式）,その他金融業,自動チェック完了,月次価格取得済み,財務取得済み,irbank:2026/03,ランキング判定に利用,4296.0,,
8254,さいか屋,スタンダード（内国株式）,小売業,自動チェック完了,月次価格取得済み,財務取得済み,irbank:2026/02,ランキング判定に利用,259.0,,
8255,アクシアル　リテイリング,プライム（内国株式）,小売業,自動チェック完了,月次価格取得済み,財務取得済み,irbank:2026/03,ランキング判定に利用,1111.0,,
8260,井筒屋,スタンダード（内国株式）,小売業,自動チェック完了,月次価格取得済み,財務取得済み,irbank:2026/02,ランキング判定に利用,376.0,,
8267,イオン,プライム（内国株式）,小売業,自動チェック完了,月次価格取得済み,財務取得済み,irbank:2026/02,ランキング判定に利用,1306.5,,
8273,イズミ,プライム（内国株式）,小売業,自動チェック完了,月次価格取得済み,財務取得済み,irbank:2026/02,ランキング判定に利用,949.0,,
8275,フォーバル,スタンダード（内国株式）,卸売業,自動チェック完了,月次価格取得済み,財務取得済み,irbank:2026/03,ランキング判定に利用,1014.0,,
8276,平和堂,プライム（内国株式）,小売業,自動チェック完了,月次価格取得済み,財務取得済み,irbank:2026/05,ランキング判定に利用,2455.0,,
8278,フジ,プライム（内国株式）,小売業,自動チェック完了,月次価格取得済み,財務取得済み,irbank:2026/02,ランキング判定に利用,1957.0,,
8281,ゼビオホールディングス,プライム（内国株式）,小売業,自動チェック完了,月次価格取得済み,財務取得済み,irbank:2026/03,ランキング判定に利用,1066.0,,
8282,ケーズホールディングス,プライム（内国株式）,小売業,自動チェック完了,月次価格取得済み,財務取得済み,irbank:2026/03,ランキング判定に利用,1923.0,,
8283,ＰＡＬＴＡＣ,プライム（内国株式）,卸売業,自動チェック完了,月次価格取得済み,財務取得済み,irbank:2026/03,ランキング判定に利用,6638.0,,
8285,三谷産業,スタンダード（内国株式）,卸売業,自動チェック完了,月次価格取得済み,財務取得済み,irbank:2026/03,ランキング判定に利用,701.0,,
8289,Ｏｌｙｍｐｉｃグループ,スタンダード（内国株式）,小売業,自動チェック完了,月次価格取得済み,財務取得済み,irbank:2026/02,ランキング判定に利用,952.0,,
8291,日産東京販売ホールディングス,スタンダード（内国株式）,小売業,自動チェック完了,月次価格取得済み,財務取得済み,irbank:2026/03,ランキング判定に利用,546.0,,
8303,ＳＢＩ新生銀行,プライム（内国株式）,銀行業,自動チェック完了,月次価格取得済み,財務取得済み,irbank:2026/03,ランキング判定に利用,1389.5,,
8304,あおぞら銀行,プライム（内国株式）,銀行業,自動チェック完了,月次価格取得済み,財務取得済み,irbank:2026/03,ランキング判定に利用,2726.5,,
8306,三菱ＵＦＪフィナンシャル・グループ,プライム（内国株式）,銀行業,自動チェック完了,月次価格取得済み,財務取得済み,irbank:2026/03,ランキング判定に利用,3245.0,,
8308,りそなホールディングス,プライム（内国株式）,銀行業,自動チェック完了,月次価格取得済み,財務取得済み,irbank:2026/03,ランキング判定に利用,2102.0,,
8309,三井住友トラストグループ,プライム（内国株式）,銀行業,自動チェック完了,月次価格取得済み,財務取得済み,irbank:2026/03,ランキング判定に利用,5972.0,,
8316,三井住友フィナンシャルグループ,プライム（内国株式）,銀行業,自動チェック完了,月次価格取得済み,財務取得済み,irbank:2026/03,ランキング判定に利用,6391.0,,
8331,千葉銀行,プライム（内国株式）,銀行業,自動チェック完了,月次価格取得済み,財務取得済み,irbank:2026/03,ランキング判定に利用,2464.0,,
8334,群馬銀行,プライム（内国株式）,銀行業,自動チェック完了,月次価格取得済み,財務取得済み,irbank:2026/03,ランキング判定に利用,2334.0,,
8336,武蔵野銀行,プライム（内国株式）,銀行業,自動チェック完了,月次価格取得済み,財務取得済み,irbank:2026/03,ランキング判定に利用,2519.0,,
8337,千葉興業銀行,プライム（内国株式）,銀行業,自動チェック完了,月次価格取得済み,財務取得済み,irbank:2026/03,ランキング判定に利用,2358.0,,
8338,筑波銀行,プライム（内国株式）,銀行業,自動チェック完了,月次価格取得済み,財務取得済み,irbank:2026/03,ランキング判定に利用,627.0,,
8341,七十七銀行,プライム（内国株式）,銀行業,自動チェック完了,月次価格取得済み,財務取得済み,irbank:2026/03,ランキング判定に利用,3335.0,,
8343,秋田銀行,プライム（内国株式）,銀行業,自動チェック完了,月次価格取得済み,財務取得済み,irbank:2026/03,ランキング判定に利用,6800.0,,
8344,山形銀行,プライム（内国株式）,銀行業,自動チェック完了,月次価格取得済み,財務取得済み,irbank:2026/03,ランキング判定に利用,3365.0,,
8345,岩手銀行,プライム（内国株式）,銀行業,自動チェック完了,月次価格取得済み,財務取得済み,irbank:2026/03,ランキング判定に利用,2030.0,,
8346,東邦銀行,プライム（内国株式）,銀行業,自動チェック完了,月次価格取得済み,財務取得済み,irbank:2026/03,ランキング判定に利用,774.0,,
8349,東北銀行,スタンダード（内国株式）,銀行業,自動チェック完了,月次価格取得済み,財務取得済み,irbank:2026/03,ランキング判定に利用,1383.0,,
8354,ふくおかフィナンシャルグループ,プライム（内国株式）,銀行業,自動チェック完了,月次価格取得済み,財務取得済み,irbank:2026/03,ランキング判定に利用,6861.0,,
8358,スルガ銀行,プライム（内国株式）,銀行業,自動チェック完了,月次価格取得済み,財務取得済み,irbank:2026/03,ランキング判定に利用,2384.0,,
8359,八十二長野銀行,プライム（内国株式）,銀行業,自動チェック完了,月次価格取得済み,財務取得済み,irbank:2026/03,ランキング判定に利用,2387.0,,
8360,山梨中央銀行,プライム（内国株式）,銀行業,自動チェック完了,月次価格取得済み,財務取得済み,irbank:2026/03,ランキング判定に利用,6150.0,,
8361,大垣共立銀行,プライム（内国株式）,銀行業,自動チェック完了,月次価格取得済み,財務取得済み,irbank:2026/03,ランキング判定に利用,7320.0,,
8362,福井銀行,プライム（内国株式）,銀行業,自動チェック完了,月次価格取得済み,財務取得済み,irbank:2026/03,ランキング判定に利用,5440.0,,
8364,清水銀行,プライム（内国株式）,銀行業,自動チェック完了,月次価格取得済み,財務取得済み,irbank:2026/03,ランキング判定に利用,2350.0,,
8365,富山銀行,スタンダード（内国株式）,銀行業,自動チェック完了,月次価格取得済み,財務取得済み,irbank:2026/03,ランキング判定に利用,2086.0,,
8366,滋賀銀行,プライム（内国株式）,銀行業,自動チェック完了,月次価格取得済み,財務取得済み,irbank:2026/03,ランキング判定に利用,2412.0,,
8367,南都銀行,プライム（内国株式）,銀行業,自動チェック完了,月次価格取得済み,財務取得済み,irbank:2026/03,ランキング判定に利用,1756.0,,
8368,百五銀行,プライム（内国株式）,銀行業,自動チェック完了,月次価格取得済み,財務取得済み,irbank:2026/03,ランキング判定に利用,1960.0,,
8370,紀陽銀行,プライム（内国株式）,銀行業,自動チェック完了,月次価格取得済み,財務取得済み,irbank:2026/03,ランキング判定に利用,4460.0,,
8377,ほくほくフィナンシャルグループ,プライム（内国株式）,銀行業,自動チェック完了,月次価格取得済み,財務取得済み,irbank:2026/03,ランキング判定に利用,6703.0,,
8381,山陰合同銀行,プライム（内国株式）,銀行業,自動チェック完了,月次価格取得済み,財務取得済み,irbank:2026/03,ランキング判定に利用,2227.0,,
8383,鳥取銀行,スタンダード（内国株式）,銀行業,自動チェック完了,月次価格取得済み,財務取得済み,irbank:2026/03,ランキング判定に利用,1552.0,,
8386,百十四銀行,プライム（内国株式）,銀行業,自動チェック完了,月次価格取得済み,財務取得済み,irbank:2026/03,ランキング判定に利用,2560.0,,
8387,四国銀行,プライム（内国株式）,銀行業,自動チェック完了,月次価格取得済み,財務取得済み,irbank:2026/03,ランキング判定に利用,2942.0,,
8388,阿波銀行,プライム（内国株式）,銀行業,自動チェック完了,月次価格取得済み,財務取得済み,irbank:2026/03,ランキング判定に利用,7070.0,,
8392,大分銀行,プライム（内国株式）,銀行業,自動チェック完了,月次価格取得済み,財務取得済み,irbank:2026/03,ランキング判定に利用,2336.0,,
8393,宮崎銀行,プライム（内国株式）,銀行業,自動チェック完了,月次価格取得済み,財務取得済み,irbank:2026/03,ランキング判定に利用,2124.0,,
8395,佐賀銀行,プライム（内国株式）,銀行業,自動チェック完了,月次価格取得済み,財務取得済み,irbank:2026/03,ランキング判定に利用,5220.0,,
8399,琉球銀行,プライム（内国株式）,銀行業,自動チェック完了,月次価格取得済み,財務取得済み,irbank:2026/03,ランキング判定に利用,2541.0,,
8410,セブン銀行,プライム（内国株式）,銀行業,自動チェック完了,月次価格取得済み,財務取得済み,irbank:2026/03,ランキング判定に利用,277.5,,
8411,みずほフィナンシャルグループ,プライム（内国株式）,銀行業,自動チェック完了,月次価格取得済み,財務取得済み,irbank:2026/03,ランキング判定に利用,7794.0,,
8416,高知銀行,スタンダード（内国株式）,銀行業,自動チェック完了,月次価格取得済み,財務取得済み,irbank:2026/03,ランキング判定に利用,1237.0,,
8418,山口フィナンシャルグループ,プライム（内国株式）,銀行業,自動チェック完了,月次価格取得済み,財務取得済み,irbank:2026/03,ランキング判定に利用,2876.5,,
8424,芙蓉総合リース,プライム（内国株式）,その他金融業,自動チェック完了,月次価格取得済み,財務取得済み,irbank:2026/03,ランキング判定に利用,4235.0,,
8425,みずほリース,プライム（内国株式）,その他金融業,自動チェック完了,月次価格取得済み,財務取得済み,irbank:2026/03,ランキング判定に利用,1247.0,,
8439,東京センチュリー,プライム（内国株式）,その他金融業,自動チェック完了,月次価格取得済み,財務取得済み,irbank:2026/03,ランキング判定に利用,2491.5,,
8473,ＳＢＩホールディングス,プライム（内国株式）,証券、商品先物取引業,補完チェック完了,月次価格取得済み,財務補完済み,completionEstimate,補完データでチャートと広域判定に利用,2696.5,,BPS、純資産、株数推定が不足
8508,Ｊトラスト,スタンダード（内国株式）,その他金融業,補完チェック完了,月次価格取得済み,財務補完済み,completionEstimate,補完データでチャートと広域判定に利用,807.0,,BPS、純資産、株数推定が不足
8511,日本証券金融,プライム（内国株式）,その他金融業,自動チェック完了,月次価格取得済み,財務取得済み,irbank:2026/03,ランキング判定に利用,2297.0,,
8518,日本アジア投資,スタンダード（内国株式）,証券、商品先物取引業,自動チェック完了,月次価格取得済み,財務取得済み,irbank:2026/03,ランキング判定に利用,125.0,,
8522,名古屋銀行,プライム（内国株式）,銀行業,自動チェック完了,月次価格取得済み,財務取得済み,irbank:2026/03,ランキング判定に利用,5910.0,,
8524,北洋銀行,プライム（内国株式）,銀行業,自動チェック完了,月次価格取得済み,財務取得済み,irbank:2026/03,ランキング判定に利用,1119.0,,
8537,大光銀行,スタンダード（内国株式）,銀行業,自動チェック完了,月次価格取得済み,財務取得済み,irbank:2026/03,ランキング判定に利用,2740.0,,
8541,愛媛銀行,プライム（内国株式）,銀行業,自動チェック完了,月次価格取得済み,財務取得済み,irbank:2026/03,ランキング判定に利用,2053.0,,
8542,トマト銀行,スタンダード（内国株式）,銀行業,自動チェック完了,月次価格取得済み,財務取得済み,irbank:2026/03,ランキング判定に利用,1487.0,,
8544,京葉銀行,プライム（内国株式）,銀行業,自動チェック完了,月次価格取得済み,財務取得済み,irbank:2026/03,ランキング判定に利用,2471.0,,
8550,栃木銀行,プライム（内国株式）,銀行業,自動チェック完了,月次価格取得済み,財務取得済み,irbank:2026/03,ランキング判定に利用,915.0,,
8551,北日本銀行,プライム（内国株式）,銀行業,自動チェック完了,月次価格取得済み,財務取得済み,irbank:2026/03,ランキング判定に利用,5260.0,,
8558,東和銀行,プライム（内国株式）,銀行業,自動チェック完了,月次価格取得済み,財務取得済み,irbank:2026/03,ランキング判定に利用,1438.0,,
8562,福島銀行,スタンダード（内国株式）,銀行業,自動チェック完了,月次価格取得済み,財務取得済み,irbank:2026/03,ランキング判定に利用,336.0,,
8563,大東銀行,スタンダード（内国株式）,銀行業,自動チェック完了,月次価格取得済み,財務取得済み,irbank:2026/03,ランキング判定に利用,946.0,,
8566,リコーリース,プライム（内国株式）,その他金融業,自動チェック完了,月次価格取得済み,財務取得済み,irbank:2026/03,ランキング判定に利用,6050.0,,
8570,イオンフィナンシャルサービス,プライム（内国株式）,その他金融業,自動チェック完了,月次価格取得済み,財務取得済み,irbank:2026/02,ランキング判定に利用,1465.0,,
8572,アコム,スタンダード（内国株式）,その他金融業,自動チェック完了,月次価格取得済み,財務取得済み,irbank:2026/03,ランキング判定に利用,449.5,,
8584,ジャックス,プライム（内国株式）,その他金融業,自動チェック完了,月次価格取得済み,財務取得済み,irbank:2026/03,ランキング判定に利用,3445.0,,
8585,オリエントコーポレーション,プライム（内国株式）,その他金融業,自動チェック完了,月次価格取得済み,財務取得済み,irbank:2026/03,ランキング判定に利用,829.0,,
8591,オリックス,プライム（内国株式）,その他金融業,自動チェック完了,月次価格取得済み,財務取得済み,irbank:2026/03,ランキング判定に利用,6140.0,,
8593,三菱ＨＣキャピタル,プライム（内国株式）,その他金融業,自動チェック完了,月次価格取得済み,財務取得済み,irbank:2026/03,ランキング判定に利用,1309.0,,
8595,ジャフコ　グループ,プライム（内国株式）,証券、商品先物取引業,自動チェック完了,月次価格取得済み,財務取得済み,irbank:2026/03,ランキング判定に利用,2322.5,,
8596,九州リースサービス,スタンダード（内国株式）,その他金融業,自動チェック完了,月次価格取得済み,財務取得済み,irbank:2026/03,ランキング判定に利用,1430.0,,
8600,トモニホールディングス,プライム（内国株式）,銀行業,自動チェック完了,月次価格取得済み,財務取得済み,irbank:2026/03,ランキング判定に利用,876.0,,
8601,大和証券グループ本社,プライム（内国株式）,証券、商品先物取引業,自動チェック完了,月次価格取得済み,財務取得済み,irbank:2026/03,ランキング判定に利用,1596.5,,
8604,野村ホールディングス,プライム（内国株式）,証券、商品先物取引業,自動チェック完了,月次価格取得済み,財務取得済み,irbank:2026/03,ランキング判定に利用,1423.5,,
8609,岡三証券グループ,プライム（内国株式）,証券、商品先物取引業,自動チェック完了,月次価格取得済み,財務取得済み,irbank:2026/03,ランキング判定に利用,959.0,,
8613,丸三証券,プライム（内国株式）,証券、商品先物取引業,自動チェック完了,月次価格取得済み,財務取得済み,irbank:2026/03,ランキング判定に利用,1056.0,,
8614,東洋証券,プライム（内国株式）,証券、商品先物取引業,自動チェック完了,月次価格取得済み,財務取得済み,irbank:2026/03,ランキング判定に利用,608.0,,
8616,東海東京フィナンシャル・ホールディングス,プライム（内国株式）,証券、商品先物取引業,自動チェック完了,月次価格取得済み,財務取得済み,irbank:2026/03,ランキング判定に利用,764.0,,
8617,光世証券,スタンダード（内国株式）,証券、商品先物取引業,自動チェック完了,月次価格取得済み,財務取得済み,irbank:2026/03,ランキング判定に利用,539.0,,
8622,水戸証券,プライム（内国株式）,証券、商品先物取引業,自動チェック完了,月次価格取得済み,財務取得済み,irbank:2026/03,ランキング判定に利用,657.0,,
8624,いちよし証券,プライム（内国株式）,証券、商品先物取引業,自動チェック完了,月次価格取得済み,財務取得済み,irbank:2026/03,ランキング判定に利用,1368.0,,
8628,松井証券,プライム（内国株式）,証券、商品先物取引業,自動チェック完了,月次価格取得済み,財務取得済み,irbank:2026/03,ランキング判定に利用,955.0,,
8630,ＳＯＭＰＯホールディングス,プライム（内国株式）,保険業,自動チェック完了,月次価格取得済み,財務取得済み,irbank:2026/03,ランキング判定に利用,6126.0,,
8697,日本取引所グループ,プライム（内国株式）,その他金融業,補完チェック完了,月次価格取得済み,財務補完済み,completionEstimate,補完データでチャートと広域判定に利用,2012.0,,BPS、純資産、株数推定が不足
8698,マネックスグループ,プライム（内国株式）,証券、商品先物取引業,補完チェック完了,月次価格取得済み,財務補完済み,completionEstimate,補完データでチャートと広域判定に利用,615.0,,BPS、純資産、株数推定が不足
8699,ＨＳホールディングス,スタンダード（内国株式）,証券、商品先物取引業,自動チェック完了,月次価格取得済み,財務取得済み,irbank:2026/03,ランキング判定に利用,1150.0,,
8700,丸八証券,スタンダード（内国株式）,証券、商品先物取引業,自動チェック完了,月次価格取得済み,財務取得済み,irbank:2026/03,ランキング判定に利用,1750.0,,
8704,トレイダーズホールディングス,スタンダード（内国株式）,証券、商品先物取引業,自動チェック完了,月次価格取得済み,財務取得済み,irbank:2026/03,ランキング判定に利用,1149.0,,
8705,日産証券グループ,スタンダード（内国株式）,証券、商品先物取引業,自動チェック完了,月次価格取得済み,財務取得済み,irbank:2026/03,ランキング判定に利用,229.0,,
8706,極東証券,プライム（内国株式）,証券、商品先物取引業,自動チェック完了,月次価格取得済み,財務取得済み,irbank:2026/03,ランキング判定に利用,1534.0,,
8707,岩井コスモホールディングス,プライム（内国株式）,証券、商品先物取引業,自動チェック完了,月次価格取得済み,財務取得済み,irbank:2026/03,ランキング判定に利用,3960.0,,
8708,アイザワ証券グループ,プライム（内国株式）,証券、商品先物取引業,自動チェック完了,月次価格取得済み,財務取得済み,irbank:2026/03,ランキング判定に利用,1461.0,,
8713,フィデアホールディングス,プライム（内国株式）,銀行業,自動チェック完了,月次価格取得済み,財務取得済み,irbank:2026/03,ランキング判定に利用,1910.0,,
8714,池田泉州ホールディングス,プライム（内国株式）,銀行業,自動チェック完了,月次価格取得済み,財務取得済み,irbank:2026/03,ランキング判定に利用,975.0,,
8715,アニコム　ホールディングス,プライム（内国株式）,保険業,自動チェック完了,月次価格取得済み,財務取得済み,irbank:2026/03,ランキング判定に利用,1219.0,,
8725,ＭＳ＆ＡＤインシュアランスグループホールディングス,プライム（内国株式）,保険業,自動チェック完了,月次価格取得済み,財務取得済み,irbank:2026/03,ランキング判定に利用,4241.0,,
8729,ソニーフィナンシャルグループ,プライム（内国株式）,保険業,自動チェック完了,月次価格取得済み,財務取得済み,irbank:2026/03,ランキング判定に利用,135.9,,
8737,あかつき本社,スタンダード（内国株式）,証券、商品先物取引業,自動チェック完了,月次価格取得済み,財務取得済み,irbank:2026/03,ランキング判定に利用,585.0,,
8739,スパークス・グループ,プライム（内国株式）,証券、商品先物取引業,自動チェック完了,月次価格取得済み,財務取得済み,irbank:2026/03,ランキング判定に利用,2161.0,,
8742,小林洋行,スタンダード（内国株式）,証券、商品先物取引業,自動チェック完了,月次価格取得済み,財務取得済み,irbank:2026/03,ランキング判定に利用,552.0,,
8746,ｕｎｂａｎｋｅｄ,スタンダード（内国株式）,証券、商品先物取引業,自動チェック完了,月次価格取得済み,財務取得済み,irbank:2026/03,ランキング判定に利用,146.0,,
8747,豊トラスティ証券,スタンダード（内国株式）,証券、商品先物取引業,自動チェック完了,月次価格取得済み,財務取得済み,irbank:2026/03,ランキング判定に利用,2078.0,,
8750,第一ライフグループ,プライム（内国株式）,保険業,自動チェック完了,月次価格取得済み,財務取得済み,irbank:2026/03,ランキング判定に利用,1726.5,,
8766,東京海上ホールディングス,プライム（内国株式）,保険業,自動チェック完了,月次価格取得済み,財務取得済み,irbank:2026/03,ランキング判定に利用,6903.0,,
8769,アドバンテッジリスクマネジメント,スタンダード（内国株式）,サービス業,自動チェック完了,月次価格取得済み,財務取得済み,irbank:2026/03,ランキング判定に利用,490.0,,
8771,イー・ギャランティ,プライム（内国株式）,その他金融業,自動チェック完了,月次価格取得済み,財務取得済み,irbank:2026/03,ランキング判定に利用,1699.0,,
8772,アサックス,スタンダード（内国株式）,その他金融業,自動チェック完了,月次価格取得済み,財務取得済み,irbank:2026/03,ランキング判定に利用,813.0,,
8783,ａｂｃ,スタンダード（内国株式）,その他金融業,自動チェック完了,月次価格取得済み,財務取得済み,irbank:2026/02,ランキング判定に利用,83.0,,
8789,フィンテック　グローバル,スタンダード（内国株式）,その他金融業,自動チェック完了,月次価格取得済み,財務取得済み,irbank:2026/03,ランキング判定に利用,120.0,,
8793,ＮＥＣキャピタルソリューション,プライム（内国株式）,その他金融業,自動チェック完了,月次価格取得済み,財務取得済み,irbank:2026/03,ランキング判定に利用,3970.0,,
8795,Ｔ＆Ｄホールディングス,プライム（内国株式）,保険業,自動チェック完了,月次価格取得済み,財務取得済み,irbank:2026/03,ランキング判定に利用,4682.0,,
8798,アドバンスクリエイト,プライム（内国株式）,保険業,自動チェック完了,月次価格取得済み,財務取得済み,irbank:2025/12,ランキング判定に利用,119.0,,
8801,三井不動産,プライム（内国株式）,不動産業,自動チェック完了,月次価格取得済み,財務取得済み,confirmed,ランキング判定に利用,1480.0,,
8802,三菱地所,プライム（内国株式）,不動産業,自動チェック完了,月次価格取得済み,財務取得済み,confirmed,ランキング判定に利用,4101.0,,
8803,平和不動産,プライム（内国株式）,不動産業,自動チェック完了,月次価格取得済み,財務取得済み,irbank:2026/03,ランキング判定に利用,2414.0,,
8804,東京建物,プライム（内国株式）,不動産業,自動チェック完了,月次価格取得済み,財務取得済み,irbank:2026/03,ランキング判定に利用,3318.0,,
8818,京阪神ビルディング,プライム（内国株式）,不動産業,自動チェック完了,月次価格取得済み,財務取得済み,confirmed,ランキング判定に利用,2142.0,,
8830,住友不動産,プライム（内国株式）,不動産業,自動チェック完了,月次価格取得済み,財務取得済み,confirmed,ランキング判定に利用,3572.0,,
8835,太平洋興発,スタンダード（内国株式）,卸売業,自動チェック完了,月次価格取得済み,財務取得済み,irbank:2026/03,ランキング判定に利用,755.0,,
8836,ＲＩＳＥ,スタンダード（内国株式）,不動産業,自動チェック完了,月次価格取得済み,財務取得済み,irbank:2026/03,ランキング判定に利用,26.0,,
8841,テーオーシー,スタンダード（内国株式）,不動産業,自動チェック完了,月次価格取得済み,財務取得済み,confirmed,ランキング判定に利用,972.0,,
8844,コスモスイニシア,スタンダード（内国株式）,不動産業,自動チェック完了,月次価格取得済み,財務取得済み,irbank:2026/03,ランキング判定に利用,1250.0,,
8848,レオパレス２１,プライム（内国株式）,不動産業,自動チェック完了,月次価格取得済み,財務取得済み,irbank:2026/03,ランキング判定に利用,642.0,,
8850,スターツコーポレーション,プライム（内国株式）,不動産業,自動チェック完了,月次価格取得済み,財務取得済み,irbank:2026/03,ランキング判定に利用,4525.0,,
8860,フジ住宅,プライム（内国株式）,不動産業,自動チェック完了,月次価格取得済み,財務取得済み,irbank:2026/03,ランキング判定に利用,738.0,,
8864,空港施設,スタンダード（内国株式）,不動産業,自動チェック完了,月次価格取得済み,財務取得済み,irbank:2026/03,ランキング判定に利用,929.0,,
8869,明和地所,スタンダード（内国株式）,不動産業,自動チェック完了,月次価格取得済み,財務取得済み,irbank:2026/03,ランキング判定に利用,782.0,,
8871,ゴールドクレスト,スタンダード（内国株式）,不動産業,自動チェック完了,月次価格取得済み,財務取得済み,irbank:2026/03,ランキング判定に利用,3270.0,,
8876,リログループ,プライム（内国株式）,サービス業,自動チェック完了,月次価格取得済み,財務取得済み,irbank:2026/03,ランキング判定に利用,1887.0,,
8877,エスリード,プライム（内国株式）,不動産業,自動チェック完了,月次価格取得済み,財務取得済み,irbank:2026/03,ランキング判定に利用,4900.0,,
8881,日神グループホールディングス,プライム（内国株式）,不動産業,自動チェック完了,月次価格取得済み,財務取得済み,irbank:2026/03,ランキング判定に利用,642.0,,
8887,シーラホールディングス,スタンダード（内国株式）,不動産業,自動チェック完了,月次価格取得済み,財務取得済み,irbank:2026/02,ランキング判定に利用,346.0,,
8891,ＡＭＧホールディングス,スタンダード（内国株式）,不動産業,自動チェック完了,月次価格取得済み,財務取得済み,irbank:2026/03,ランキング判定に利用,1862.0,,
8892,エスコン,プライム（内国株式）,不動産業,自動チェック完了,月次価格取得済み,財務取得済み,irbank:2026/03,ランキング判定に利用,1063.0,,
8894,ＲＥＶＯＬＵＴＩＯＮ,スタンダード（内国株式）,不動産業,自動チェック完了,月次価格取得済み,財務取得済み,irbank:2026/04,ランキング判定に利用,22.0,,
8897,ＭＩＲＡＲＴＨホールディングス,プライム（内国株式）,不動産業,自動チェック完了,月次価格取得済み,財務取得済み,irbank:2026/03,ランキング判定に利用,401.0,,
8898,センチュリー２１・ジャパン,スタンダード（内国株式）,不動産業,自動チェック完了,月次価格取得済み,財務取得済み,irbank:2026/03,ランキング判定に利用,1125.0,,
8904,ＡＶＡＮＴＩＡ,スタンダード（内国株式）,不動産業,自動チェック完了,月次価格取得済み,財務取得済み,irbank:2026/02,ランキング判定に利用,818.0,,
8908,毎日コムネット,スタンダード（内国株式）,不動産業,自動チェック完了,月次価格取得済み,財務取得済み,irbank:2026/02,ランキング判定に利用,847.0,,
8912,エリアクエスト,スタンダード（内国株式）,不動産業,自動チェック完了,月次価格取得済み,財務取得済み,irbank:2026/03,ランキング判定に利用,177.0,,
8914,エリアリンク,スタンダード（内国株式）,不動産業,自動チェック完了,月次価格取得済み,財務取得済み,irbank:2026/03,ランキング判定に利用,843.0,,
8917,ファースト住建,スタンダード（内国株式）,不動産業,自動チェック完了,月次価格取得済み,財務取得済み,irbank:2026/04,ランキング判定に利用,1056.0,,
8918,ランド,スタンダード（内国株式）,不動産業,自動チェック完了,月次価格取得済み,財務取得済み,irbank:2026/02,ランキング判定に利用,10.0,,
8919,カチタス,プライム（内国株式）,不動産業,自動チェック完了,月次価格取得済み,財務取得済み,irbank:2026/03,ランキング判定に利用,3255.0,,
8920,東祥,スタンダード（内国株式）,サービス業,自動チェック完了,月次価格取得済み,財務取得済み,irbank:2026/03,ランキング判定に利用,739.0,,
8923,トーセイ,プライム（内国株式）,不動産業,補完チェック完了,月次価格取得済み,財務補完済み,completionEstimate,補完データでチャートと広域判定に利用,1681.0,,BPS、純資産、株数推定が不足
8927,明豊エンタープライズ,スタンダード（内国株式）,不動産業,自動チェック完了,月次価格取得済み,財務取得済み,irbank:2026/04,ランキング判定に利用,446.0,,
8928,穴吹興産,スタンダード（内国株式）,不動産業,自動チェック完了,月次価格取得済み,財務取得済み,irbank:2026/03,ランキング判定に利用,2327.0,,
8929,青山財産ネットワークス,スタンダード（内国株式）,不動産業,自動チェック完了,月次価格取得済み,財務取得済み,irbank:2026/03,ランキング判定に利用,1270.0,,
8931,和田興産,スタンダード（内国株式）,不動産業,自動チェック完了,月次価格取得済み,財務取得済み,irbank:2026/02,ランキング判定に利用,1227.0,,
8934,サンフロンティア不動産,プライム（内国株式）,不動産業,自動チェック完了,月次価格取得済み,財務取得済み,irbank:2026/03,ランキング判定に利用,2388.0,,
8935,ＦＪネクストホールディングス,プライム（内国株式）,不動産業,自動チェック完了,月次価格取得済み,財務取得済み,irbank:2026/03,ランキング判定に利用,1749.0,,
8938,グローム・ホールディングス,グロース（内国株式）,不動産業,自動チェック完了,月次価格取得済み,財務取得済み,irbank:2026/03,ランキング判定に利用,305.0,,
8944,ランドビジネス,スタンダード（内国株式）,不動産業,自動チェック完了,月次価格取得済み,財務取得済み,irbank:2026/03,ランキング判定に利用,237.0,,
8945,サンネクスタグループ,スタンダード（内国株式）,不動産業,自動チェック完了,月次価格取得済み,財務取得済み,irbank:2026/03,ランキング判定に利用,1190.0,,
8946,ＡＳＩＡＮ　ＳＴＡＲ,スタンダード（内国株式）,不動産業,自動チェック完了,月次価格取得済み,財務取得済み,irbank:2026/03,ランキング判定に利用,72.0,,
8995,誠建設工業,スタンダード（内国株式）,不動産業,自動チェック完了,月次価格取得済み,財務取得済み,irbank:2026/03,ランキング判定に利用,865.0,,
8996,ハウスフリーダム,スタンダード（内国株式）,不動産業,自動チェック完了,月次価格取得済み,財務取得済み,irbank:2026/03,ランキング判定に利用,971.0,,
8999,グランディハウス,プライム（内国株式）,不動産業,自動チェック完了,月次価格取得済み,財務取得済み,irbank:2026/03,ランキング判定に利用,505.0,,
9001,東武鉄道,プライム（内国株式）,陸運業,自動チェック完了,月次価格取得済み,財務取得済み,irbank:2026/03,ランキング判定に利用,2924.0,,
9003,相鉄ホールディングス,プライム（内国株式）,陸運業,自動チェック完了,月次価格取得済み,財務取得済み,irbank:2026/03,ランキング判定に利用,2448.5,,
9005,東急,プライム（内国株式）,陸運業,自動チェック完了,月次価格取得済み,財務取得済み,irbank:2026/03,ランキング判定に利用,1673.0,,
9006,京浜急行電鉄,プライム（内国株式）,陸運業,自動チェック完了,月次価格取得済み,財務取得済み,irbank:2026/03,ランキング判定に利用,1447.0,,
9007,小田急電鉄,プライム（内国株式）,陸運業,自動チェック完了,月次価格取得済み,財務取得済み,irbank:2026/03,ランキング判定に利用,1657.5,,
9008,京王電鉄,プライム（内国株式）,陸運業,自動チェック完了,月次価格取得済み,財務取得済み,irbank:2026/03,ランキング判定に利用,739.4,,
9009,京成電鉄,プライム（内国株式）,陸運業,自動チェック完了,月次価格取得済み,財務取得済み,irbank:2026/03,ランキング判定に利用,1127.0,,
9010,富士急行,プライム（内国株式）,陸運業,自動チェック完了,月次価格取得済み,財務取得済み,irbank:2026/03,ランキング判定に利用,2522.0,,
9012,秩父鉄道,スタンダード（内国株式）,陸運業,自動チェック完了,月次価格取得済み,財務取得済み,irbank:2026/03,ランキング判定に利用,2086.0,,
9017,新潟交通,スタンダード（内国株式）,陸運業,自動チェック完了,月次価格取得済み,財務取得済み,irbank:2026/03,ランキング判定に利用,1975.0,,
9020,東日本旅客鉄道,プライム（内国株式）,陸運業,自動チェック完了,月次価格取得済み,財務取得済み,irbank:2026/03,ランキング判定に利用,3386.0,,
9021,西日本旅客鉄道,プライム（内国株式）,陸運業,自動チェック完了,月次価格取得済み,財務取得済み,irbank:2026/03,ランキング判定に利用,2676.5,,
9022,東海旅客鉄道,プライム（内国株式）,陸運業,自動チェック完了,月次価格取得済み,財務取得済み,irbank:2026/03,ランキング判定に利用,3420.0,,
9023,東京地下鉄,プライム（内国株式）,陸運業,自動チェック完了,月次価格取得済み,財務取得済み,irbank:2026/03,ランキング判定に利用,1386.5,,
9024,西武ホールディングス,プライム（内国株式）,陸運業,自動チェック完了,月次価格取得済み,財務取得済み,irbank:2026/03,ランキング判定に利用,2993.5,,
9025,鴻池運輸,プライム（内国株式）,陸運業,自動チェック完了,月次価格取得済み,財務取得済み,irbank:2026/03,ランキング判定に利用,2701.0,,
9028,ゼロ,スタンダード（内国株式）,陸運業,補完チェック完了,月次価格取得済み,財務補完済み,completionEstimate,補完データでチャートと広域判定に利用,3635.0,,BPS、純資産、株数推定が不足
9029,ヒガシホールディングス,スタンダード（内国株式）,陸運業,自動チェック完了,月次価格取得済み,財務取得済み,irbank:2026/03,ランキング判定に利用,1854.0,,
9031,西日本鉄道,プライム（内国株式）,陸運業,自動チェック完了,月次価格取得済み,財務取得済み,irbank:2026/03,ランキング判定に利用,2903.0,,
9033,広島電鉄,スタンダード（内国株式）,陸運業,自動チェック完了,月次価格取得済み,財務取得済み,irbank:2026/03,ランキング判定に利用,616.0,,
9034,南総通運,スタンダード（内国株式）,陸運業,自動チェック完了,月次価格取得済み,財務取得済み,irbank:2026/03,ランキング判定に利用,1587.0,,
9036,東部ネットワーク,スタンダード（内国株式）,陸運業,自動チェック完了,月次価格取得済み,財務取得済み,irbank:2026/03,ランキング判定に利用,1237.0,,
9037,ハマキョウレックス,プライム（内国株式）,陸運業,自動チェック完了,月次価格取得済み,財務取得済み,irbank:2026/03,ランキング判定に利用,1803.0,,
9039,サカイ引越センター,プライム（内国株式）,陸運業,自動チェック完了,月次価格取得済み,財務取得済み,irbank:2026/03,ランキング判定に利用,2920.0,,
9041,近鉄グループホールディングス,プライム（内国株式）,陸運業,自動チェック完了,月次価格取得済み,財務取得済み,irbank:2026/03,ランキング判定に利用,3335.0,,
9042,阪急阪神ホールディングス,プライム（内国株式）,陸運業,自動チェック完了,月次価格取得済み,財務取得済み,irbank:2026/03,ランキング判定に利用,4139.0,,
9044,ＮＡＮＫＡＩ,プライム（内国株式）,陸運業,自動チェック完了,月次価格取得済み,財務取得済み,irbank:2026/03,ランキング判定に利用,2810.5,,
9045,京阪ホールディングス,プライム（内国株式）,陸運業,自動チェック完了,月次価格取得済み,財務取得済み,irbank:2026/03,ランキング判定に利用,3147.0,,
9046,神戸電鉄,スタンダード（内国株式）,陸運業,自動チェック完了,月次価格取得済み,財務取得済み,irbank:2026/03,ランキング判定に利用,2402.0,,
9048,名古屋鉄道,プライム（内国株式）,陸運業,自動チェック完了,月次価格取得済み,財務取得済み,irbank:2026/03,ランキング判定に利用,1830.0,,
9049,京福電気鉄道,スタンダード（内国株式）,陸運業,自動チェック完了,月次価格取得済み,財務取得済み,irbank:2026/03,ランキング判定に利用,6620.0,,
9051,センコン物流,スタンダード（内国株式）,陸運業,自動チェック完了,月次価格取得済み,財務取得済み,irbank:2026/03,ランキング判定に利用,1330.0,,
9052,山陽電気鉄道,プライム（内国株式）,陸運業,自動チェック完了,月次価格取得済み,財務取得済み,irbank:2026/03,ランキング判定に利用,1921.0,,
9057,遠州トラック,スタンダード（内国株式）,陸運業,自動チェック完了,月次価格取得済み,財務取得済み,irbank:2026/03,ランキング判定に利用,3140.0,,
9059,カンダホールディングス,スタンダード（内国株式）,陸運業,自動チェック完了,月次価格取得済み,財務取得済み,irbank:2026/03,ランキング判定に利用,888.0,,
9060,日本ロジテム,スタンダード（内国株式）,陸運業,自動チェック完了,月次価格取得済み,財務取得済み,irbank:2026/03,ランキング判定に利用,4300.0,,
9063,岡山県貨物運送,スタンダード（内国株式）,陸運業,自動チェック完了,月次価格取得済み,財務取得済み,irbank:2026/03,ランキング判定に利用,4030.0,,
9064,ヤマトホールディングス,プライム（内国株式）,陸運業,自動チェック完了,月次価格取得済み,財務取得済み,irbank:2026/03,ランキング判定に利用,1819.5,,
9065,山九,プライム（内国株式）,陸運業,自動チェック完了,月次価格取得済み,財務取得済み,irbank:2026/03,ランキング判定に利用,8666.0,,
9067,丸運,スタンダード（内国株式）,陸運業,財務のみ完了,価格取得不可,財務取得済み,irbank:2026/03,価格が取れたらランキング判定,,,
9068,丸全昭和運輸,プライム（内国株式）,陸運業,自動チェック完了,月次価格取得済み,財務取得済み,irbank:2026/03,ランキング判定に利用,7330.0,,
9069,センコーグループホールディングス,プライム（内国株式）,陸運業,自動チェック完了,月次価格取得済み,財務取得済み,irbank:2026/03,ランキング判定に利用,1921.5,,
9072,ニッコンホールディングス,プライム（内国株式）,陸運業,自動チェック完了,月次価格取得済み,財務取得済み,irbank:2026/03,ランキング判定に利用,5859.0,,
9073,京極運輸商事,スタンダード（内国株式）,陸運業,自動チェック完了,月次価格取得済み,財務取得済み,irbank:2026/03,ランキング判定に利用,1245.0,,
9074,日本石油輸送,スタンダード（内国株式）,陸運業,自動チェック完了,月次価格取得済み,財務取得済み,irbank:2026/03,ランキング判定に利用,5350.0,,
9075,福山通運,プライム（内国株式）,陸運業,自動チェック完了,月次価格取得済み,財務取得済み,irbank:2026/03,ランキング判定に利用,5670.0,,
9076,セイノーホールディングス,プライム（内国株式）,陸運業,自動チェック完了,月次価格取得済み,財務取得済み,irbank:2026/03,ランキング判定に利用,2619.5,,
9081,神奈川中央交通,プライム（内国株式）,陸運業,自動チェック完了,月次価格取得済み,財務取得済み,irbank:2026/03,ランキング判定に利用,3570.0,,
9082,大和自動車交通,スタンダード（内国株式）,陸運業,自動チェック完了,月次価格取得済み,財務取得済み,irbank:2026/03,ランキング判定に利用,1336.0,,
9083,神姫バス,スタンダード（内国株式）,陸運業,自動チェック完了,月次価格取得済み,財務取得済み,irbank:2026/03,ランキング判定に利用,1880.0,,
9087,タカセ,スタンダード（内国株式）,陸運業,自動チェック完了,月次価格取得済み,財務取得済み,irbank:2026/03,ランキング判定に利用,1995.0,,
9090,ＡＺ－ＣＯＭ丸和ホールディングス,プライム（内国株式）,陸運業,自動チェック完了,月次価格取得済み,財務取得済み,irbank:2026/03,ランキング判定に利用,777.0,,
9101,日本郵船,プライム（内国株式）,海運業,自動チェック完了,月次価格取得済み,財務取得済み,irbank:2026/03,ランキング判定に利用,5265.0,,
9104,商船三井,プライム（内国株式）,海運業,自動チェック完了,月次価格取得済み,財務取得済み,irbank:2026/03,ランキング判定に利用,5219.0,,
9107,川崎汽船,プライム（内国株式）,海運業,自動チェック完了,月次価格取得済み,財務取得済み,irbank:2026/03,ランキング判定に利用,2459.0,,
9110,ＮＳユナイテッド海運,プライム（内国株式）,海運業,自動チェック完了,月次価格取得済み,財務取得済み,irbank:2026/03,ランキング判定に利用,6660.0,,
9115,明海グループ,スタンダード（内国株式）,海運業,自動チェック完了,月次価格取得済み,財務取得済み,irbank:2026/03,ランキング判定に利用,800.0,,
9119,飯野海運,プライム（内国株式）,海運業,自動チェック完了,月次価格取得済み,財務取得済み,irbank:2026/03,ランキング判定に利用,1400.0,,
9127,玉井商船,スタンダード（内国株式）,海運業,自動チェック完了,月次価格取得済み,財務取得済み,irbank:2026/03,ランキング判定に利用,2702.0,,
9130,共栄タンカー,スタンダード（内国株式）,海運業,自動チェック完了,月次価格取得済み,財務取得済み,irbank:2026/03,ランキング判定に利用,1433.0,,
9142,九州旅客鉄道,プライム（内国株式）,陸運業,自動チェック完了,月次価格取得済み,財務取得済み,irbank:2026/03,ランキング判定に利用,3474.0,,
9143,ＳＧホールディングス,プライム（内国株式）,陸運業,自動チェック完了,月次価格取得済み,財務取得済み,irbank:2026/03,ランキング判定に利用,1560.5,,
9145,ビーイングホールディングス,スタンダード（内国株式）,陸運業,自動チェック完了,月次価格取得済み,財務取得済み,irbank:2026/03,ランキング判定に利用,539.0,,
9147,ＮＩＰＰＯＮ　ＥＸＰＲＥＳＳホールディングス,プライム（内国株式）,陸運業,補完チェック完了,月次価格取得済み,財務補完済み,completionEstimate,補完データでチャートと広域判定に利用,5045.0,,BPS、純資産、株数推定が不足
9158,シーユーシー,グロース（内国株式）,サービス業,補完チェック完了,月次価格取得済み,財務補完済み,completionEstimate,補完データでチャートと広域判定に利用,797.0,,BPS、純資産、株数推定が不足
9159,Ｗ　ＴＯＫＹＯ,グロース（内国株式）,サービス業,自動チェック完了,月次価格取得済み,財務取得済み,irbank:2026/03,ランキング判定に利用,1880.0,,
9160,オンザページ,スタンダード（内国株式）,サービス業,補完チェック完了,月次価格取得済み,財務補完済み,completionEstimate,補完データでチャートと広域判定に利用,282.0,,BPS、純資産、株数推定が不足
9162,ブリーチ,グロース（内国株式）,サービス業,自動チェック完了,月次価格取得済み,財務取得済み,irbank:2026/03,ランキング判定に利用,231.0,,
9163,ナレルグループ,グロース（内国株式）,サービス業,補完チェック完了,月次価格取得済み,財務補完済み,completionEstimate,補完データでチャートと広域判定に利用,2175.0,,BPS、純資産、株数推定が不足
9165,クオルテック,グロース（内国株式）,サービス業,自動チェック完了,月次価格取得済み,財務取得済み,irbank:2026/03,ランキング判定に利用,1729.0,,
9166,ＧＥＮＤＡ,グロース（内国株式）,サービス業,自動チェック完了,月次価格取得済み,財務取得済み,irbank:2026/04,ランキング判定に利用,577.0,,
9168,ライズ・コンサルティング・グループ,グロース（内国株式）,サービス業,補完チェック完了,月次価格取得済み,財務補完済み,completionEstimate,補完データでチャートと広域判定に利用,383.0,,BPS、純資産、株数推定が不足
9171,栗林商船,スタンダード（内国株式）,海運業,自動チェック完了,月次価格取得済み,財務取得済み,irbank:2026/03,ランキング判定に利用,1792.0,,
9173,東海汽船,スタンダード（内国株式）,海運業,自動チェック完了,月次価格取得済み,財務取得済み,irbank:2026/03,ランキング判定に利用,2955.0,,
9193,東京汽船,スタンダード（内国株式）,倉庫・運輸関連業,自動チェック完了,月次価格取得済み,財務取得済み,irbank:2026/03,ランキング判定に利用,821.0,,
9201,日本航空,プライム（内国株式）,空運業,自動チェック完了,月次価格取得済み,財務取得済み,irbank:2026/03,ランキング判定に利用,2846.0,,
9202,ＡＮＡホールディングス,プライム（内国株式）,空運業,自動チェック完了,月次価格取得済み,財務取得済み,irbank:2026/03,ランキング判定に利用,3000.0,,
9204,スカイマーク,グロース（内国株式）,空運業,自動チェック完了,月次価格取得済み,財務取得済み,irbank:2026/03,ランキング判定に利用,410.0,,
9206,スターフライヤー,スタンダード（内国株式）,空運業,自動チェック完了,月次価格取得済み,財務取得済み,irbank:2026/03,ランキング判定に利用,1931.0,,
9211,エフ・コード,グロース（内国株式）,サービス業,補完チェック完了,月次価格取得済み,財務補完済み,completionEstimate,補完データでチャートと広域判定に利用,1298.0,,BPS、純資産、株数推定が不足
9212,Ｇｒｅｅｎ　Ｅａｒｔｈ　Ｉｎｓｔｉｔｕｔｅ,グロース（内国株式）,サービス業,自動チェック完了,月次価格取得済み,財務取得済み,irbank:2026/03,ランキング判定に利用,271.0,,
9213,セイファート,スタンダード（内国株式）,サービス業,自動チェック完了,月次価格取得済み,財務取得済み,irbank:2026/03,ランキング判定に利用,1065.0,,
9214,Ｒｅｃｏｖｅｒｙ　Ｉｎｔｅｒｎａｔｉｏｎａｌ,グロース（内国株式）,サービス業,自動チェック完了,月次価格取得済み,財務取得済み,irbank:2026/03,ランキング判定に利用,1230.0,,
9215,ＣａＳｙ,グロース（内国株式）,サービス業,自動チェック完了,月次価格取得済み,財務取得済み,irbank:2026/02,ランキング判定に利用,877.0,,
9216,ビーウィズ,プライム（内国株式）,サービス業,自動チェック完了,月次価格取得済み,財務取得済み,irbank:2026/02,ランキング判定に利用,1502.0,,
9218,メンタルヘルステクノロジーズ,グロース（内国株式）,サービス業,自動チェック完了,月次価格取得済み,財務取得済み,irbank:2026/03,ランキング判定に利用,704.0,,
9219,ギックス,グロース（内国株式）,サービス業,自動チェック完了,月次価格取得済み,財務取得済み,irbank:2026/03,ランキング判定に利用,900.0,,
9220,エフビー介護サービス,スタンダード（内国株式）,サービス業,自動チェック完了,月次価格取得済み,財務取得済み,irbank:2026/03,ランキング判定に利用,1185.0,,
9221,フルハシＥＰＯ,スタンダード（内国株式）,サービス業,自動チェック完了,月次価格取得済み,財務取得済み,irbank:2026/03,ランキング判定に利用,1145.0,,
9223,ＡＳＮＯＶＡ,グロース（内国株式）,サービス業,自動チェック完了,月次価格取得済み,財務取得済み,irbank:2026/03,ランキング判定に利用,395.0,,
9225,ブリッジコンサルティンググループ,グロース（内国株式）,サービス業,自動チェック完了,月次価格取得済み,財務取得済み,irbank:2026/03,ランキング判定に利用,958.0,,
9227,マイクロ波化学,グロース（内国株式）,サービス業,自動チェック完了,月次価格取得済み,財務取得済み,irbank:2026/03,ランキング判定に利用,876.0,,
9229,サンウェルズ,プライム（内国株式）,サービス業,自動チェック完了,月次価格取得済み,財務取得済み,irbank:2026/03,ランキング判定に利用,118.0,,
9233,アジア航測,スタンダード（内国株式）,空運業,自動チェック完了,月次価格取得済み,財務取得済み,irbank:2026/03,ランキング判定に利用,1134.0,,
9235,売れるネット広告社グループ,グロース（内国株式）,サービス業,自動チェック完了,月次価格取得済み,財務取得済み,irbank:2026/04,ランキング判定に利用,469.0,,
9236,ジャパンＭ＆Ａソリューション,グロース（内国株式）,サービス業,自動チェック完了,月次価格取得済み,財務取得済み,irbank:2026/04,ランキング判定に利用,1015.0,,
9237,笑美面,グロース（内国株式）,サービス業,自動チェック完了,月次価格取得済み,財務取得済み,irbank:2026/04,ランキング判定に利用,822.0,,
9238,バリュークリエーション,グロース（内国株式）,サービス業,自動チェック完了,月次価格取得済み,財務取得済み,irbank:2026/02,ランキング判定に利用,383.0,,
9240,デリバリーコンサルティング,グロース（内国株式）,サービス業,自動チェック完了,月次価格取得済み,財務取得済み,irbank:2026/04,ランキング判定に利用,378.0,,
9241,フューチャーリンクネットワーク,グロース（内国株式）,サービス業,自動チェック完了,月次価格取得済み,財務取得済み,irbank:2026/02,ランキング判定に利用,1299.0,,
9242,メディア総研,グロース（内国株式）,サービス業,自動チェック完了,月次価格取得済み,財務取得済み,irbank:2026/04,ランキング判定に利用,1864.0,,
9244,デジタリフト,グロース（内国株式）,サービス業,自動チェック完了,月次価格取得済み,財務取得済み,irbank:2026/03,ランキング判定に利用,1164.0,,
9245,リベロ,グロース（内国株式）,サービス業,自動チェック完了,月次価格取得済み,財務取得済み,irbank:2026/03,ランキング判定に利用,1855.0,,
9246,プロジェクトホールディングス,グロース（内国株式）,サービス業,自動チェック完了,月次価格取得済み,財務取得済み,irbank:2026/03,ランキング判定に利用,1009.0,,
9247,ＴＲＥホールディングス,プライム（内国株式）,サービス業,自動チェック完了,月次価格取得済み,財務取得済み,irbank:2026/03,ランキング判定に利用,2132.0,,
9248,人・夢・技術グループ,スタンダード（内国株式）,サービス業,自動チェック完了,月次価格取得済み,財務取得済み,irbank:2026/03,ランキング判定に利用,1554.0,,
9249,日本エコシステム,スタンダード（内国株式）,サービス業,自動チェック完了,月次価格取得済み,財務取得済み,irbank:2026/03,ランキング判定に利用,1581.0,,
9250,ＧＲＣＳ,グロース（内国株式）,サービス業,補完チェック完了,月次価格取得済み,財務補完済み,completionEstimate,補完データでチャートと広域判定に利用,900.0,,BPS、純資産、株数推定が不足
9251,ＡＢ＆Ｃｏｍｐａｎｙ,グロース（内国株式）,サービス業,補完チェック完了,月次価格取得済み,財務補完済み,completionEstimate,補完データでチャートと広域判定に利用,1276.0,,BPS、純資産、株数推定が不足
9252,ラストワンマイル,グロース（内国株式）,サービス業,自動チェック完了,月次価格取得済み,財務取得済み,irbank:2026/02,ランキング判定に利用,3440.0,,
9253,スローガン,グロース（内国株式）,サービス業,自動チェック完了,月次価格取得済み,財務取得済み,irbank:2026/02,ランキング判定に利用,740.0,,
9254,ラバブルマーケティンググループ,グロース（内国株式）,サービス業,自動チェック完了,月次価格取得済み,財務取得済み,irbank:2026/03,ランキング判定に利用,1111.0,,
9256,サクシード,グロース（内国株式）,サービス業,自動チェック完了,月次価格取得済み,財務取得済み,irbank:2026/03,ランキング判定に利用,5410.0,,
9258,ＣＳ－Ｃ,グロース（内国株式）,サービス業,自動チェック完了,月次価格取得済み,財務取得済み,irbank:2026/03,ランキング判定に利用,289.0,,
9259,タカヨシホールディングス,グロース（内国株式）,サービス業,自動チェック完了,月次価格取得済み,財務取得済み,irbank:2026/03,ランキング判定に利用,765.0,,
9262,シルバーライフ,スタンダード（内国株式）,小売業,自動チェック完了,月次価格取得済み,財務取得済み,irbank:2026/04,ランキング判定に利用,640.0,,
9264,ポエック,スタンダード（内国株式）,卸売業,自動チェック完了,月次価格取得済み,財務取得済み,irbank:2026/02,ランキング判定に利用,1649.0,,
9265,ヤマシタヘルスケアホールディングス,スタンダード（内国株式）,卸売業,自動チェック完了,月次価格取得済み,財務取得済み,irbank:2026/02,ランキング判定に利用,3305.0,,
9267,Ｇｅｎｋｙ　ＤｒｕｇＳｔｏｒｅｓ,プライム（内国株式）,小売業,自動チェック完了,月次価格取得済み,財務取得済み,irbank:2026/03,ランキング判定に利用,3310.0,,
9268,オプティマスグループ,スタンダード（内国株式）,卸売業,自動チェック完了,月次価格取得済み,財務取得済み,irbank:2026/03,ランキング判定に利用,377.0,,
9270,バリュエンスホールディングス,グロース（内国株式）,卸売業,自動チェック完了,月次価格取得済み,財務取得済み,irbank:2026/02,ランキング判定に利用,2177.0,,
9271,和心,グロース（内国株式）,小売業,自動チェック完了,月次価格取得済み,財務取得済み,irbank:2026/03,ランキング判定に利用,910.0,,
9272,ブティックス,グロース（内国株式）,サービス業,自動チェック完了,月次価格取得済み,財務取得済み,irbank:2026/03,ランキング判定に利用,1416.0,,
9273,コーア商事ホールディングス,プライム（内国株式）,卸売業,自動チェック完了,月次価格取得済み,財務取得済み,irbank:2026/03,ランキング判定に利用,758.0,,
9274,ＫＰＰグループホールディングス,プライム（内国株式）,卸売業,自動チェック完了,月次価格取得済み,財務取得済み,irbank:2026/03,ランキング判定に利用,1009.0,,
9278,ブックオフグループホールディングス,プライム（内国株式）,小売業,自動チェック完了,月次価格取得済み,財務取得済み,irbank:2026/02,ランキング判定に利用,1935.0,,
9279,ギフトホールディングス,プライム（内国株式）,小売業,自動チェック完了,月次価格取得済み,財務取得済み,irbank:2026/04,ランキング判定に利用,3970.0,,
9301,三菱倉庫,プライム（内国株式）,倉庫・運輸関連業,自動チェック完了,月次価格取得済み,財務取得済み,irbank:2026/03,ランキング判定に利用,1509.5,,
9302,三井倉庫ホールディングス,プライム（内国株式）,倉庫・運輸関連業,自動チェック完了,月次価格取得済み,財務取得済み,irbank:2026/03,ランキング判定に利用,3468.0,,
9303,住友倉庫,プライム（内国株式）,倉庫・運輸関連業,自動チェック完了,月次価格取得済み,財務取得済み,irbank:2026/03,ランキング判定に利用,3750.0,,
9304,澁澤倉庫,プライム（内国株式）,倉庫・運輸関連業,自動チェック完了,月次価格取得済み,財務取得済み,irbank:2026/03,ランキング判定に利用,1586.0,,
9305,ヤマタネ,プライム（内国株式）,卸売業,自動チェック完了,月次価格取得済み,財務取得済み,irbank:2026/03,ランキング判定に利用,1998.0,,
9306,東陽倉庫,スタンダード（内国株式）,倉庫・運輸関連業,自動チェック完了,月次価格取得済み,財務取得済み,irbank:2026/03,ランキング判定に利用,1989.0,,
9307,杉村倉庫,スタンダード（内国株式）,倉庫・運輸関連業,自動チェック完了,月次価格取得済み,財務取得済み,irbank:2026/03,ランキング判定に利用,908.0,,
9308,乾汽船,スタンダード（内国株式）,海運業,自動チェック完了,月次価格取得済み,財務取得済み,irbank:2026/03,ランキング判定に利用,1440.0,,
9310,日本トランスシティ,プライム（内国株式）,倉庫・運輸関連業,自動チェック完了,月次価格取得済み,財務取得済み,irbank:2026/03,ランキング判定に利用,1126.0,,
9311,アサガミ,スタンダード（内国株式）,倉庫・運輸関連業,自動チェック完了,月次価格取得済み,財務取得済み,irbank:2026/03,ランキング判定に利用,7650.0,,
9312,ケイヒン,スタンダード（内国株式）,倉庫・運輸関連業,自動チェック完了,月次価格取得済み,財務取得済み,irbank:2026/03,ランキング判定に利用,2764.0,,
9313,丸八倉庫,スタンダード（内国株式）,倉庫・運輸関連業,自動チェック完了,月次価格取得済み,財務取得済み,irbank:2026/02,ランキング判定に利用,1049.0,,
9319,中央倉庫,プライム（内国株式）,倉庫・運輸関連業,自動チェック完了,月次価格取得済み,財務取得済み,irbank:2026/03,ランキング判定に利用,1822.0,,
9322,川西倉庫,スタンダード（内国株式）,倉庫・運輸関連業,自動チェック完了,月次価格取得済み,財務取得済み,irbank:2026/03,ランキング判定に利用,2278.0,,
9324,安田倉庫,プライム（内国株式）,倉庫・運輸関連業,自動チェック完了,月次価格取得済み,財務取得済み,confirmed,ランキング判定に利用,2365.0,,
9325,ファイズホールディングス,スタンダード（内国株式）,倉庫・運輸関連業,自動チェック完了,月次価格取得済み,財務取得済み,irbank:2026/03,ランキング判定に利用,1095.0,,
9326,関通ホールディングス,グロース（内国株式）,倉庫・運輸関連業,自動チェック完了,月次価格取得済み,財務取得済み,irbank:2026/02,ランキング判定に利用,408.0,,
9327,イー・ロジット,スタンダード（内国株式）,倉庫・運輸関連業,自動チェック完了,月次価格取得済み,財務取得済み,irbank:2026/03,ランキング判定に利用,215.0,,
9330,揚羽,グロース（内国株式）,サービス業,自動チェック完了,月次価格取得済み,財務取得済み,irbank:2026/03,ランキング判定に利用,845.0,,
9331,キャスター,グロース（内国株式）,サービス業,自動チェック完了,月次価格取得済み,財務取得済み,irbank:2026/02,ランキング判定に利用,827.0,,
9332,ＮＩＳＳＯホールディングス,プライム（内国株式）,サービス業,自動チェック完了,月次価格取得済み,財務取得済み,irbank:2026/03,ランキング判定に利用,578.0,,
9336,大栄環境,プライム（内国株式）,サービス業,自動チェック完了,月次価格取得済み,財務取得済み,irbank:2026/03,ランキング判定に利用,3715.0,,
9337,トリドリ,グロース（内国株式）,サービス業,自動チェック完了,月次価格取得済み,財務取得済み,irbank:2026/03,ランキング判定に利用,1476.0,,
9338,ＩＮＦＯＲＩＣＨ,グロース（内国株式）,サービス業,自動チェック完了,月次価格取得済み,財務取得済み,irbank:2026/03,ランキング判定に利用,4530.0,,
9339,コーチ・エィ,スタンダード（内国株式）,サービス業,自動チェック完了,月次価格取得済み,財務取得済み,irbank:2026/03,ランキング判定に利用,1259.0,,
9340,アソインターナショナル,スタンダード（内国株式）,サービス業,自動チェック完了,月次価格取得済み,財務取得済み,irbank:2026/03,ランキング判定に利用,684.0,,
9341,ＧＥＮＯＶＡ,プライム（内国株式）,サービス業,自動チェック完了,月次価格取得済み,財務取得済み,irbank:2026/03,ランキング判定に利用,589.0,,
9342,スマサポ,グロース（内国株式）,サービス業,自動チェック完了,月次価格取得済み,財務取得済み,irbank:2026/03,ランキング判定に利用,810.0,,
9343,アイビス,グロース（内国株式）,サービス業,自動チェック完了,月次価格取得済み,財務取得済み,irbank:2026/03,ランキング判定に利用,720.0,,
9344,アクシスコンサルティング,グロース（内国株式）,サービス業,自動チェック完了,月次価格取得済み,財務取得済み,irbank:2025/12,ランキング判定に利用,950.0,,
9345,ビズメイツ,グロース（内国株式）,サービス業,自動チェック完了,月次価格取得済み,財務取得済み,irbank:2026/03,ランキング判定に利用,551.0,,
9346,ココルポート,グロース（内国株式）,サービス業,自動チェック完了,月次価格取得済み,財務取得済み,irbank:2026/03,ランキング判定に利用,1688.0,,
9347,日本管財ホールディングス,プライム（内国株式）,サービス業,自動チェック完了,月次価格取得済み,財務取得済み,irbank:2026/03,ランキング判定に利用,2638.0,,
9348,ｉｓｐａｃｅ,グロース（内国株式）,サービス業,自動チェック完了,月次価格取得済み,財務取得済み,irbank:2026/03,ランキング判定に利用,430.0,,
9351,東洋埠頭,スタンダード（内国株式）,倉庫・運輸関連業,自動チェック完了,月次価格取得済み,財務取得済み,irbank:2026/03,ランキング判定に利用,1819.0,,
9353,櫻島埠頭,スタンダード（内国株式）,倉庫・運輸関連業,自動チェック完了,月次価格取得済み,財務取得済み,irbank:2026/03,ランキング判定に利用,2745.0,,
9355,リンコーコーポレーション,スタンダード（内国株式）,倉庫・運輸関連業,自動チェック完了,月次価格取得済み,財務取得済み,irbank:2026/03,ランキング判定に利用,2190.0,,
9360,鈴与シンワート,スタンダード（内国株式）,情報・通信業,自動チェック完了,月次価格取得済み,財務取得済み,irbank:2026/03,ランキング判定に利用,2731.0,,
9361,伏木海陸運送,スタンダード（内国株式）,倉庫・運輸関連業,自動チェック完了,月次価格取得済み,財務取得済み,irbank:2026/03,ランキング判定に利用,2077.0,,
9362,兵機海運,スタンダード（内国株式）,倉庫・運輸関連業,自動チェック完了,月次価格取得済み,財務取得済み,irbank:2026/03,ランキング判定に利用,3585.0,,
9363,大運,スタンダード（内国株式）,倉庫・運輸関連業,自動チェック完了,月次価格取得済み,財務取得済み,irbank:2026/03,ランキング判定に利用,525.0,,
9364,上組,プライム（内国株式）,倉庫・運輸関連業,自動チェック完了,月次価格取得済み,財務取得済み,irbank:2026/03,ランキング判定に利用,4778.0,,
9365,トレーディア,スタンダード（内国株式）,倉庫・運輸関連業,自動チェック完了,月次価格取得済み,財務取得済み,irbank:2026/03,ランキング判定に利用,1506.0,,
9366,サンリツ,スタンダード（内国株式）,倉庫・運輸関連業,自動チェック完了,月次価格取得済み,財務取得済み,irbank:2026/03,ランキング判定に利用,993.0,,
9367,大東港運,スタンダード（内国株式）,倉庫・運輸関連業,自動チェック完了,月次価格取得済み,財務取得済み,irbank:2026/03,ランキング判定に利用,1821.0,,
9368,キムラユニティー,スタンダード（内国株式）,倉庫・運輸関連業,自動チェック完了,月次価格取得済み,財務取得済み,irbank:2026/03,ランキング判定に利用,870.0,,
9369,キユーソー流通システム,スタンダード（内国株式）,倉庫・運輸関連業,自動チェック完了,月次価格取得済み,財務取得済み,irbank:2026/02,ランキング判定に利用,3175.0,,
9376,ユーラシア旅行社,スタンダード（内国株式）,サービス業,自動チェック完了,月次価格取得済み,財務取得済み,irbank:2026/03,ランキング判定に利用,763.0,,
9380,東海運,スタンダード（内国株式）,倉庫・運輸関連業,自動チェック完了,月次価格取得済み,財務取得済み,irbank:2026/03,ランキング判定に利用,405.0,,
9381,エーアイテイー,プライム（内国株式）,倉庫・運輸関連業,自動チェック完了,月次価格取得済み,財務取得済み,irbank:2026/02,ランキング判定に利用,2251.0,,
9385,ショーエイコーポレーション,スタンダード（内国株式）,化学,自動チェック完了,月次価格取得済み,財務取得済み,irbank:2026/03,ランキング判定に利用,702.0,,
9401,ＴＢＳホールディングス,プライム（内国株式）,情報・通信業,自動チェック完了,月次価格取得済み,財務取得済み,irbank:2026/03,ランキング判定に利用,5996.0,,
9404,日本テレビホールディングス,プライム（内国株式）,情報・通信業,自動チェック完了,月次価格取得済み,財務取得済み,irbank:2026/03,ランキング判定に利用,2722.0,,
9405,朝日放送グループホールディングス,プライム（内国株式）,情報・通信業,自動チェック完了,月次価格取得済み,財務取得済み,irbank:2026/03,ランキング判定に利用,759.0,,
9408,ＢＳＮメディアホールディングス,スタンダード（内国株式）,情報・通信業,自動チェック完了,月次価格取得済み,財務取得済み,irbank:2026/03,ランキング判定に利用,2750.0,,
9409,テレビ朝日ホールディングス,プライム（内国株式）,情報・通信業,自動チェック完了,月次価格取得済み,財務取得済み,confirmed,ランキング判定に利用,3105.0,,
9412,スカパーＪＳＡＴ,プライム（内国株式）,情報・通信業,自動チェック完了,月次価格取得済み,財務取得済み,irbank:2026/03,ランキング判定に利用,2485.0,,
9413,テレビ東京ホールディングス,プライム（内国株式）,情報・通信業,自動チェック完了,月次価格取得済み,財務取得済み,irbank:2026/03,ランキング判定に利用,3620.0,,
9414,日本ＢＳ放送,スタンダード（内国株式）,情報・通信業,自動チェック完了,月次価格取得済み,財務取得済み,irbank:2026/02,ランキング判定に利用,896.0,,
9416,ビジョン,プライム（内国株式）,情報・通信業,自動チェック完了,月次価格取得済み,財務取得済み,irbank:2026/03,ランキング判定に利用,986.0,,
9417,スマートバリュー,スタンダード（内国株式）,情報・通信業,自動チェック完了,月次価格取得済み,財務取得済み,irbank:2026/03,ランキング判定に利用,333.0,,
9418,Ｕ－ＮＥＸＴ　ＨＯＬＤＩＮＧＳ,プライム（内国株式）,情報・通信業,自動チェック完了,月次価格取得済み,財務取得済み,irbank:2026/02,ランキング判定に利用,1580.0,,
9419,ワイヤレスゲート,スタンダード（内国株式）,情報・通信業,自動チェック完了,月次価格取得済み,財務取得済み,irbank:2026/03,ランキング判定に利用,309.0,,
9421,エヌジェイホールディングス,スタンダード（内国株式）,情報・通信業,自動チェック完了,月次価格取得済み,財務取得済み,irbank:2026/03,ランキング判定に利用,600.0,,
9423,フォーバル・リアルストレート,スタンダード（内国株式）,情報・通信業,自動チェック完了,月次価格取得済み,財務取得済み,irbank:2026/03,ランキング判定に利用,100.0,,
9424,日本通信,プライム（内国株式）,情報・通信業,自動チェック完了,月次価格取得済み,財務取得済み,irbank:2026/03,ランキング判定に利用,107.0,,
9425,ＲｅＹｕｕ　Ｊａｐａｎ,スタンダード（内国株式）,情報・通信業,自動チェック完了,月次価格取得済み,財務取得済み,irbank:2026/04,ランキング判定に利用,160.0,,
9428,クロップス,スタンダード（内国株式）,情報・通信業,自動チェック完了,月次価格取得済み,財務取得済み,irbank:2026/03,ランキング判定に利用,1250.0,,
9432,ＮＴＴ,プライム（内国株式）,情報・通信業,補完チェック完了,月次価格取得済み,財務補完済み,completionEstimate,補完データでチャートと広域判定に利用,144.3,,BPS、純資産、株数推定が不足
9433,ＫＤＤＩ,プライム（内国株式）,情報・通信業,補完チェック完了,月次価格取得済み,財務補完済み,completionEstimate,補完データでチャートと広域判定に利用,2681.0,,BPS、純資産、株数推定が不足
9434,ソフトバンク,プライム（内国株式）,情報・通信業,補完チェック完了,月次価格取得済み,財務補完済み,completionEstimate,補完データでチャートと広域判定に利用,204.7,,BPS、純資産、株数推定が不足
9435,光通信,プライム（内国株式）,情報・通信業,補完チェック完了,月次価格取得済み,財務補完済み,completionEstimate,補完データでチャートと広域判定に利用,36040.0,,BPS、純資産、株数推定が不足
9436,沖縄セルラー電話,スタンダード（内国株式）,情報・通信業,自動チェック完了,月次価格取得済み,財務取得済み,irbank:2026/03,ランキング判定に利用,3685.0,,
9438,エムティーアイ,プライム（内国株式）,情報・通信業,自動チェック完了,月次価格取得済み,財務取得済み,irbank:2026/03,ランキング判定に利用,538.0,,
9439,エム・エイチ・グループ,スタンダード（内国株式）,サービス業,自動チェック完了,月次価格取得済み,財務取得済み,irbank:2026/03,ランキング判定に利用,247.0,,
9441,ベルパーク,スタンダード（内国株式）,情報・通信業,自動チェック完了,月次価格取得済み,財務取得済み,irbank:2026/03,ランキング判定に利用,2672.0,,
9444,トーシンホールディングス,スタンダード（内国株式）,情報・通信業,自動チェック完了,月次価格取得済み,財務取得済み,irbank:2026/01,ランキング判定に利用,249.0,,
9445,フォーバルテレコム,スタンダード（内国株式）,情報・通信業,自動チェック完了,月次価格取得済み,財務取得済み,irbank:2026/03,ランキング判定に利用,529.0,,
9446,サカイホールディングス,スタンダード（内国株式）,情報・通信業,自動チェック完了,月次価格取得済み,財務取得済み,irbank:2026/03,ランキング判定に利用,670.0,,
9449,ＧＭＯインターネットグループ,プライム（内国株式）,情報・通信業,自動チェック完了,月次価格取得済み,財務取得済み,irbank:2026/03,ランキング判定に利用,3283.0,,
9450,ファイバーゲート,スタンダード（内国株式）,情報・通信業,自動チェック完了,月次価格取得済み,財務取得済み,irbank:2026/03,ランキング判定に利用,749.0,,
9466,アイドママーケティングコミュニケーション,スタンダード（内国株式）,情報・通信業,自動チェック完了,月次価格取得済み,財務取得済み,irbank:2026/03,ランキング判定に利用,224.0,,
9467,アルファポリス,グロース（内国株式）,情報・通信業,自動チェック完了,月次価格取得済み,財務取得済み,irbank:2026/03,ランキング判定に利用,940.0,,
9468,ＫＡＤＯＫＡＷＡ,プライム（内国株式）,情報・通信業,自動チェック完了,月次価格取得済み,財務取得済み,irbank:2026/03,ランキング判定に利用,3359.0,,
9470,学研ホールディングス,プライム（内国株式）,情報・通信業,自動チェック完了,月次価格取得済み,財務取得済み,irbank:2026/03,ランキング判定に利用,1000.0,,
9474,ゼンリン,プライム（内国株式）,情報・通信業,自動チェック完了,月次価格取得済み,財務取得済み,irbank:2026/03,ランキング判定に利用,847.0,,
9475,昭文社ホールディングス,スタンダード（内国株式）,情報・通信業,自動チェック完了,月次価格取得済み,財務取得済み,irbank:2026/03,ランキング判定に利用,480.0,,
9476,中央経済社ホールディングス,スタンダード（内国株式）,情報・通信業,自動チェック完了,月次価格取得済み,財務取得済み,irbank:2026/03,ランキング判定に利用,1019.0,,
9478,ＳＥホールディングス・アンド・インキュベーションズ,スタンダード（内国株式）,情報・通信業,自動チェック完了,月次価格取得済み,財務取得済み,irbank:2026/03,ランキング判定に利用,495.0,,
9501,東京電力ホールディングス,プライム（内国株式）,電気・ガス業,自動チェック完了,月次価格取得済み,財務取得済み,irbank:2026/03,ランキング判定に利用,456.6,,
9502,中部電力,プライム（内国株式）,電気・ガス業,自動チェック完了,月次価格取得済み,財務取得済み,irbank:2026/03,ランキング判定に利用,2999.5,,
9503,関西電力,プライム（内国株式）,電気・ガス業,自動チェック完了,月次価格取得済み,財務取得済み,irbank:2026/03,ランキング判定に利用,2271.5,,
9504,中国電力,プライム（内国株式）,電気・ガス業,自動チェック完了,月次価格取得済み,財務取得済み,irbank:2026/03,ランキング判定に利用,884.3,,
9505,北陸電力,プライム（内国株式）,電気・ガス業,自動チェック完了,月次価格取得済み,財務取得済み,irbank:2026/03,ランキング判定に利用,868.6,,
9506,東北電力,プライム（内国株式）,電気・ガス業,自動チェック完了,月次価格取得済み,財務取得済み,irbank:2026/03,ランキング判定に利用,1042.0,,
9507,四国電力,プライム（内国株式）,電気・ガス業,自動チェック完了,月次価格取得済み,財務取得済み,irbank:2026/03,ランキング判定に利用,1478.0,,
9508,九州電力,プライム（内国株式）,電気・ガス業,自動チェック完了,月次価格取得済み,財務取得済み,irbank:2026/03,ランキング判定に利用,1664.0,,
9509,北海道電力,プライム（内国株式）,電気・ガス業,自動チェック完了,月次価格取得済み,財務取得済み,irbank:2026/03,ランキング判定に利用,919.8,,
9511,沖縄電力,プライム（内国株式）,電気・ガス業,自動チェック完了,月次価格取得済み,財務取得済み,irbank:2026/03,ランキング判定に利用,886.0,,
9513,電源開発,プライム（内国株式）,電気・ガス業,自動チェック完了,月次価格取得済み,財務取得済み,irbank:2026/03,ランキング判定に利用,3636.0,,
9514,エフオン,スタンダード（内国株式）,電気・ガス業,自動チェック完了,月次価格取得済み,財務取得済み,irbank:2026/03,ランキング判定に利用,326.0,,
9517,イーレックス,プライム（内国株式）,電気・ガス業,自動チェック完了,月次価格取得済み,財務取得済み,irbank:2026/03,ランキング判定に利用,726.0,,
9519,レノバ,プライム（内国株式）,電気・ガス業,自動チェック完了,月次価格取得済み,財務取得済み,irbank:2026/03,ランキング判定に利用,914.0,,
9531,東京瓦斯,プライム（内国株式）,電気・ガス業,自動チェック完了,月次価格取得済み,財務取得済み,irbank:2026/03,ランキング判定に利用,6111.0,,
9532,大阪瓦斯,プライム（内国株式）,電気・ガス業,自動チェック完了,月次価格取得済み,財務取得済み,irbank:2026/03,ランキング判定に利用,5378.0,,
9533,東邦瓦斯,プライム（内国株式）,電気・ガス業,自動チェック完了,月次価格取得済み,財務取得済み,irbank:2026/03,ランキング判定に利用,1192.0,,
9534,北海道瓦斯,プライム（内国株式）,電気・ガス業,自動チェック完了,月次価格取得済み,財務取得済み,irbank:2026/03,ランキング判定に利用,754.0,,
9535,広島ガス,プライム（内国株式）,電気・ガス業,自動チェック完了,月次価格取得済み,財務取得済み,irbank:2026/03,ランキング判定に利用,386.0,,
9536,西部ガスホールディングス,プライム（内国株式）,電気・ガス業,自動チェック完了,月次価格取得済み,財務取得済み,irbank:2026/03,ランキング判定に利用,2246.0,,
9537,北陸瓦斯,スタンダード（内国株式）,電気・ガス業,自動チェック完了,月次価格取得済み,財務取得済み,irbank:2026/03,ランキング判定に利用,4000.0,,
9539,京葉瓦斯,スタンダード（内国株式）,電気・ガス業,自動チェック完了,月次価格取得済み,財務取得済み,irbank:2026/03,ランキング判定に利用,1434.0,,
9543,静岡ガス,プライム（内国株式）,電気・ガス業,自動チェック完了,月次価格取得済み,財務取得済み,irbank:2026/03,ランキング判定に利用,1262.0,,
9551,メタウォーター,プライム（内国株式）,電気・ガス業,自動チェック完了,月次価格取得済み,財務取得済み,irbank:2026/03,ランキング判定に利用,3570.0,,
9552,クオンツ総研ホールディングス,プライム（内国株式）,サービス業,自動チェック完了,月次価格取得済み,財務取得済み,irbank:2026/03,ランキング判定に利用,811.0,,
9553,マイクロアド,グロース（内国株式）,サービス業,自動チェック完了,月次価格取得済み,財務取得済み,irbank:2026/03,ランキング判定に利用,501.0,,
9554,ＡＶｉＣ,グロース（内国株式）,サービス業,自動チェック完了,月次価格取得済み,財務取得済み,irbank:2026/03,ランキング判定に利用,1521.0,,
9556,ＩＮＴＬＯＯＰ,グロース（内国株式）,サービス業,自動チェック完了,月次価格取得済み,財務取得済み,irbank:2026/04,ランキング判定に利用,1707.0,,
9557,エアークローゼット,グロース（内国株式）,サービス業,自動チェック完了,月次価格取得済み,財務取得済み,irbank:2026/03,ランキング判定に利用,164.0,,
9558,ジャパニアス,グロース（内国株式）,サービス業,自動チェック完了,月次価格取得済み,財務取得済み,irbank:2026/02,ランキング判定に利用,1906.0,,
9560,プログリット,グロース（内国株式）,サービス業,自動チェック完了,月次価格取得済み,財務取得済み,irbank:2026/02,ランキング判定に利用,703.0,,
9561,グラッドキューブ,グロース（内国株式）,サービス業,自動チェック完了,月次価格取得済み,財務取得済み,irbank:2026/03,ランキング判定に利用,410.0,,
9562,ビジネスコーチ,グロース（内国株式）,サービス業,自動チェック完了,月次価格取得済み,財務取得済み,irbank:2026/03,ランキング判定に利用,493.0,,
9563,Ａｔｌａｓ　Ｔｅｃｈｎｏｌｏｇｉｅｓ,グロース（内国株式）,サービス業,自動チェック完了,月次価格取得済み,財務取得済み,irbank:2026/03,ランキング判定に利用,292.0,,
9564,ＦＣＥ,スタンダード（内国株式）,サービス業,自動チェック完了,月次価格取得済み,財務取得済み,irbank:2026/03,ランキング判定に利用,462.0,,
9565,ＧＬＯＥ,グロース（内国株式）,サービス業,自動チェック完了,月次価格取得済み,財務取得済み,irbank:2026/06,ランキング判定に利用,650.0,,
9601,松竹,プライム（内国株式）,情報・通信業,自動チェック完了,月次価格取得済み,財務取得済み,irbank:2026/02,ランキング判定に利用,10100.0,,
9602,東宝,プライム（内国株式）,情報・通信業,自動チェック完了,月次価格取得済み,財務取得済み,irbank:2026/02,ランキング判定に利用,1262.0,,
9603,エイチ・アイ・エス,プライム（内国株式）,サービス業,自動チェック完了,月次価格取得済み,財務取得済み,irbank:2026/04,ランキング判定に利用,943.0,,
9605,東映,プライム（内国株式）,情報・通信業,自動チェック完了,月次価格取得済み,財務取得済み,irbank:2026/03,ランキング判定に利用,5690.0,,
9610,ウィルソン・ラーニング　ワールドワイド,スタンダード（内国株式）,サービス業,自動チェック完了,月次価格取得済み,財務取得済み,irbank:2026/03,ランキング判定に利用,102.0,,
9612,ラックランド,プライム（内国株式）,サービス業,自動チェック完了,月次価格取得済み,財務取得済み,irbank:2026/03,ランキング判定に利用,1198.0,,
9616,共立メンテナンス,プライム（内国株式）,サービス業,自動チェック完了,月次価格取得済み,財務取得済み,irbank:2026/03,ランキング判定に利用,2951.5,,
9619,イチネンホールディングス,プライム（内国株式）,サービス業,自動チェック完了,月次価格取得済み,財務取得済み,irbank:2026/03,ランキング判定に利用,2218.0,,
9621,建設技術研究所,プライム（内国株式）,サービス業,自動チェック完了,月次価格取得済み,財務取得済み,irbank:2026/03,ランキング判定に利用,2824.0,,
9622,スペース,プライム（内国株式）,サービス業,自動チェック完了,月次価格取得済み,財務取得済み,irbank:2026/03,ランキング判定に利用,1446.0,,
9625,セレスポ,スタンダード（内国株式）,サービス業,自動チェック完了,月次価格取得済み,財務取得済み,irbank:2026/03,ランキング判定に利用,1073.0,,
9627,アインホールディングス,プライム（内国株式）,小売業,自動チェック完了,月次価格取得済み,財務取得済み,irbank:2026/04,ランキング判定に利用,5439.0,,
9628,燦ホールディングス,プライム（内国株式）,サービス業,自動チェック完了,月次価格取得済み,財務取得済み,irbank:2026/03,ランキング判定に利用,1333.0,,
9629,ピー・シー・エー,プライム（内国株式）,情報・通信業,自動チェック完了,月次価格取得済み,財務取得済み,irbank:2026/03,ランキング判定に利用,1254.0,,
9632,スバル興業,スタンダード（内国株式）,サービス業,自動チェック完了,月次価格取得済み,財務取得済み,irbank:2026/04,ランキング判定に利用,3520.0,,
9633,東京テアトル,スタンダード（内国株式）,不動産業,自動チェック完了,月次価格取得済み,財務取得済み,irbank:2026/03,ランキング判定に利用,1617.0,,
9635,武蔵野興業,スタンダード（内国株式）,サービス業,自動チェック完了,月次価格取得済み,財務取得済み,irbank:2026/03,ランキング判定に利用,2516.0,,
9636,きんえい,スタンダード（内国株式）,サービス業,自動チェック完了,月次価格取得済み,財務取得済み,irbank:2026/04,ランキング判定に利用,4210.0,,
9639,三協フロンテア,スタンダード（内国株式）,サービス業,自動チェック完了,月次価格取得済み,財務取得済み,irbank:2026/03,ランキング判定に利用,2262.0,,
9640,セゾンテクノロジー,スタンダード（内国株式）,情報・通信業,自動チェック完了,月次価格取得済み,財務取得済み,irbank:2026/03,ランキング判定に利用,2028.0,,
9644,タナベコンサルティンググループ,プライム（内国株式）,サービス業,自動チェック完了,月次価格取得済み,財務取得済み,irbank:2026/03,ランキング判定に利用,734.0,,
9647,協和コンサルタンツ,スタンダード（内国株式）,サービス業,自動チェック完了,月次価格取得済み,財務取得済み,irbank:2026/02,ランキング判定に利用,6730.0,,
9651,日本プロセス,スタンダード（内国株式）,情報・通信業,自動チェック完了,月次価格取得済み,財務取得済み,irbank:2026/02,ランキング判定に利用,1699.0,,
9656,グリーンランドリゾート,スタンダード（内国株式）,サービス業,自動チェック完了,月次価格取得済み,財務取得済み,irbank:2026/03,ランキング判定に利用,613.0,,
9658,ビジネスブレイン太田昭和,プライム（内国株式）,情報・通信業,自動チェック完了,月次価格取得済み,財務取得済み,irbank:2026/03,ランキング判定に利用,993.0,,
9661,歌舞伎座,スタンダード（内国株式）,サービス業,自動チェック完了,月次価格取得済み,財務取得済み,irbank:2026/02,ランキング判定に利用,4460.0,,
9663,ナガワ,プライム（内国株式）,サービス業,自動チェック完了,月次価格取得済み,財務取得済み,irbank:2026/03,ランキング判定に利用,4960.0,,
9672,東京都競馬,プライム（内国株式）,サービス業,自動チェック完了,月次価格取得済み,財務取得済み,confirmed,ランキング判定に利用,4875.0,,
9678,カナモト,プライム（内国株式）,サービス業,自動チェック完了,月次価格取得済み,財務取得済み,irbank:2026/04,ランキング判定に利用,5440.0,,
9679,ホウライ,スタンダード（内国株式）,サービス業,自動チェック完了,月次価格取得済み,財務取得済み,irbank:2026/03,ランキング判定に利用,2300.0,,
9682,ＤＴＳ,プライム（内国株式）,情報・通信業,自動チェック完了,月次価格取得済み,財務取得済み,irbank:2026/03,ランキング判定に利用,977.0,,
9684,スクウェア・エニックス・ホールディングス,プライム（内国株式）,情報・通信業,自動チェック完了,月次価格取得済み,財務取得済み,irbank:2026/03,ランキング判定に利用,2344.5,,
9685,ＫＹＣＯＭホールディングス,スタンダード（内国株式）,情報・通信業,自動チェック完了,月次価格取得済み,財務取得済み,irbank:2026/03,ランキング判定に利用,588.0,,
9686,東洋テック,スタンダード（内国株式）,サービス業,自動チェック完了,月次価格取得済み,財務取得済み,irbank:2026/03,ランキング判定に利用,1605.0,,
9687,ＫＳＫ,スタンダード（内国株式）,情報・通信業,自動チェック完了,月次価格取得済み,財務取得済み,irbank:2026/03,ランキング判定に利用,4310.0,,
9691,両毛システムズ,スタンダード（内国株式）,情報・通信業,自動チェック完了,月次価格取得済み,財務取得済み,irbank:2026/03,ランキング判定に利用,5180.0,,
9692,シーイーシー,プライム（内国株式）,情報・通信業,自動チェック完了,月次価格取得済み,財務取得済み,irbank:2026/04,ランキング判定に利用,2059.0,,
9697,カプコン,プライム（内国株式）,情報・通信業,自動チェック完了,月次価格取得済み,財務取得済み,irbank:2026/03,ランキング判定に利用,2947.5,,
9698,クレオ,スタンダード（内国株式）,情報・通信業,自動チェック完了,月次価格取得済み,財務取得済み,irbank:2026/03,ランキング判定に利用,1206.0,,
9699,ニシオホールディングス,プライム（内国株式）,サービス業,自動チェック完了,月次価格取得済み,財務取得済み,irbank:2026/03,ランキング判定に利用,3920.0,,
9701,東京會舘,スタンダード（内国株式）,サービス業,自動チェック完了,月次価格取得済み,財務取得済み,irbank:2026/03,ランキング判定に利用,4105.0,,
9702,アイ・エス・ビー,プライム（内国株式）,情報・通信業,自動チェック完了,月次価格取得済み,財務取得済み,irbank:2026/03,ランキング判定に利用,2295.0,,
9704,アゴーラ　ホスピタリティー　グループ,スタンダード（内国株式）,サービス業,自動チェック完了,月次価格取得済み,財務取得済み,irbank:2026/03,ランキング判定に利用,30.0,,
9706,日本空港ビルデング,プライム（内国株式）,不動産業,自動チェック完了,月次価格取得済み,財務取得済み,irbank:2026/03,ランキング判定に利用,4909.0,,
9708,帝国ホテル,スタンダード（内国株式）,サービス業,自動チェック完了,月次価格取得済み,財務取得済み,irbank:2026/03,ランキング判定に利用,1003.0,,
9709,ＮＣＳ＆Ａ,スタンダード（内国株式）,情報・通信業,自動チェック完了,月次価格取得済み,財務取得済み,irbank:2026/03,ランキング判定に利用,1182.0,,
9713,ロイヤルホテル,スタンダード（内国株式）,サービス業,自動チェック完了,月次価格取得済み,財務取得済み,irbank:2026/03,ランキング判定に利用,893.0,,
9715,トランス・コスモス,プライム（内国株式）,サービス業,自動チェック完了,月次価格取得済み,財務取得済み,irbank:2026/03,ランキング判定に利用,3600.0,,
9716,乃村工藝社,プライム（内国株式）,サービス業,自動チェック完了,月次価格取得済み,財務取得済み,irbank:2026/02,ランキング判定に利用,1083.0,,
9720,ホテル、ニューグランド,スタンダード（内国株式）,サービス業,自動チェック完了,月次価格取得済み,財務取得済み,irbank:2026/02,ランキング判定に利用,5150.0,,
9722,藤田観光,プライム（内国株式）,サービス業,自動チェック完了,月次価格取得済み,財務取得済み,irbank:2026/03,ランキング判定に利用,1852.0,,
9723,京都ホテル,スタンダード（内国株式）,サービス業,自動チェック完了,月次価格取得済み,財務取得済み,irbank:2026/03,ランキング判定に利用,627.0,,
9726,ＫＮＴ－ＣＴホールディングス,スタンダード（内国株式）,サービス業,自動チェック完了,月次価格取得済み,財務取得済み,irbank:2026/03,ランキング判定に利用,1846.0,,
9729,トーカイ,プライム（内国株式）,サービス業,自動チェック完了,月次価格取得済み,財務取得済み,irbank:2026/03,ランキング判定に利用,2339.0,,
9731,白洋舎,スタンダード（内国株式）,サービス業,自動チェック完了,月次価格取得済み,財務取得済み,irbank:2026/03,ランキング判定に利用,3500.0,,
9733,ナガセ,スタンダード（内国株式）,サービス業,自動チェック完了,月次価格取得済み,財務取得済み,irbank:2026/03,ランキング判定に利用,2267.0,,
9735,セコム,プライム（内国株式）,サービス業,自動チェック完了,月次価格取得済み,財務取得済み,irbank:2026/03,ランキング判定に利用,6398.0,,
9739,ＮＳＷ,プライム（内国株式）,情報・通信業,自動チェック完了,月次価格取得済み,財務取得済み,irbank:2026/03,ランキング判定に利用,2542.0,,
9740,セントラル警備保障,プライム（内国株式）,サービス業,自動チェック完了,月次価格取得済み,財務取得済み,irbank:2026/02,ランキング判定に利用,2538.0,,
9742,アイネス,プライム（内国株式）,情報・通信業,自動チェック完了,月次価格取得済み,財務取得済み,irbank:2026/03,ランキング判定に利用,2101.0,,
9743,丹青社,プライム（内国株式）,サービス業,自動チェック完了,月次価格取得済み,財務取得済み,irbank:2026/04,ランキング判定に利用,1333.0,,
9744,メイテックグループホールディングス,プライム（内国株式）,サービス業,自動チェック完了,月次価格取得済み,財務取得済み,irbank:2026/03,ランキング判定に利用,3069.0,,
9746,ＴＫＣ,プライム（内国株式）,情報・通信業,自動チェック完了,月次価格取得済み,財務取得済み,irbank:2026/03,ランキング判定に利用,3375.0,,
9753,アイエックス・ナレッジ,スタンダード（内国株式）,情報・通信業,自動チェック完了,月次価格取得済み,財務取得済み,irbank:2026/03,ランキング判定に利用,1286.0,,
9755,応用地質,プライム（内国株式）,サービス業,自動チェック完了,月次価格取得済み,財務取得済み,irbank:2026/03,ランキング判定に利用,2862.0,,
9757,船井総研ホールディングス,プライム（内国株式）,サービス業,自動チェック完了,月次価格取得済み,財務取得済み,irbank:2026/03,ランキング判定に利用,1082.0,,
9759,ＮＳＤ,プライム（内国株式）,情報・通信業,自動チェック完了,月次価格取得済み,財務取得済み,irbank:2026/03,ランキング判定に利用,2410.5,,
9760,進学会ホールディングス,スタンダード（内国株式）,サービス業,自動チェック完了,月次価格取得済み,財務取得済み,irbank:2026/03,ランキング判定に利用,113.0,,
9761,東海リース,スタンダード（内国株式）,サービス業,自動チェック完了,月次価格取得済み,財務取得済み,irbank:2026/03,ランキング判定に利用,2212.0,,
9763,丸建リース,スタンダード（内国株式）,卸売業,自動チェック完了,月次価格取得済み,財務取得済み,irbank:2026/03,ランキング判定に利用,1183.0,,
9765,オオバ,プライム（内国株式）,サービス業,自動チェック完了,月次価格取得済み,財務取得済み,irbank:2026/02,ランキング判定に利用,1096.0,,
9766,コナミグループ,プライム（内国株式）,情報・通信業,補完チェック完了,月次価格取得済み,財務補完済み,completionEstimate,補完データでチャートと広域判定に利用,17280.0,,BPS、純資産、株数推定が不足
9767,日建工学,スタンダード（内国株式）,サービス業,自動チェック完了,月次価格取得済み,財務取得済み,irbank:2026/03,ランキング判定に利用,1505.0,,
9768,いであ,スタンダード（内国株式）,サービス業,自動チェック完了,月次価格取得済み,財務取得済み,irbank:2026/03,ランキング判定に利用,3350.0,,
9769,学究社,プライム（内国株式）,サービス業,自動チェック完了,月次価格取得済み,財務取得済み,irbank:2026/03,ランキング判定に利用,2508.0,,
9778,昴,スタンダード（内国株式）,サービス業,自動チェック完了,月次価格取得済み,財務取得済み,irbank:2026/02,ランキング判定に利用,5470.0,,
9780,ハリマビステム,スタンダード（内国株式）,サービス業,自動チェック完了,月次価格取得済み,財務取得済み,irbank:2026/03,ランキング判定に利用,891.0,,
9782,ディーエムエス,スタンダード（内国株式）,サービス業,自動チェック完了,月次価格取得済み,財務取得済み,irbank:2026/03,ランキング判定に利用,3305.0,,
9788,ナック,プライム（内国株式）,サービス業,自動チェック完了,月次価格取得済み,財務取得済み,irbank:2026/03,ランキング判定に利用,502.0,,
9790,福井コンピュータホールディングス,プライム（内国株式）,情報・通信業,自動チェック完了,月次価格取得済み,財務取得済み,irbank:2026/03,ランキング判定に利用,3075.0,,
9791,ビケンテクノ,スタンダード（内国株式）,サービス業,自動チェック完了,月次価格取得済み,財務取得済み,irbank:2026/03,ランキング判定に利用,1121.0,,
9793,ダイセキ,プライム（内国株式）,サービス業,自動チェック完了,月次価格取得済み,財務取得済み,irbank:2026/02,ランキング判定に利用,3930.0,,
9795,ステップ,プライム（内国株式）,サービス業,自動チェック完了,月次価格取得済み,財務取得済み,irbank:2026/03,ランキング判定に利用,2237.0,,
9799,旭情報サービス,スタンダード（内国株式）,情報・通信業,自動チェック完了,月次価格取得済み,財務取得済み,irbank:2026/03,ランキング判定に利用,865.0,,
9812,テーオーホールディングス,スタンダード（内国株式）,小売業,自動チェック完了,月次価格取得済み,財務取得済み,irbank:2026/02,ランキング判定に利用,220.0,,
9816,ストライダーズ,スタンダード（内国株式）,不動産業,自動チェック完了,月次価格取得済み,財務取得済み,irbank:2026/03,ランキング判定に利用,232.0,,
9818,大丸エナウィン,スタンダード（内国株式）,卸売業,自動チェック完了,月次価格取得済み,財務取得済み,irbank:2026/03,ランキング判定に利用,1563.0,,
9820,エムティジェネックス,スタンダード（内国株式）,不動産業,自動チェック完了,月次価格取得済み,財務取得済み,irbank:2026/03,ランキング判定に利用,3500.0,,
9823,マミーマートホールディングス,スタンダード（内国株式）,小売業,自動チェック完了,月次価格取得済み,財務取得済み,irbank:2026/03,ランキング判定に利用,1000.0,,
9824,泉州電業,プライム（内国株式）,卸売業,自動チェック完了,月次価格取得済み,財務取得済み,irbank:2026/04,ランキング判定に利用,7080.0,,
9827,リリカラ,スタンダード（内国株式）,卸売業,自動チェック完了,月次価格取得済み,財務取得済み,irbank:2026/03,ランキング判定に利用,601.0,,
9828,Ｇｅｎｋｉ　Ｇｌｏｂａｌ　Ｄｉｎｉｎｇ　Ｃｏｎｃｅｐｔｓ,スタンダード（内国株式）,小売業,自動チェック完了,月次価格取得済み,財務取得済み,irbank:2026/03,ランキング判定に利用,3050.0,,
9830,トラスコ中山,プライム（内国株式）,卸売業,自動チェック完了,月次価格取得済み,財務取得済み,confirmed,ランキング判定に利用,2248.0,,
9831,ヤマダホールディングス,プライム（内国株式）,小売業,自動チェック完了,月次価格取得済み,財務取得済み,irbank:2026/03,ランキング判定に利用,656.1,,
9832,オートバックスセブン,プライム（内国株式）,卸売業,自動チェック完了,月次価格取得済み,財務取得済み,irbank:2026/03,ランキング判定に利用,1463.0,,
9835,ジュンテンドー,スタンダード（内国株式）,小売業,自動チェック完了,月次価格取得済み,財務取得済み,irbank:2026/02,ランキング判定に利用,514.0,,
9837,モリト,プライム（内国株式）,卸売業,自動チェック完了,月次価格取得済み,財務取得済み,irbank:2026/02,ランキング判定に利用,1756.0,,
9842,アークランズ,プライム（内国株式）,小売業,自動チェック完了,月次価格取得済み,財務取得済み,irbank:2026/02,ランキング判定に利用,1892.0,,
9843,ニトリホールディングス,プライム（内国株式）,小売業,自動チェック完了,月次価格取得済み,財務取得済み,irbank:2026/03,ランキング判定に利用,2440.0,,
9845,パーカーコーポレーション,スタンダード（内国株式）,化学,自動チェック完了,月次価格取得済み,財務取得済み,irbank:2026/03,ランキング判定に利用,1355.0,,
9846,天満屋ストア,スタンダード（内国株式）,小売業,自動チェック完了,月次価格取得済み,財務取得済み,irbank:2026/02,ランキング判定に利用,989.0,,
9849,共同紙販ホールディングス,スタンダード（内国株式）,卸売業,自動チェック完了,月次価格取得済み,財務取得済み,irbank:2026/03,ランキング判定に利用,4455.0,,
9850,グルメ杵屋,プライム（内国株式）,小売業,自動チェック完了,月次価格取得済み,財務取得済み,irbank:2026/03,ランキング判定に利用,944.0,,
9853,銀座ルノアール,スタンダード（内国株式）,小売業,自動チェック完了,月次価格取得済み,財務取得済み,irbank:2026/03,ランキング判定に利用,900.0,,
9854,愛眼,スタンダード（内国株式）,小売業,自動チェック完了,月次価格取得済み,財務取得済み,irbank:2026/03,ランキング判定に利用,268.0,,
9856,ケーユーホールディングス,スタンダード（内国株式）,小売業,自動チェック完了,月次価格取得済み,財務取得済み,irbank:2026/03,ランキング判定に利用,1137.0,,
9857,英和,スタンダード（内国株式）,卸売業,自動チェック完了,月次価格取得済み,財務取得済み,irbank:2026/03,ランキング判定に利用,2407.0,,
9861,吉野家ホールディングス,プライム（内国株式）,小売業,自動チェック完了,月次価格取得済み,財務取得済み,irbank:2026/02,ランキング判定に利用,3060.0,,
9867,ソレキア,スタンダード（内国株式）,卸売業,自動チェック完了,月次価格取得済み,財務取得済み,irbank:2026/03,ランキング判定に利用,10190.0,,
9869,加藤産業,プライム（内国株式）,卸売業,自動チェック完了,月次価格取得済み,財務取得済み,irbank:2026/03,ランキング判定に利用,5930.0,,
9872,北恵,スタンダード（内国株式）,卸売業,自動チェック完了,月次価格取得済み,財務取得済み,irbank:2026/02,ランキング判定に利用,887.0,,
9876,コックス,スタンダード（内国株式）,小売業,自動チェック完了,月次価格取得済み,財務取得済み,irbank:2026/02,ランキング判定に利用,230.0,,
9878,セキド,スタンダード（内国株式）,小売業,自動チェック完了,月次価格取得済み,財務取得済み,irbank:2026/03,ランキング判定に利用,415.0,,
9880,イノテック,プライム（内国株式）,電気機器,自動チェック完了,月次価格取得済み,財務取得済み,irbank:2026/03,ランキング判定に利用,4130.0,,
9882,イエローハット,プライム（内国株式）,卸売業,自動チェック完了,月次価格取得済み,財務取得済み,irbank:2026/03,ランキング判定に利用,1763.0,,
9885,シャルレ,スタンダード（内国株式）,卸売業,自動チェック完了,月次価格取得済み,財務取得済み,irbank:2026/03,ランキング判定に利用,332.0,,
9887,松屋フーズホールディングス,プライム（内国株式）,小売業,自動チェック完了,月次価格取得済み,財務取得済み,irbank:2026/03,ランキング判定に利用,4630.0,,
9888,ＵＥＸ,スタンダード（内国株式）,卸売業,自動チェック完了,月次価格取得済み,財務取得済み,irbank:2026/03,ランキング判定に利用,970.0,,
9889,ＪＢＣＣホールディングス,プライム（内国株式）,情報・通信業,自動チェック完了,月次価格取得済み,財務取得済み,irbank:2026/03,ランキング判定に利用,1212.0,,
9890,マキヤ,スタンダード（内国株式）,小売業,自動チェック完了,月次価格取得済み,財務取得済み,irbank:2026/03,ランキング判定に利用,1291.0,,
9895,コンセック,スタンダード（内国株式）,卸売業,自動チェック完了,月次価格取得済み,財務取得済み,irbank:2026/03,ランキング判定に利用,1259.0,,
9896,ＪＫホールディングス,スタンダード（内国株式）,卸売業,自動チェック完了,月次価格取得済み,財務取得済み,irbank:2026/03,ランキング判定に利用,1423.0,,
9900,サガミホールディングス,プライム（内国株式）,小売業,自動チェック完了,月次価格取得済み,財務取得済み,irbank:2026/03,ランキング判定に利用,1613.0,,
9902,日伝,プライム（内国株式）,卸売業,自動チェック完了,月次価格取得済み,財務取得済み,irbank:2026/03,ランキング判定に利用,2553.0,,
9903,カンセキ,スタンダード（内国株式）,小売業,自動チェック完了,月次価格取得済み,財務取得済み,irbank:2026/02,ランキング判定に利用,896.0,,
9904,ベリテ,スタンダード（内国株式）,小売業,自動チェック完了,月次価格取得済み,財務取得済み,irbank:2026/03,ランキング判定に利用,219.0,,
9906,藤井産業,スタンダード（内国株式）,卸売業,自動チェック完了,月次価格取得済み,財務取得済み,irbank:2026/03,ランキング判定に利用,3955.0,,
9908,日本電計,スタンダード（内国株式）,卸売業,自動チェック完了,月次価格取得済み,財務取得済み,irbank:2026/03,ランキング判定に利用,2567.0,,
9913,日邦産業,スタンダード（内国株式）,卸売業,自動チェック完了,月次価格取得済み,財務取得済み,irbank:2026/03,ランキング判定に利用,3605.0,,
9914,植松商会,スタンダード（内国株式）,卸売業,自動チェック完了,月次価格取得済み,財務取得済み,irbank:2026/03,ランキング判定に利用,712.0,,
9927,ワットマン,スタンダード（内国株式）,小売業,自動チェック完了,月次価格取得済み,財務取得済み,irbank:2026/03,ランキング判定に利用,963.0,,
9928,ミロク情報サービス,プライム（内国株式）,情報・通信業,自動チェック完了,月次価格取得済み,財務取得済み,irbank:2026/03,ランキング判定に利用,1749.0,,
9929,平和紙業,スタンダード（内国株式）,卸売業,自動チェック完了,月次価格取得済み,財務取得済み,irbank:2026/03,ランキング判定に利用,464.0,,
9930,北沢産業,スタンダード（内国株式）,卸売業,自動チェック完了,月次価格取得済み,財務取得済み,irbank:2026/03,ランキング判定に利用,352.0,,
9932,杉本商事,プライム（内国株式）,卸売業,自動チェック完了,月次価格取得済み,財務取得済み,irbank:2026/03,ランキング判定に利用,1168.0,,
9934,因幡電機産業,プライム（内国株式）,卸売業,自動チェック完了,月次価格取得済み,財務取得済み,irbank:2026/03,ランキング判定に利用,2702.5,,
9936,王将フードサービス,プライム（内国株式）,小売業,自動チェック完了,月次価格取得済み,財務取得済み,irbank:2026/03,ランキング判定に利用,2808.0,,
9941,太洋物産,スタンダード（内国株式）,卸売業,自動チェック完了,月次価格取得済み,財務取得済み,irbank:2026/03,ランキング判定に利用,1270.0,,
9946,ミニストップ,プライム（内国株式）,小売業,自動チェック完了,月次価格取得済み,財務取得済み,irbank:2026/02,ランキング判定に利用,1803.0,,
9948,アークス,プライム（内国株式）,小売業,自動チェック完了,月次価格取得済み,財務取得済み,irbank:2026/02,ランキング判定に利用,3380.0,,
9950,ハチバン,スタンダード（内国株式）,小売業,自動チェック完了,月次価格取得済み,財務取得済み,irbank:2026/03,ランキング判定に利用,3410.0,,
9955,ヨンキュウ,スタンダード（内国株式）,卸売業,自動チェック完了,月次価格取得済み,財務取得済み,irbank:2026/03,ランキング判定に利用,2748.0,,
9956,バローホールディングス,プライム（内国株式）,小売業,自動チェック完了,月次価格取得済み,財務取得済み,irbank:2026/03,ランキング判定に利用,3795.0,,
9959,アシードホールディングス,スタンダード（内国株式）,小売業,自動チェック完了,月次価格取得済み,財務取得済み,irbank:2026/03,ランキング判定に利用,915.0,,
9960,東テク,プライム（内国株式）,卸売業,自動チェック完了,月次価格取得済み,財務取得済み,irbank:2026/03,ランキング判定に利用,4075.0,,
9962,ミスミグループ本社,プライム（内国株式）,卸売業,自動チェック完了,月次価格取得済み,財務取得済み,irbank:2026/03,ランキング判定に利用,3814.0,,
9969,ショクブン,スタンダード（内国株式）,小売業,自動チェック完了,月次価格取得済み,財務取得済み,irbank:2026/03,ランキング判定に利用,232.0,,
9972,アルテック,スタンダード（内国株式）,卸売業,自動チェック完了,月次価格取得済み,財務取得済み,irbank:2026/02,ランキング判定に利用,259.0,,
9973,ＫＯＺＯホールディングス,スタンダード（内国株式）,小売業,自動チェック完了,月次価格取得済み,財務取得済み,irbank:2026/03,ランキング判定に利用,20.0,,
9974,ベルク,プライム（内国株式）,小売業,自動チェック完了,月次価格取得済み,財務取得済み,irbank:2026/02,ランキング判定に利用,6370.0,,
9976,セキチュー,スタンダード（内国株式）,小売業,自動チェック完了,月次価格取得済み,財務取得済み,irbank:2026/05,ランキング判定に利用,1030.0,,
9978,文教堂グループホールディングス,スタンダード（内国株式）,小売業,自動チェック完了,月次価格取得済み,財務取得済み,irbank:2026/02,ランキング判定に利用,45.0,,
9979,大庄,スタンダード（内国株式）,小売業,自動チェック完了,月次価格取得済み,財務取得済み,irbank:2026/02,ランキング判定に利用,1069.0,,
9980,ＭＲＫホールディングス,スタンダード（内国株式）,小売業,自動チェック完了,月次価格取得済み,財務取得済み,irbank:2026/03,ランキング判定に利用,91.0,,
9982,タキヒヨー,スタンダード（内国株式）,卸売業,自動チェック完了,月次価格取得済み,財務取得済み,irbank:2026/02,ランキング判定に利用,2684.0,,
9983,ファーストリテイリング,プライム（内国株式）,小売業,補完チェック完了,月次価格取得済み,財務補完済み,completionEstimate,補完データでチャートと広域判定に利用,84070.0,,BPS、純資産、株数推定が不足
9984,ソフトバンクグループ,プライム（内国株式）,情報・通信業,補完チェック完了,月次価格取得済み,財務補完済み,completionEstimate,補完データでチャートと広域判定に利用,6226.0,,BPS、純資産、株数推定が不足
9986,蔵王産業,スタンダード（内国株式）,卸売業,自動チェック完了,月次価格取得済み,財務取得済み,irbank:2026/03,ランキング判定に利用,2448.0,,
9987,スズケン,プライム（内国株式）,卸売業,自動チェック完了,月次価格取得済み,財務取得済み,irbank:2026/03,ランキング判定に利用,4976.0,,
9989,サンドラッグ,プライム（内国株式）,小売業,自動チェック完了,月次価格取得済み,財務取得済み,irbank:2026/03,ランキング判定に利用,3807.0,,
9990,サックスバー　ホールディングス,プライム（内国株式）,小売業,自動チェック完了,月次価格取得済み,財務取得済み,irbank:2026/03,ランキング判定に利用,737.0,,
9991,ジェコス,プライム（内国株式）,卸売業,自動チェック完了,月次価格取得済み,財務取得済み,irbank:2026/03,ランキング判定に利用,1508.0,,
9993,ヤマザワ,スタンダード（内国株式）,小売業,自動チェック完了,月次価格取得済み,財務取得済み,irbank:2026/02,ランキング判定に利用,1179.0,,
9994,やまや,スタンダード（内国株式）,小売業,自動チェック完了,月次価格取得済み,財務取得済み,irbank:2026/03,ランキング判定に利用,2003.0,,
9996,サトー商会,スタンダード（内国株式）,卸売業,自動チェック完了,月次価格取得済み,財務取得済み,irbank:2026/03,ランキング判定に利用,1936.0,,
9997,ベルーナ,プライム（内国株式）,小売業,自動チェック完了,月次価格取得済み,財務取得済み,irbank:2026/03,ランキング判定に利用,946.0,,
